candidate_id,maneuver_id,scenario_id,scene_key,source_dataset,source_split,source_shard,record_index,split,decision_tier,dataset_role,merge_context_status,decision_relevance,num_meaningful_kfm_actions,archetype,keep_affordance,follow_affordance,merge_affordance,automatic_decision,automatic_reason,source_front_present
training_tfexample.tfrecord-00000-of-01000#0__t63__288_299,training_tfexample.tfrecord-00000-of-01000#0__t63__288_299,21fb0f7fd1ddda5,training_tfexample.tfrecord-00000-of-01000#0,WOMD,training,training_tfexample.tfrecord-00000-of-01000,0,training,B,SUPPORT,MERGE_CONTEXT_ELIGIBLE,LOW,1,WEAK_INTERACTION,LOW,LOW,MEDIUM,accept,,False
training_tfexample.tfrecord-00000-of-01000#6__t35__557_507,training_tfexample.tfrecord-00000-of-01000#6__t35__557_507,a6abaa10bf1dcc61,training_tfexample.tfrecord-00000-of-01000#6,WOMD,training,training_tfexample.tfrecord-00000-of-01000,6,training,A,CORE,MERGE_CONTEXT_ELIGIBLE,MEDIUM,2,FRONT_CONSTRAINED,MEDIUM,LOW,MEDIUM,accept,,False
training_tfexample.tfrecord-00000-of-01000#10__t36__654_648,training_tfexample.tfrecord-00000-of-01000#10__t36__654_648,7eb9b9c9e675c56b,training_tfexample.tfrecord-00000-of-01000#10,WOMD,training,training_tfexample.tfrecord-00000-of-01000,10,training,B,SUPPORT,MERGE_CONTEXT_ELIGIBLE,LOW,1,WEAK_INTERACTION,LOW,LOW,MEDIUM,accept,,False
training_tfexample.tfrecord-00000-of-01000#11__t18__341_473,training_tfexample.tfrecord-00000-of-01000#11__t18__341_473,e6377546c67f63da,training_tfexample.tfrecord-00000-of-01000#11,WOMD,training,training_tfexample.tfrecord-00000-of-01000,11,training,B,SUPPORT,MERGE_CONTEXT_ELIGIBLE,MEDIUM,1,SAFETY_CRITICAL_UNCERTAIN,LOW,LOW,HIGH,accept,,False
training_tfexample.tfrecord-00000-of-01000#20__t9__224_142,training_tfexample.tfrecord-00000-of-01000#20__t9__224_142,c15f5b39f3b2f5c2,training_tfexample.tfrecord-00000-of-01000#20,WOMD,training,training_tfexample.tfrecord-00000-of-01000,20,training,B,SUPPORT,MERGE_CONTEXT_ELIGIBLE,MEDIUM,1,SAFETY_CRITICAL_UNCERTAIN,LOW,LOW,HIGH,accept,,False
training_tfexample.tfrecord-00000-of-01000#23__t47__507_714,training_tfexample.tfrecord-00000-of-01000#23__t47__507_714,cf5a8016b0052a5,training_tfexample.tfrecord-00000-of-01000#23,WOMD,training,training_tfexample.tfrecord-00000-of-01000,23,training,B,SUPPORT,MERGE_CONTEXT_ELIGIBLE,MEDIUM,1,SAFETY_CRITICAL_UNCERTAIN,LOW,LOW,HIGH,accept,,False
training_tfexample.tfrecord-00000-of-01000#27__t33__393_369,training_tfexample.tfrecord-00000-of-01000#27__t33__393_369,a5435939ab6e7169,training_tfexample.tfrecord-00000-of-01000#27,WOMD,training,training_tfexample.tfrecord-00000-of-01000,27,training,A,CORE,MERGE_CONTEXT_ELIGIBLE,HIGH,2,SAFETY_CRITICAL_UNCERTAIN,LOW,HIGH,HIGH,accept,,False
training_tfexample.tfrecord-00000-of-01000#28__t79__103_98,training_tfexample.tfrecord-00000-of-01000#28__t79__103_98,ee0d348dd9770706,training_tfexample.tfrecord-00000-of-01000#28,WOMD,training,training_tfexample.tfrecord-00000-of-01000,28,training,A,CORE,MERGE_CONTEXT_ELIGIBLE,HIGH,2,SAFETY_CRITICAL_UNCERTAIN,LOW,HIGH,HIGH,accept,,False
training_tfexample.tfrecord-00000-of-01000#29__t45__236_311,training_tfexample.tfrecord-00000-of-01000#29__t45__236_311,400de1a620519a37,training_tfexample.tfrecord-00000-of-01000#29,WOMD,training,training_tfexample.tfrecord-00000-of-01000,29,training,B,SUPPORT,MERGE_CONTEXT_ELIGIBLE,LOW,1,WEAK_INTERACTION,LOW,LOW,MEDIUM,accept,,False
training_tfexample.tfrecord-00000-of-01000#37__t81__359_336,training_tfexample.tfrecord-00000-of-01000#37__t81__359_336,6ade3e54b6ab5cd6,training_tfexample.tfrecord-00000-of-01000#37,WOMD,training,training_tfexample.tfrecord-00000-of-01000,37,training,A,CORE,MERGE_CONTEXT_ELIGIBLE,HIGH,2,SAFETY_CRITICAL_UNCERTAIN,LOW,HIGH,HIGH,accept,,False
training_tfexample.tfrecord-00000-of-01000#39__t55__264_297,training_tfexample.tfrecord-00000-of-01000#39__t55__264_297,de97b0e4cfe8908b,training_tfexample.tfrecord-00000-of-01000#39,WOMD,training,training_tfexample.tfrecord-00000-of-01000,39,training,A,CORE,MERGE_CONTEXT_ELIGIBLE,MEDIUM,2,FRONT_CONSTRAINED,HIGH,LOW,MEDIUM,accept,,False
training_tfexample.tfrecord-00000-of-01000#40__t73__312_578,training_tfexample.tfrecord-00000-of-01000#40__t73__312_578,5cc909e7994e3d7f,training_tfexample.tfrecord-00000-of-01000#40,WOMD,training,training_tfexample.tfrecord-00000-of-01000,40,training,B,SUPPORT,MERGE_CONTEXT_ELIGIBLE,LOW,1,WEAK_INTERACTION,LOW,LOW,MEDIUM,accept,,False
training_tfexample.tfrecord-00000-of-01000#43__t55__409_338,training_tfexample.tfrecord-00000-of-01000#43__t55__409_338,a3eb1a8ea081092a,training_tfexample.tfrecord-00000-of-01000#43,WOMD,training,training_tfexample.tfrecord-00000-of-01000,43,training,A,CORE,MERGE_CONTEXT_ELIGIBLE,MEDIUM,2,FRONT_CONSTRAINED,MEDIUM,LOW,MEDIUM,accept,,False
training_tfexample.tfrecord-00000-of-01000#49__t17__206_214,training_tfexample.tfrecord-00000-of-01000#49__t17__206_214,6d291fb261986b35,training_tfexample.tfrecord-00000-of-01000#49,WOMD,training,training_tfexample.tfrecord-00000-of-01000,49,training,B,SUPPORT,MERGE_CONTEXT_ELIGIBLE,MEDIUM,1,SAFETY_CRITICAL_UNCERTAIN,LOW,LOW,HIGH,accept,,False
training_tfexample.tfrecord-00000-of-01000#55__t37__188_150,training_tfexample.tfrecord-00000-of-01000#55__t37__188_150,eadad2c90d13075f,training_tfexample.tfrecord-00000-of-01000#55,WOMD,training,training_tfexample.tfrecord-00000-of-01000,55,training,A,CORE,MERGE_CONTEXT_ELIGIBLE,HIGH,2,SAFETY_CRITICAL_UNCERTAIN,LOW,HIGH,HIGH,accept,,False
training_tfexample.tfrecord-00000-of-01000#55__t82__197_221,training_tfexample.tfrecord-00000-of-01000#55__t82__197_221,eadad2c90d13075f,training_tfexample.tfrecord-00000-of-01000#55,WOMD,training,training_tfexample.tfrecord-00000-of-01000,55,training,A,CORE,MERGE_CONTEXT_ELIGIBLE,HIGH,2,SAFETY_CRITICAL_UNCERTAIN,LOW,HIGH,HIGH,reject,gap_order_not_persistent,False
training_tfexample.tfrecord-00000-of-01000#57__t42__203_170,training_tfexample.tfrecord-00000-of-01000#57__t42__203_170,56588bd40f1aff4e,training_tfexample.tfrecord-00000-of-01000#57,WOMD,training,training_tfexample.tfrecord-00000-of-01000,57,training,B,SUPPORT,MERGE_CONTEXT_ELIGIBLE,MEDIUM,1,SAFETY_CRITICAL_UNCERTAIN,LOW,LOW,HIGH,accept,,False
training_tfexample.tfrecord-00000-of-01000#64__t56__88_93,training_tfexample.tfrecord-00000-of-01000#64__t56__88_93,4151aee484ae77b5,training_tfexample.tfrecord-00000-of-01000#64,WOMD,training,training_tfexample.tfrecord-00000-of-01000,64,training,B,SUPPORT,MERGE_CONTEXT_ELIGIBLE,MEDIUM,1,SAFETY_CRITICAL_UNCERTAIN,LOW,LOW,HIGH,accept,,False
training_tfexample.tfrecord-00000-of-01000#73__t16__352_362,training_tfexample.tfrecord-00000-of-01000#73__t16__352_362,9386224934a443df,training_tfexample.tfrecord-00000-of-01000#73,WOMD,training,training_tfexample.tfrecord-00000-of-01000,73,training,B,SUPPORT,MERGE_CONTEXT_ELIGIBLE,MEDIUM,1,FRONT_CONSTRAINED,LOW,LOW,HIGH,accept,,False
training_tfexample.tfrecord-00000-of-01000#80__t44__217_208,training_tfexample.tfrecord-00000-of-01000#80__t44__217_208,a30e6735b25c346d,training_tfexample.tfrecord-00000-of-01000#80,WOMD,training,training_tfexample.tfrecord-00000-of-01000,80,training,B,SUPPORT,MERGE_CONTEXT_ELIGIBLE,MEDIUM,1,SAFETY_CRITICAL_UNCERTAIN,LOW,LOW,HIGH,accept,,False
training_tfexample.tfrecord-00000-of-01000#86__t43__238_237,training_tfexample.tfrecord-00000-of-01000#86__t43__238_237,2e2e4e6ff2f5a3ab,training_tfexample.tfrecord-00000-of-01000#86,WOMD,training,training_tfexample.tfrecord-00000-of-01000,86,training,B,SUPPORT,MERGE_CONTEXT_ELIGIBLE,MEDIUM,1,SAFETY_CRITICAL_UNCERTAIN,LOW,LOW,HIGH,accept,,False
training_tfexample.tfrecord-00000-of-01000#92__t68__374_362,training_tfexample.tfrecord-00000-of-01000#92__t68__374_362,4dd3ff5f40878d45,training_tfexample.tfrecord-00000-of-01000#92,WOMD,training,training_tfexample.tfrecord-00000-of-01000,92,training,A,CORE,MERGE_CONTEXT_ELIGIBLE,HIGH,2,SAFETY_CRITICAL_UNCERTAIN,LOW,MEDIUM,HIGH,accept,,False
training_tfexample.tfrecord-00000-of-01000#93__t40__424_332,training_tfexample.tfrecord-00000-of-01000#93__t40__424_332,bc44c5c4c544cdc3,training_tfexample.tfrecord-00000-of-01000#93,WOMD,training,training_tfexample.tfrecord-00000-of-01000,93,training,A,CORE,MERGE_CONTEXT_ELIGIBLE,HIGH,3,BOTH_SIDES_CONSTRAINED,HIGH,HIGH,MEDIUM,accept,,False
training_tfexample.tfrecord-00000-of-01000#103__t36__417_359,training_tfexample.tfrecord-00000-of-01000#103__t36__417_359,207b2cf940c51c68,training_tfexample.tfrecord-00000-of-01000#103,WOMD,training,training_tfexample.tfrecord-00000-of-01000,103,training,B,SUPPORT,MERGE_CONTEXT_ELIGIBLE,MEDIUM,1,SAFETY_CRITICAL_UNCERTAIN,LOW,LOW,HIGH,accept,,False
training_tfexample.tfrecord-00000-of-01000#103__t81__785_797,training_tfexample.tfrecord-00000-of-01000#103__t81__785_797,207b2cf940c51c68,training_tfexample.tfrecord-00000-of-01000#103,WOMD,training,training_tfexample.tfrecord-00000-of-01000,103,training,A,CORE,MERGE_CONTEXT_ELIGIBLE,HIGH,2,BOTH_SIDES_CONSTRAINED,LOW,HIGH,HIGH,reject,gap_order_not_persistent,False
training_tfexample.tfrecord-00000-of-01000#111__t77__324_344,training_tfexample.tfrecord-00000-of-01000#111__t77__324_344,40a34bc81ceea8bf,training_tfexample.tfrecord-00000-of-01000#111,WOMD,training,training_tfexample.tfrecord-00000-of-01000,111,training,A,CORE,MERGE_CONTEXT_ELIGIBLE,HIGH,2,BOTH_SIDES_CONSTRAINED,LOW,HIGH,HIGH,accept,,False
training_tfexample.tfrecord-00000-of-01000#112__t54__307_325,training_tfexample.tfrecord-00000-of-01000#112__t54__307_325,331c46ba47940d5c,training_tfexample.tfrecord-00000-of-01000#112,WOMD,training,training_tfexample.tfrecord-00000-of-01000,112,training,A,CORE,MERGE_CONTEXT_ELIGIBLE,HIGH,2,BOTH_SIDES_CONSTRAINED,LOW,MEDIUM,HIGH,accept,,False
training_tfexample.tfrecord-00000-of-01000#113__t37__186_174,training_tfexample.tfrecord-00000-of-01000#113__t37__186_174,15541cd93bc54bc4,training_tfexample.tfrecord-00000-of-01000#113,WOMD,training,training_tfexample.tfrecord-00000-of-01000,113,training,A,CORE,MERGE_CONTEXT_ELIGIBLE,HIGH,2,SAFETY_CRITICAL_UNCERTAIN,LOW,HIGH,HIGH,accept,,False
training_tfexample.tfrecord-00000-of-01000#115__t26__636_652,training_tfexample.tfrecord-00000-of-01000#115__t26__636_652,bbc5164348d0f5f5,training_tfexample.tfrecord-00000-of-01000#115,WOMD,training,training_tfexample.tfrecord-00000-of-01000,115,training,A,CORE,MERGE_CONTEXT_ELIGIBLE,HIGH,2,BOTH_SIDES_CONSTRAINED,LOW,HIGH,HIGH,accept,,False
training_tfexample.tfrecord-00000-of-01000#117__t75__132_394,training_tfexample.tfrecord-00000-of-01000#117__t75__132_394,183ebb377801be36,training_tfexample.tfrecord-00000-of-01000#117,WOMD,training,training_tfexample.tfrecord-00000-of-01000,117,training,A,CORE,MERGE_CONTEXT_ELIGIBLE,HIGH,2,SAFETY_CRITICAL_UNCERTAIN,LOW,HIGH,HIGH,accept,,False
training_tfexample.tfrecord-00000-of-01000#119__t14__837_877,training_tfexample.tfrecord-00000-of-01000#119__t14__837_877,67fe1b40542c58cb,training_tfexample.tfrecord-00000-of-01000#119,WOMD,training,training_tfexample.tfrecord-00000-of-01000,119,training,B,SUPPORT,MERGE_CONTEXT_ELIGIBLE,MEDIUM,1,FRONT_CONSTRAINED,LOW,LOW,HIGH,accept,,False
training_tfexample.tfrecord-00000-of-01000#135__t53__267_279,training_tfexample.tfrecord-00000-of-01000#135__t53__267_279,a88ad2dae592108d,training_tfexample.tfrecord-00000-of-01000#135,WOMD,training,training_tfexample.tfrecord-00000-of-01000,135,training,B,SUPPORT,MERGE_CONTEXT_ELIGIBLE,MEDIUM,1,SAFETY_CRITICAL_UNCERTAIN,LOW,LOW,HIGH,accept,,False
training_tfexample.tfrecord-00000-of-01000#143__t57__185_188,training_tfexample.tfrecord-00000-of-01000#143__t57__185_188,b56d5db4d58668c3,training_tfexample.tfrecord-00000-of-01000#143,WOMD,training,training_tfexample.tfrecord-00000-of-01000,143,training,A,CORE,MERGE_CONTEXT_ELIGIBLE,HIGH,2,SAFETY_CRITICAL_UNCERTAIN,LOW,HIGH,HIGH,accept,,False
training_tfexample.tfrecord-00000-of-01000#145__t30__288_260,training_tfexample.tfrecord-00000-of-01000#145__t30__288_260,ef697e9dbbbde622,training_tfexample.tfrecord-00000-of-01000#145,WOMD,training,training_tfexample.tfrecord-00000-of-01000,145,training,A,CORE,MERGE_CONTEXT_ELIGIBLE,HIGH,2,SAFETY_CRITICAL_UNCERTAIN,LOW,HIGH,HIGH,accept,,False
training_tfexample.tfrecord-00000-of-01000#157__t28__290_340,training_tfexample.tfrecord-00000-of-01000#157__t28__290_340,491f0f10c555afbc,training_tfexample.tfrecord-00000-of-01000#157,WOMD,training,training_tfexample.tfrecord-00000-of-01000,157,training,A,CORE,MERGE_CONTEXT_ELIGIBLE,HIGH,2,SAFETY_CRITICAL_UNCERTAIN,LOW,MEDIUM,HIGH,accept,,False
training_tfexample.tfrecord-00000-of-01000#161__t86__432_426,training_tfexample.tfrecord-00000-of-01000#161__t86__432_426,d5accebbbcc9381a,training_tfexample.tfrecord-00000-of-01000#161,WOMD,training,training_tfexample.tfrecord-00000-of-01000,161,training,B,SUPPORT,MERGE_CONTEXT_ELIGIBLE,LOW,1,WEAK_INTERACTION,LOW,LOW,MEDIUM,accept,,False
training_tfexample.tfrecord-00000-of-01000#162__t39__337_312,training_tfexample.tfrecord-00000-of-01000#162__t39__337_312,21e65e24cb10dcdb,training_tfexample.tfrecord-00000-of-01000#162,WOMD,training,training_tfexample.tfrecord-00000-of-01000,162,training,A,CORE,MERGE_CONTEXT_ELIGIBLE,HIGH,3,BOTH_SIDES_CONSTRAINED,MEDIUM,MEDIUM,MEDIUM,accept,,False
training_tfexample.tfrecord-00000-of-01000#172__t53__50_43,training_tfexample.tfrecord-00000-of-01000#172__t53__50_43,984750575dd44595,training_tfexample.tfrecord-00000-of-01000#172,WOMD,training,training_tfexample.tfrecord-00000-of-01000,172,training,B,SUPPORT,MERGE_CONTEXT_ELIGIBLE,MEDIUM,1,FRONT_CONSTRAINED,LOW,LOW,MEDIUM,accept,,False
training_tfexample.tfrecord-00000-of-01000#174__t76__277_274,training_tfexample.tfrecord-00000-of-01000#174__t76__277_274,1015c83c97b07c24,training_tfexample.tfrecord-00000-of-01000#174,WOMD,training,training_tfexample.tfrecord-00000-of-01000,174,training,A,CORE,MERGE_CONTEXT_ELIGIBLE,MEDIUM,2,FRONT_CONSTRAINED,MEDIUM,LOW,MEDIUM,accept,,False
training_tfexample.tfrecord-00000-of-01000#177__t46__225_224,training_tfexample.tfrecord-00000-of-01000#177__t46__225_224,250127b8a613247e,training_tfexample.tfrecord-00000-of-01000#177,WOMD,training,training_tfexample.tfrecord-00000-of-01000,177,training,B,SUPPORT,MERGE_CONTEXT_ELIGIBLE,MEDIUM,1,FRONT_CONSTRAINED,LOW,LOW,HIGH,accept,,False
training_tfexample.tfrecord-00000-of-01000#185__t8__340_357,training_tfexample.tfrecord-00000-of-01000#185__t8__340_357,aeb8e3e18e3b2498,training_tfexample.tfrecord-00000-of-01000#185,WOMD,training,training_tfexample.tfrecord-00000-of-01000,185,training,B,SUPPORT,MERGE_CONTEXT_ELIGIBLE,MEDIUM,1,FRONT_CONSTRAINED,LOW,LOW,HIGH,accept,,False
training_tfexample.tfrecord-00000-of-01000#188__t75__498_500,training_tfexample.tfrecord-00000-of-01000#188__t75__498_500,3a16b6fc0958365e,training_tfexample.tfrecord-00000-of-01000#188,WOMD,training,training_tfexample.tfrecord-00000-of-01000,188,training,A,CORE,MERGE_CONTEXT_ELIGIBLE,HIGH,2,SAFETY_CRITICAL_UNCERTAIN,LOW,HIGH,HIGH,accept,,False
training_tfexample.tfrecord-00000-of-01000#192__t33__138_280,training_tfexample.tfrecord-00000-of-01000#192__t33__138_280,ef9cb26eacbfb334,training_tfexample.tfrecord-00000-of-01000#192,WOMD,training,training_tfexample.tfrecord-00000-of-01000,192,training,A,CORE,MERGE_CONTEXT_ELIGIBLE,MEDIUM,2,WEAK_INTERACTION,MEDIUM,LOW,MEDIUM,accept,,False
training_tfexample.tfrecord-00000-of-01000#201__t24__292_283,training_tfexample.tfrecord-00000-of-01000#201__t24__292_283,c818ac0e702a4eeb,training_tfexample.tfrecord-00000-of-01000#201,WOMD,training,training_tfexample.tfrecord-00000-of-01000,201,training,B,SUPPORT,MERGE_CONTEXT_ELIGIBLE,LOW,1,WEAK_INTERACTION,LOW,LOW,MEDIUM,accept,,False
training_tfexample.tfrecord-00000-of-01000#204__t7__312_297,training_tfexample.tfrecord-00000-of-01000#204__t7__312_297,181d02a5475cf9fb,training_tfexample.tfrecord-00000-of-01000#204,WOMD,training,training_tfexample.tfrecord-00000-of-01000,204,training,A,CORE,MERGE_CONTEXT_ELIGIBLE,HIGH,2,SAFETY_CRITICAL_UNCERTAIN,LOW,HIGH,HIGH,accept,,False
training_tfexample.tfrecord-00000-of-01000#210__t33__143_140,training_tfexample.tfrecord-00000-of-01000#210__t33__143_140,22e75441760df3f2,training_tfexample.tfrecord-00000-of-01000#210,WOMD,training,training_tfexample.tfrecord-00000-of-01000,210,training,B,SUPPORT,MERGE_CONTEXT_ELIGIBLE,MEDIUM,1,SAFETY_CRITICAL_UNCERTAIN,LOW,LOW,HIGH,accept,,False
training_tfexample.tfrecord-00000-of-01000#222__t48__145_138,training_tfexample.tfrecord-00000-of-01000#222__t48__145_138,1c4b2504ec6cfd16,training_tfexample.tfrecord-00000-of-01000#222,WOMD,training,training_tfexample.tfrecord-00000-of-01000,222,training,A,CORE,MERGE_CONTEXT_ELIGIBLE,MEDIUM,2,WEAK_INTERACTION,HIGH,LOW,MEDIUM,accept,,False
training_tfexample.tfrecord-00000-of-01000#225__t69__235_238,training_tfexample.tfrecord-00000-of-01000#225__t69__235_238,c07367f0c4401b82,training_tfexample.tfrecord-00000-of-01000#225,WOMD,training,training_tfexample.tfrecord-00000-of-01000,225,training,B,SUPPORT,MERGE_CONTEXT_ELIGIBLE,MEDIUM,1,FRONT_CONSTRAINED,LOW,LOW,HIGH,accept,,False
training_tfexample.tfrecord-00000-of-01000#229__t7__441_417,training_tfexample.tfrecord-00000-of-01000#229__t7__441_417,1fded3ea2df04f4d,training_tfexample.tfrecord-00000-of-01000#229,WOMD,training,training_tfexample.tfrecord-00000-of-01000,229,training,B,SUPPORT,MERGE_CONTEXT_ELIGIBLE,MEDIUM,1,SAFETY_CRITICAL_UNCERTAIN,LOW,LOW,HIGH,accept,,False
training_tfexample.tfrecord-00000-of-01000#229__t79__279_276,training_tfexample.tfrecord-00000-of-01000#229__t79__279_276,1fded3ea2df04f4d,training_tfexample.tfrecord-00000-of-01000#229,WOMD,training,training_tfexample.tfrecord-00000-of-01000,229,training,A,CORE,MERGE_CONTEXT_ELIGIBLE,HIGH,2,BOTH_SIDES_CONSTRAINED,LOW,HIGH,HIGH,accept,,False
training_tfexample.tfrecord-00000-of-01000#236__t10__303_305,training_tfexample.tfrecord-00000-of-01000#236__t10__303_305,2fe3fa0118547eb6,training_tfexample.tfrecord-00000-of-01000#236,WOMD,training,training_tfexample.tfrecord-00000-of-01000,236,training,B,SUPPORT,MERGE_CONTEXT_ELIGIBLE,MEDIUM,1,SAFETY_CRITICAL_UNCERTAIN,LOW,LOW,HIGH,accept,,False
training_tfexample.tfrecord-00000-of-01000#247__t79__352_351,training_tfexample.tfrecord-00000-of-01000#247__t79__352_351,a02d3286165d9036,training_tfexample.tfrecord-00000-of-01000#247,WOMD,training,training_tfexample.tfrecord-00000-of-01000,247,training,B,SUPPORT,MERGE_CONTEXT_ELIGIBLE,MEDIUM,1,FRONT_CONSTRAINED,LOW,LOW,HIGH,accept,,False
training_tfexample.tfrecord-00000-of-01000#262__t35__497_507,training_tfexample.tfrecord-00000-of-01000#262__t35__497_507,aa9e39815823fd01,training_tfexample.tfrecord-00000-of-01000#262,WOMD,training,training_tfexample.tfrecord-00000-of-01000,262,training,B,SUPPORT,MERGE_CONTEXT_ELIGIBLE,LOW,1,WEAK_INTERACTION,LOW,LOW,MEDIUM,accept,,False
training_tfexample.tfrecord-00000-of-01000#267__t58__134_131,training_tfexample.tfrecord-00000-of-01000#267__t58__134_131,a686cd626a4b37ef,training_tfexample.tfrecord-00000-of-01000#267,WOMD,training,training_tfexample.tfrecord-00000-of-01000,267,training,A,CORE,MERGE_CONTEXT_ELIGIBLE,MEDIUM,2,FRONT_CONSTRAINED,HIGH,LOW,MEDIUM,accept,,False
training_tfexample.tfrecord-00000-of-01000#272__t43__159_162,training_tfexample.tfrecord-00000-of-01000#272__t43__159_162,9f428b7a5efe8696,training_tfexample.tfrecord-00000-of-01000#272,WOMD,training,training_tfexample.tfrecord-00000-of-01000,272,training,B,SUPPORT,MERGE_CONTEXT_ELIGIBLE,MEDIUM,1,SAFETY_CRITICAL_UNCERTAIN,LOW,LOW,HIGH,accept,,False
training_tfexample.tfrecord-00000-of-01000#273__t87__301_265,training_tfexample.tfrecord-00000-of-01000#273__t87__301_265,676e1eea419b59af,training_tfexample.tfrecord-00000-of-01000#273,WOMD,training,training_tfexample.tfrecord-00000-of-01000,273,training,B,SUPPORT,MERGE_CONTEXT_ELIGIBLE,MEDIUM,1,SAFETY_CRITICAL_UNCERTAIN,LOW,LOW,HIGH,reject,target_not_stable,False
training_tfexample.tfrecord-00000-of-01000#280__t85__110_127,training_tfexample.tfrecord-00000-of-01000#280__t85__110_127,a73b3e7ba09ad304,training_tfexample.tfrecord-00000-of-01000#280,WOMD,training,training_tfexample.tfrecord-00000-of-01000,280,training,A,CORE,MERGE_CONTEXT_ELIGIBLE,HIGH,3,BOTH_SIDES_CONSTRAINED,MEDIUM,HIGH,MEDIUM,accept,,False
training_tfexample.tfrecord-00000-of-01000#284__t85__94_80,training_tfexample.tfrecord-00000-of-01000#284__t85__94_80,6683713f5c715d5e,training_tfexample.tfrecord-00000-of-01000#284,WOMD,training,training_tfexample.tfrecord-00000-of-01000,284,training,A,CORE,MERGE_CONTEXT_ELIGIBLE,HIGH,2,SAFETY_CRITICAL_UNCERTAIN,LOW,HIGH,HIGH,accept,,False
training_tfexample.tfrecord-00000-of-01000#287__t90__524_565,training_tfexample.tfrecord-00000-of-01000#287__t90__524_565,6deccafacb385f29,training_tfexample.tfrecord-00000-of-01000#287,WOMD,training,training_tfexample.tfrecord-00000-of-01000,287,training,B,SUPPORT,MERGE_CONTEXT_ELIGIBLE,MEDIUM,1,BOTH_SIDES_CONSTRAINED,LOW,LOW,HIGH,reject,target_not_stable,False
training_tfexample.tfrecord-00000-of-01000#295__t57__208_203,training_tfexample.tfrecord-00000-of-01000#295__t57__208_203,38452928db4b594,training_tfexample.tfrecord-00000-of-01000#295,WOMD,training,training_tfexample.tfrecord-00000-of-01000,295,training,A,CORE,MERGE_CONTEXT_ELIGIBLE,MEDIUM,2,FRONT_CONSTRAINED,MEDIUM,LOW,MEDIUM,accept,,False
training_tfexample.tfrecord-00000-of-01000#303__t43__202_120,training_tfexample.tfrecord-00000-of-01000#303__t43__202_120,8483823ddaf2e787,training_tfexample.tfrecord-00000-of-01000#303,WOMD,training,training_tfexample.tfrecord-00000-of-01000,303,training,A,CORE,MERGE_CONTEXT_ELIGIBLE,HIGH,2,BOTH_SIDES_CONSTRAINED,LOW,HIGH,HIGH,accept,,False
training_tfexample.tfrecord-00000-of-01000#315__t48__194_200,training_tfexample.tfrecord-00000-of-01000#315__t48__194_200,a63c9db0a531da08,training_tfexample.tfrecord-00000-of-01000#315,WOMD,training,training_tfexample.tfrecord-00000-of-01000,315,training,A,CORE,MERGE_CONTEXT_ELIGIBLE,HIGH,2,SAFETY_CRITICAL_UNCERTAIN,LOW,HIGH,HIGH,accept,,False
training_tfexample.tfrecord-00000-of-01000#322__t35__543_530,training_tfexample.tfrecord-00000-of-01000#322__t35__543_530,e9025fbd1c2a7daa,training_tfexample.tfrecord-00000-of-01000#322,WOMD,training,training_tfexample.tfrecord-00000-of-01000,322,training,A,CORE,MERGE_CONTEXT_ELIGIBLE,MEDIUM,2,WEAK_INTERACTION,MEDIUM,LOW,MEDIUM,accept,,False
training_tfexample.tfrecord-00000-of-01000#325__t80__368_347,training_tfexample.tfrecord-00000-of-01000#325__t80__368_347,ba6f8268873f2fb4,training_tfexample.tfrecord-00000-of-01000#325,WOMD,training,training_tfexample.tfrecord-00000-of-01000,325,training,A,CORE,MERGE_CONTEXT_ELIGIBLE,MEDIUM,2,FRONT_CONSTRAINED,MEDIUM,LOW,MEDIUM,accept,,False
training_tfexample.tfrecord-00000-of-01000#330__t45__150_96,training_tfexample.tfrecord-00000-of-01000#330__t45__150_96,60eabc9f265b5fb5,training_tfexample.tfrecord-00000-of-01000#330,WOMD,training,training_tfexample.tfrecord-00000-of-01000,330,training,B,SUPPORT,MERGE_CONTEXT_ELIGIBLE,MEDIUM,1,SAFETY_CRITICAL_UNCERTAIN,LOW,LOW,HIGH,accept,,False
training_tfexample.tfrecord-00000-of-01000#341__t8__418_419,training_tfexample.tfrecord-00000-of-01000#341__t8__418_419,3edbd53c44a130aa,training_tfexample.tfrecord-00000-of-01000#341,WOMD,training,training_tfexample.tfrecord-00000-of-01000,341,training,B,SUPPORT,MERGE_CONTEXT_ELIGIBLE,MEDIUM,1,SAFETY_CRITICAL_UNCERTAIN,LOW,LOW,HIGH,accept,,False
training_tfexample.tfrecord-00000-of-01000#346__t37__154_158,training_tfexample.tfrecord-00000-of-01000#346__t37__154_158,5864c11737eab6c9,training_tfexample.tfrecord-00000-of-01000#346,WOMD,training,training_tfexample.tfrecord-00000-of-01000,346,training,B,SUPPORT,MERGE_CONTEXT_ELIGIBLE,MEDIUM,1,SAFETY_CRITICAL_UNCERTAIN,LOW,LOW,HIGH,accept,,False
training_tfexample.tfrecord-00000-of-01000#352__t20__472_481,training_tfexample.tfrecord-00000-of-01000#352__t20__472_481,d1f7ac76154b72b2,training_tfexample.tfrecord-00000-of-01000#352,WOMD,training,training_tfexample.tfrecord-00000-of-01000,352,training,B,SUPPORT,MERGE_CONTEXT_ELIGIBLE,MEDIUM,1,FRONT_CONSTRAINED,LOW,LOW,MEDIUM,accept,,False
training_tfexample.tfrecord-00000-of-01000#354__t50__139_129,training_tfexample.tfrecord-00000-of-01000#354__t50__139_129,dfd8995b6873bfa6,training_tfexample.tfrecord-00000-of-01000#354,WOMD,training,training_tfexample.tfrecord-00000-of-01000,354,training,B,SUPPORT,MERGE_CONTEXT_ELIGIBLE,MEDIUM,1,SAFETY_CRITICAL_UNCERTAIN,LOW,LOW,HIGH,accept,,False
training_tfexample.tfrecord-00000-of-01000#357__t79__147_155,training_tfexample.tfrecord-00000-of-01000#357__t79__147_155,c6f034329e42d631,training_tfexample.tfrecord-00000-of-01000#357,WOMD,training,training_tfexample.tfrecord-00000-of-01000,357,training,A,CORE,MERGE_CONTEXT_ELIGIBLE,MEDIUM,2,WEAK_INTERACTION,MEDIUM,LOW,MEDIUM,accept,,False
training_tfexample.tfrecord-00000-of-01000#359__t26__426_450,training_tfexample.tfrecord-00000-of-01000#359__t26__426_450,735494edafc16402,training_tfexample.tfrecord-00000-of-01000#359,WOMD,training,training_tfexample.tfrecord-00000-of-01000,359,training,A,CORE,MERGE_CONTEXT_ELIGIBLE,HIGH,2,SAFETY_CRITICAL_UNCERTAIN,LOW,HIGH,HIGH,accept,,False
training_tfexample.tfrecord-00000-of-01000#360__t59__165_167,training_tfexample.tfrecord-00000-of-01000#360__t59__165_167,6925e4108afb988b,training_tfexample.tfrecord-00000-of-01000#360,WOMD,training,training_tfexample.tfrecord-00000-of-01000,360,training,A,CORE,MERGE_CONTEXT_ELIGIBLE,HIGH,2,BOTH_SIDES_CONSTRAINED,LOW,HIGH,HIGH,accept,,False
training_tfexample.tfrecord-00000-of-01000#361__t43__162_223,training_tfexample.tfrecord-00000-of-01000#361__t43__162_223,5d5b079b0595d8bd,training_tfexample.tfrecord-00000-of-01000#361,WOMD,training,training_tfexample.tfrecord-00000-of-01000,361,training,A,CORE,MERGE_CONTEXT_ELIGIBLE,HIGH,2,SAFETY_CRITICAL_UNCERTAIN,LOW,HIGH,HIGH,accept,,False
training_tfexample.tfrecord-00000-of-01000#366__t65__136_162,training_tfexample.tfrecord-00000-of-01000#366__t65__136_162,2e2910ff6396a725,training_tfexample.tfrecord-00000-of-01000#366,WOMD,training,training_tfexample.tfrecord-00000-of-01000,366,training,B,SUPPORT,MERGE_CONTEXT_ELIGIBLE,MEDIUM,1,SAFETY_CRITICAL_UNCERTAIN,LOW,LOW,HIGH,accept,,False
training_tfexample.tfrecord-00000-of-01000#367__t8__349_350,training_tfexample.tfrecord-00000-of-01000#367__t8__349_350,5ec27f403882011,training_tfexample.tfrecord-00000-of-01000#367,WOMD,training,training_tfexample.tfrecord-00000-of-01000,367,training,A,CORE,MERGE_CONTEXT_ELIGIBLE,HIGH,2,SAFETY_CRITICAL_UNCERTAIN,LOW,HIGH,HIGH,accept,,False
training_tfexample.tfrecord-00000-of-01000#371__t53__272_276,training_tfexample.tfrecord-00000-of-01000#371__t53__272_276,150c89626bc7472,training_tfexample.tfrecord-00000-of-01000#371,WOMD,training,training_tfexample.tfrecord-00000-of-01000,371,training,A,CORE,MERGE_CONTEXT_ELIGIBLE,HIGH,2,SAFETY_CRITICAL_UNCERTAIN,LOW,HIGH,HIGH,accept,,True
training_tfexample.tfrecord-00000-of-01000#371__t70__281_290,training_tfexample.tfrecord-00000-of-01000#371__t70__281_290,150c89626bc7472,training_tfexample.tfrecord-00000-of-01000#371,WOMD,training,training_tfexample.tfrecord-00000-of-01000,371,training,B,SUPPORT,MERGE_CONTEXT_ELIGIBLE,MEDIUM,1,SAFETY_CRITICAL_UNCERTAIN,LOW,LOW,HIGH,accept,,False
training_tfexample.tfrecord-00000-of-01000#372__t15__804_888,training_tfexample.tfrecord-00000-of-01000#372__t15__804_888,484266746cbc64c6,training_tfexample.tfrecord-00000-of-01000#372,WOMD,training,training_tfexample.tfrecord-00000-of-01000,372,training,B,SUPPORT,MERGE_CONTEXT_ELIGIBLE,MEDIUM,1,FRONT_CONSTRAINED,LOW,LOW,MEDIUM,accept,,False
training_tfexample.tfrecord-00000-of-01000#378__t18__237_456,training_tfexample.tfrecord-00000-of-01000#378__t18__237_456,3abaff342f9187fa,training_tfexample.tfrecord-00000-of-01000#378,WOMD,training,training_tfexample.tfrecord-00000-of-01000,378,training,B,SUPPORT,MERGE_CONTEXT_ELIGIBLE,MEDIUM,1,SAFETY_CRITICAL_UNCERTAIN,LOW,LOW,HIGH,accept,,False
training_tfexample.tfrecord-00000-of-01000#382__t46__295_289,training_tfexample.tfrecord-00000-of-01000#382__t46__295_289,415edafc80bf8f13,training_tfexample.tfrecord-00000-of-01000#382,WOMD,training,training_tfexample.tfrecord-00000-of-01000,382,training,A,CORE,MERGE_CONTEXT_ELIGIBLE,MEDIUM,2,FRONT_CONSTRAINED,MEDIUM,LOW,MEDIUM,accept,,False
training_tfexample.tfrecord-00000-of-01000#389__t50__88_93,training_tfexample.tfrecord-00000-of-01000#389__t50__88_93,d8c3cce7f26c5257,training_tfexample.tfrecord-00000-of-01000#389,WOMD,training,training_tfexample.tfrecord-00000-of-01000,389,training,A,CORE,MERGE_CONTEXT_ELIGIBLE,HIGH,3,BOTH_SIDES_CONSTRAINED,HIGH,HIGH,MEDIUM,accept,,False
training_tfexample.tfrecord-00000-of-01000#390__t37__347_346,training_tfexample.tfrecord-00000-of-01000#390__t37__347_346,7d48e81d8d6293ad,training_tfexample.tfrecord-00000-of-01000#390,WOMD,training,training_tfexample.tfrecord-00000-of-01000,390,training,B,SUPPORT,MERGE_CONTEXT_ELIGIBLE,MEDIUM,1,SAFETY_CRITICAL_UNCERTAIN,LOW,LOW,HIGH,accept,,False
training_tfexample.tfrecord-00000-of-01000#392__t26__138_283,training_tfexample.tfrecord-00000-of-01000#392__t26__138_283,8711fa3e78608861,training_tfexample.tfrecord-00000-of-01000#392,WOMD,training,training_tfexample.tfrecord-00000-of-01000,392,training,B,SUPPORT,MERGE_CONTEXT_ELIGIBLE,MEDIUM,1,SAFETY_CRITICAL_UNCERTAIN,LOW,LOW,HIGH,accept,,False
training_tfexample.tfrecord-00000-of-01000#396__t13__420_385,training_tfexample.tfrecord-00000-of-01000#396__t13__420_385,4ff0ca658c27258b,training_tfexample.tfrecord-00000-of-01000#396,WOMD,training,training_tfexample.tfrecord-00000-of-01000,396,training,B,SUPPORT,MERGE_CONTEXT_ELIGIBLE,MEDIUM,1,SAFETY_CRITICAL_UNCERTAIN,LOW,LOW,HIGH,accept,,False
training_tfexample.tfrecord-00000-of-01000#397__t16__404_405,training_tfexample.tfrecord-00000-of-01000#397__t16__404_405,4b2554869658f346,training_tfexample.tfrecord-00000-of-01000#397,WOMD,training,training_tfexample.tfrecord-00000-of-01000,397,training,B,SUPPORT,MERGE_CONTEXT_ELIGIBLE,MEDIUM,1,SAFETY_CRITICAL_UNCERTAIN,LOW,LOW,HIGH,accept,,False
training_tfexample.tfrecord-00000-of-01000#398__t45__313_311,training_tfexample.tfrecord-00000-of-01000#398__t45__313_311,b9ffd34551356cf8,training_tfexample.tfrecord-00000-of-01000#398,WOMD,training,training_tfexample.tfrecord-00000-of-01000,398,training,A,CORE,MERGE_CONTEXT_ELIGIBLE,HIGH,2,BOTH_SIDES_CONSTRAINED,LOW,HIGH,HIGH,accept,,False
training_tfexample.tfrecord-00000-of-01000#400__t69__210_205,training_tfexample.tfrecord-00000-of-01000#400__t69__210_205,b5dc220b697c21cb,training_tfexample.tfrecord-00000-of-01000#400,WOMD,training,training_tfexample.tfrecord-00000-of-01000,400,training,B,SUPPORT,MERGE_CONTEXT_ELIGIBLE,MEDIUM,1,FRONT_CONSTRAINED,LOW,LOW,HIGH,accept,,False
training_tfexample.tfrecord-00000-of-01000#402__t54__407_662,training_tfexample.tfrecord-00000-of-01000#402__t54__407_662,607dfd09905f7fbc,training_tfexample.tfrecord-00000-of-01000#402,WOMD,training,training_tfexample.tfrecord-00000-of-01000,402,training,A,CORE,MERGE_CONTEXT_ELIGIBLE,HIGH,2,BOTH_SIDES_CONSTRAINED,LOW,MEDIUM,HIGH,accept,,False
training_tfexample.tfrecord-00000-of-01000#413__t53__243_264,training_tfexample.tfrecord-00000-of-01000#413__t53__243_264,552f2d8dc4118c29,training_tfexample.tfrecord-00000-of-01000#413,WOMD,training,training_tfexample.tfrecord-00000-of-01000,413,training,A,CORE,MERGE_CONTEXT_ELIGIBLE,HIGH,3,BOTH_SIDES_CONSTRAINED,MEDIUM,HIGH,MEDIUM,accept,,False
training_tfexample.tfrecord-00000-of-01000#415__t84__1101_1277,training_tfexample.tfrecord-00000-of-01000#415__t84__1101_1277,27aaeb4e00ce16d9,training_tfexample.tfrecord-00000-of-01000#415,WOMD,training,training_tfexample.tfrecord-00000-of-01000,415,training,A,CORE,MERGE_CONTEXT_ELIGIBLE,MEDIUM,2,WEAK_INTERACTION,MEDIUM,LOW,MEDIUM,accept,,False
training_tfexample.tfrecord-00000-of-01000#426__t49__322_310,training_tfexample.tfrecord-00000-of-01000#426__t49__322_310,e38730d26e3ec003,training_tfexample.tfrecord-00000-of-01000#426,WOMD,training,training_tfexample.tfrecord-00000-of-01000,426,training,B,SUPPORT,MERGE_CONTEXT_ELIGIBLE,MEDIUM,1,SAFETY_CRITICAL_UNCERTAIN,LOW,LOW,HIGH,accept,,False
training_tfexample.tfrecord-00000-of-01000#434__t20__241_240,training_tfexample.tfrecord-00000-of-01000#434__t20__241_240,e51133a99ea36754,training_tfexample.tfrecord-00000-of-01000#434,WOMD,training,training_tfexample.tfrecord-00000-of-01000,434,training,A,CORE,MERGE_CONTEXT_ELIGIBLE,HIGH,2,SAFETY_CRITICAL_UNCERTAIN,LOW,HIGH,HIGH,accept,,False
training_tfexample.tfrecord-00000-of-01000#434__t56__333_311,training_tfexample.tfrecord-00000-of-01000#434__t56__333_311,e51133a99ea36754,training_tfexample.tfrecord-00000-of-01000#434,WOMD,training,training_tfexample.tfrecord-00000-of-01000,434,training,A,CORE,MERGE_CONTEXT_ELIGIBLE,HIGH,2,SAFETY_CRITICAL_UNCERTAIN,LOW,HIGH,HIGH,accept,,False
training_tfexample.tfrecord-00000-of-01000#439__t90__308_303,training_tfexample.tfrecord-00000-of-01000#439__t90__308_303,162fc6b2b8f3464a,training_tfexample.tfrecord-00000-of-01000#439,WOMD,training,training_tfexample.tfrecord-00000-of-01000,439,training,B,SUPPORT,MERGE_CONTEXT_ELIGIBLE,LOW,1,APPROACH_KEEP_CONTEXT,HIGH,LOW,LOW,reject,target_not_stable,False
training_tfexample.tfrecord-00000-of-01000#445__t32__199_205,training_tfexample.tfrecord-00000-of-01000#445__t32__199_205,d740dc744e061a67,training_tfexample.tfrecord-00000-of-01000#445,WOMD,training,training_tfexample.tfrecord-00000-of-01000,445,training,A,CORE,MERGE_CONTEXT_ELIGIBLE,HIGH,2,SAFETY_CRITICAL_UNCERTAIN,LOW,HIGH,HIGH,accept,,True
training_tfexample.tfrecord-00000-of-01000#446__t9__360_350,training_tfexample.tfrecord-00000-of-01000#446__t9__360_350,f0cd5c7090ca61f4,training_tfexample.tfrecord-00000-of-01000#446,WOMD,training,training_tfexample.tfrecord-00000-of-01000,446,training,B,SUPPORT,MERGE_CONTEXT_ELIGIBLE,MEDIUM,1,SAFETY_CRITICAL_UNCERTAIN,LOW,LOW,HIGH,accept,,False
training_tfexample.tfrecord-00000-of-01000#447__t26__146_218,training_tfexample.tfrecord-00000-of-01000#447__t26__146_218,9447a7ccb23c8d7d,training_tfexample.tfrecord-00000-of-01000#447,WOMD,training,training_tfexample.tfrecord-00000-of-01000,447,training,A,CORE,MERGE_CONTEXT_ELIGIBLE,HIGH,2,SAFETY_CRITICAL_UNCERTAIN,LOW,HIGH,HIGH,accept,,False
training_tfexample.tfrecord-00000-of-01000#450__t78__203_193,training_tfexample.tfrecord-00000-of-01000#450__t78__203_193,f7f94b3f6c39aed0,training_tfexample.tfrecord-00000-of-01000#450,WOMD,training,training_tfexample.tfrecord-00000-of-01000,450,training,B,SUPPORT,MERGE_CONTEXT_ELIGIBLE,MEDIUM,1,SAFETY_CRITICAL_UNCERTAIN,LOW,LOW,HIGH,accept,,False
training_tfexample.tfrecord-00000-of-01000#451__t76__249_561,training_tfexample.tfrecord-00000-of-01000#451__t76__249_561,883c2887377a00e,training_tfexample.tfrecord-00000-of-01000#451,WOMD,training,training_tfexample.tfrecord-00000-of-01000,451,training,A,CORE,MERGE_CONTEXT_ELIGIBLE,HIGH,2,SAFETY_CRITICAL_UNCERTAIN,LOW,HIGH,HIGH,accept,,False
training_tfexample.tfrecord-00000-of-01000#454__t29__633_650,training_tfexample.tfrecord-00000-of-01000#454__t29__633_650,89b61789ae188e89,training_tfexample.tfrecord-00000-of-01000#454,WOMD,training,training_tfexample.tfrecord-00000-of-01000,454,training,B,SUPPORT,MERGE_CONTEXT_ELIGIBLE,MEDIUM,1,BOTH_SIDES_CONSTRAINED,LOW,LOW,HIGH,accept,,False
training_tfexample.tfrecord-00000-of-01000#454__t68__656_681,training_tfexample.tfrecord-00000-of-01000#454__t68__656_681,89b61789ae188e89,training_tfexample.tfrecord-00000-of-01000#454,WOMD,training,training_tfexample.tfrecord-00000-of-01000,454,training,B,SUPPORT,MERGE_CONTEXT_ELIGIBLE,MEDIUM,1,FRONT_CONSTRAINED,LOW,LOW,MEDIUM,accept,,False
training_tfexample.tfrecord-00001-of-01000#3__t44__160_194,training_tfexample.tfrecord-00001-of-01000#3__t44__160_194,1ab7f3f8d2abfc2a,training_tfexample.tfrecord-00001-of-01000#3,WOMD,training,training_tfexample.tfrecord-00001-of-01000,3,training,A,CORE,MERGE_CONTEXT_ELIGIBLE,HIGH,2,BOTH_SIDES_CONSTRAINED,LOW,HIGH,HIGH,accept,,False
training_tfexample.tfrecord-00001-of-01000#6__t24__178_220,training_tfexample.tfrecord-00001-of-01000#6__t24__178_220,63f6cbe7fdf327fa,training_tfexample.tfrecord-00001-of-01000#6,WOMD,training,training_tfexample.tfrecord-00001-of-01000,6,training,B,SUPPORT,MERGE_CONTEXT_ELIGIBLE,LOW,1,WEAK_INTERACTION,LOW,LOW,MEDIUM,accept,,False
training_tfexample.tfrecord-00001-of-01000#6__t81__232_252,training_tfexample.tfrecord-00001-of-01000#6__t81__232_252,63f6cbe7fdf327fa,training_tfexample.tfrecord-00001-of-01000#6,WOMD,training,training_tfexample.tfrecord-00001-of-01000,6,training,A,CORE,MERGE_CONTEXT_ELIGIBLE,MEDIUM,2,WEAK_INTERACTION,MEDIUM,LOW,MEDIUM,accept,,False
training_tfexample.tfrecord-00001-of-01000#15__t48__80_78,training_tfexample.tfrecord-00001-of-01000#15__t48__80_78,fe4f385a0fcc0d1a,training_tfexample.tfrecord-00001-of-01000#15,WOMD,training,training_tfexample.tfrecord-00001-of-01000,15,training,B,SUPPORT,MERGE_CONTEXT_ELIGIBLE,MEDIUM,1,FRONT_CONSTRAINED,LOW,LOW,HIGH,accept,,False
training_tfexample.tfrecord-00001-of-01000#16__t6__220_204,training_tfexample.tfrecord-00001-of-01000#16__t6__220_204,9f0f328ebe722d04,training_tfexample.tfrecord-00001-of-01000#16,WOMD,training,training_tfexample.tfrecord-00001-of-01000,16,training,B,SUPPORT,MERGE_CONTEXT_ELIGIBLE,MEDIUM,1,SAFETY_CRITICAL_UNCERTAIN,LOW,LOW,HIGH,accept,,False
training_tfexample.tfrecord-00001-of-01000#17__t65__614_612,training_tfexample.tfrecord-00001-of-01000#17__t65__614_612,65873fe2ee466bed,training_tfexample.tfrecord-00001-of-01000#17,WOMD,training,training_tfexample.tfrecord-00001-of-01000,17,training,B,SUPPORT,MERGE_CONTEXT_ELIGIBLE,LOW,1,WEAK_INTERACTION,LOW,LOW,MEDIUM,accept,,False
training_tfexample.tfrecord-00001-of-01000#20__t81__760_779,training_tfexample.tfrecord-00001-of-01000#20__t81__760_779,69d97b1b3bbce9d4,training_tfexample.tfrecord-00001-of-01000#20,WOMD,training,training_tfexample.tfrecord-00001-of-01000,20,training,A,CORE,MERGE_CONTEXT_ELIGIBLE,HIGH,2,SAFETY_CRITICAL_UNCERTAIN,LOW,HIGH,HIGH,accept,,False
training_tfexample.tfrecord-00001-of-01000#21__t31__278_257,training_tfexample.tfrecord-00001-of-01000#21__t31__278_257,8526793ffc1c89ec,training_tfexample.tfrecord-00001-of-01000#21,WOMD,training,training_tfexample.tfrecord-00001-of-01000,21,training,A,CORE,MERGE_CONTEXT_ELIGIBLE,HIGH,2,SAFETY_CRITICAL_UNCERTAIN,LOW,HIGH,HIGH,accept,,False
training_tfexample.tfrecord-00001-of-01000#30__t88__321_318,training_tfexample.tfrecord-00001-of-01000#30__t88__321_318,501d70fe64c7306f,training_tfexample.tfrecord-00001-of-01000#30,WOMD,training,training_tfexample.tfrecord-00001-of-01000,30,training,A,CORE,MERGE_CONTEXT_ELIGIBLE,HIGH,3,BOTH_SIDES_CONSTRAINED,HIGH,HIGH,MEDIUM,reject,target_not_stable,False
training_tfexample.tfrecord-00001-of-01000#31__t71__372_308,training_tfexample.tfrecord-00001-of-01000#31__t71__372_308,e3136c178fb6db26,training_tfexample.tfrecord-00001-of-01000#31,WOMD,training,training_tfexample.tfrecord-00001-of-01000,31,training,A,CORE,MERGE_CONTEXT_ELIGIBLE,HIGH,2,BOTH_SIDES_CONSTRAINED,LOW,HIGH,HIGH,accept,,False
training_tfexample.tfrecord-00001-of-01000#32__t18__220_223,training_tfexample.tfrecord-00001-of-01000#32__t18__220_223,463823a0916708b1,training_tfexample.tfrecord-00001-of-01000#32,WOMD,training,training_tfexample.tfrecord-00001-of-01000,32,training,B,SUPPORT,MERGE_CONTEXT_ELIGIBLE,LOW,1,WEAK_INTERACTION,LOW,LOW,MEDIUM,accept,,False
training_tfexample.tfrecord-00001-of-01000#42__t16__234_233,training_tfexample.tfrecord-00001-of-01000#42__t16__234_233,de19294f2262e1af,training_tfexample.tfrecord-00001-of-01000#42,WOMD,training,training_tfexample.tfrecord-00001-of-01000,42,training,B,SUPPORT,MERGE_CONTEXT_ELIGIBLE,MEDIUM,1,SAFETY_CRITICAL_UNCERTAIN,LOW,LOW,HIGH,accept,,False
training_tfexample.tfrecord-00001-of-01000#48__t6__387_469,training_tfexample.tfrecord-00001-of-01000#48__t6__387_469,cc4c80dfc24eec78,training_tfexample.tfrecord-00001-of-01000#48,WOMD,training,training_tfexample.tfrecord-00001-of-01000,48,training,B,SUPPORT,MERGE_CONTEXT_ELIGIBLE,MEDIUM,1,SAFETY_CRITICAL_UNCERTAIN,LOW,LOW,HIGH,accept,,False
training_tfexample.tfrecord-00001-of-01000#52__t72__140_126,training_tfexample.tfrecord-00001-of-01000#52__t72__140_126,35426311ac6cec4e,training_tfexample.tfrecord-00001-of-01000#52,WOMD,training,training_tfexample.tfrecord-00001-of-01000,52,training,A,CORE,MERGE_CONTEXT_ELIGIBLE,HIGH,2,BOTH_SIDES_CONSTRAINED,LOW,HIGH,HIGH,accept,,False
training_tfexample.tfrecord-00001-of-01000#53__t26__631_551,training_tfexample.tfrecord-00001-of-01000#53__t26__631_551,dce93d87d70b7e44,training_tfexample.tfrecord-00001-of-01000#53,WOMD,training,training_tfexample.tfrecord-00001-of-01000,53,training,A,CORE,MERGE_CONTEXT_ELIGIBLE,HIGH,2,SAFETY_CRITICAL_UNCERTAIN,LOW,HIGH,HIGH,accept,,False
training_tfexample.tfrecord-00001-of-01000#56__t56__927_936,training_tfexample.tfrecord-00001-of-01000#56__t56__927_936,1f923fcc4238166e,training_tfexample.tfrecord-00001-of-01000#56,WOMD,training,training_tfexample.tfrecord-00001-of-01000,56,training,A,CORE,MERGE_CONTEXT_ELIGIBLE,HIGH,3,BOTH_SIDES_CONSTRAINED,HIGH,MEDIUM,MEDIUM,accept,,False
training_tfexample.tfrecord-00001-of-01000#59__t42__153_145,training_tfexample.tfrecord-00001-of-01000#59__t42__153_145,f604beb7c8c69021,training_tfexample.tfrecord-00001-of-01000#59,WOMD,training,training_tfexample.tfrecord-00001-of-01000,59,training,A,CORE,MERGE_CONTEXT_ELIGIBLE,HIGH,2,BOTH_SIDES_CONSTRAINED,LOW,HIGH,HIGH,accept,,False
training_tfexample.tfrecord-00001-of-01000#60__t79__120_129,training_tfexample.tfrecord-00001-of-01000#60__t79__120_129,1d125d2ccb11037e,training_tfexample.tfrecord-00001-of-01000#60,WOMD,training,training_tfexample.tfrecord-00001-of-01000,60,training,B,SUPPORT,MERGE_CONTEXT_ELIGIBLE,LOW,1,WEAK_INTERACTION,LOW,LOW,MEDIUM,accept,,False
training_tfexample.tfrecord-00001-of-01000#62__t74__227_228,training_tfexample.tfrecord-00001-of-01000#62__t74__227_228,9be2b4c5d3aa16d7,training_tfexample.tfrecord-00001-of-01000#62,WOMD,training,training_tfexample.tfrecord-00001-of-01000,62,training,A,CORE,MERGE_CONTEXT_ELIGIBLE,MEDIUM,2,WEAK_INTERACTION,MEDIUM,LOW,MEDIUM,accept,,False
training_tfexample.tfrecord-00001-of-01000#66__t31__395_536,training_tfexample.tfrecord-00001-of-01000#66__t31__395_536,5fa9a8e29044cc5a,training_tfexample.tfrecord-00001-of-01000#66,WOMD,training,training_tfexample.tfrecord-00001-of-01000,66,training,A,CORE,MERGE_CONTEXT_ELIGIBLE,MEDIUM,2,WEAK_INTERACTION,MEDIUM,LOW,MEDIUM,accept,,False
training_tfexample.tfrecord-00001-of-01000#72__t43__595_341,training_tfexample.tfrecord-00001-of-01000#72__t43__595_341,7abb9c614246ec5,training_tfexample.tfrecord-00001-of-01000#72,WOMD,training,training_tfexample.tfrecord-00001-of-01000,72,training,B,SUPPORT,MERGE_CONTEXT_ELIGIBLE,MEDIUM,1,FRONT_CONSTRAINED,LOW,LOW,MEDIUM,accept,,False
training_tfexample.tfrecord-00001-of-01000#75__t62__410_409,training_tfexample.tfrecord-00001-of-01000#75__t62__410_409,a5a19eebffbea527,training_tfexample.tfrecord-00001-of-01000#75,WOMD,training,training_tfexample.tfrecord-00001-of-01000,75,training,B,SUPPORT,MERGE_CONTEXT_ELIGIBLE,LOW,1,WEAK_INTERACTION,LOW,LOW,MEDIUM,accept,,False
training_tfexample.tfrecord-00001-of-01000#76__t44__200_190,training_tfexample.tfrecord-00001-of-01000#76__t44__200_190,401e0f3b0c1095ab,training_tfexample.tfrecord-00001-of-01000#76,WOMD,training,training_tfexample.tfrecord-00001-of-01000,76,training,B,SUPPORT,MERGE_CONTEXT_ELIGIBLE,MEDIUM,1,SAFETY_CRITICAL_UNCERTAIN,LOW,LOW,HIGH,accept,,False
training_tfexample.tfrecord-00001-of-01000#77__t43__260_257,training_tfexample.tfrecord-00001-of-01000#77__t43__260_257,bc5a7a2235ccf994,training_tfexample.tfrecord-00001-of-01000#77,WOMD,training,training_tfexample.tfrecord-00001-of-01000,77,training,A,CORE,MERGE_CONTEXT_ELIGIBLE,HIGH,2,SAFETY_CRITICAL_UNCERTAIN,LOW,HIGH,HIGH,accept,,False
training_tfexample.tfrecord-00001-of-01000#81__t88__262_273,training_tfexample.tfrecord-00001-of-01000#81__t88__262_273,50c64d4b96ceaeaa,training_tfexample.tfrecord-00001-of-01000#81,WOMD,training,training_tfexample.tfrecord-00001-of-01000,81,training,A,CORE,MERGE_CONTEXT_ELIGIBLE,MEDIUM,2,FRONT_CONSTRAINED,MEDIUM,LOW,MEDIUM,reject,target_not_stable,False
training_tfexample.tfrecord-00001-of-01000#82__t76__273_274,training_tfexample.tfrecord-00001-of-01000#82__t76__273_274,ff9ef028e34b4573,training_tfexample.tfrecord-00001-of-01000#82,WOMD,training,training_tfexample.tfrecord-00001-of-01000,82,training,A,CORE,MERGE_CONTEXT_ELIGIBLE,HIGH,2,BOTH_SIDES_CONSTRAINED,LOW,HIGH,HIGH,accept,,False
training_tfexample.tfrecord-00001-of-01000#87__t67__378_393,training_tfexample.tfrecord-00001-of-01000#87__t67__378_393,1008dddca3191ecb,training_tfexample.tfrecord-00001-of-01000#87,WOMD,training,training_tfexample.tfrecord-00001-of-01000,87,training,A,CORE,MERGE_CONTEXT_ELIGIBLE,HIGH,2,SAFETY_CRITICAL_UNCERTAIN,LOW,HIGH,HIGH,accept,,False
training_tfexample.tfrecord-00001-of-01000#94__t48__675_704,training_tfexample.tfrecord-00001-of-01000#94__t48__675_704,e08a52d8706c2a65,training_tfexample.tfrecord-00001-of-01000#94,WOMD,training,training_tfexample.tfrecord-00001-of-01000,94,training,A,CORE,MERGE_CONTEXT_ELIGIBLE,HIGH,2,SAFETY_CRITICAL_UNCERTAIN,LOW,MEDIUM,HIGH,accept,,False
training_tfexample.tfrecord-00001-of-01000#107__t83__730_677,training_tfexample.tfrecord-00001-of-01000#107__t83__730_677,50aa56f2fda2a2ac,training_tfexample.tfrecord-00001-of-01000#107,WOMD,training,training_tfexample.tfrecord-00001-of-01000,107,training,A,CORE,MERGE_CONTEXT_ELIGIBLE,HIGH,2,SAFETY_CRITICAL_UNCERTAIN,LOW,HIGH,HIGH,reject,gap_order_not_persistent,False
training_tfexample.tfrecord-00001-of-01000#108__t65__60_63,training_tfexample.tfrecord-00001-of-01000#108__t65__60_63,266e04b17bc3b869,training_tfexample.tfrecord-00001-of-01000#108,WOMD,training,training_tfexample.tfrecord-00001-of-01000,108,training,B,SUPPORT,MERGE_CONTEXT_ELIGIBLE,MEDIUM,1,SAFETY_CRITICAL_UNCERTAIN,LOW,LOW,HIGH,accept,,False
training_tfexample.tfrecord-00001-of-01000#113__t34__503_484,training_tfexample.tfrecord-00001-of-01000#113__t34__503_484,5c9c4ac80d1fb4b6,training_tfexample.tfrecord-00001-of-01000#113,WOMD,training,training_tfexample.tfrecord-00001-of-01000,113,training,A,CORE,MERGE_CONTEXT_ELIGIBLE,HIGH,2,BOTH_SIDES_CONSTRAINED,LOW,HIGH,HIGH,accept,,False
training_tfexample.tfrecord-00001-of-01000#115__t19__290_199,training_tfexample.tfrecord-00001-of-01000#115__t19__290_199,234be3f7fdf35152,training_tfexample.tfrecord-00001-of-01000#115,WOMD,training,training_tfexample.tfrecord-00001-of-01000,115,training,B,SUPPORT,MERGE_CONTEXT_ELIGIBLE,LOW,1,WEAK_INTERACTION,LOW,LOW,MEDIUM,accept,,False
training_tfexample.tfrecord-00001-of-01000#119__t75__344_279,training_tfexample.tfrecord-00001-of-01000#119__t75__344_279,e3e927b16cf7f1f2,training_tfexample.tfrecord-00001-of-01000#119,WOMD,training,training_tfexample.tfrecord-00001-of-01000,119,training,B,SUPPORT,MERGE_CONTEXT_ELIGIBLE,MEDIUM,1,FRONT_CONSTRAINED,LOW,LOW,HIGH,accept,,False
training_tfexample.tfrecord-00001-of-01000#123__t76__308_367,training_tfexample.tfrecord-00001-of-01000#123__t76__308_367,56d88ea6c3edffbd,training_tfexample.tfrecord-00001-of-01000#123,WOMD,training,training_tfexample.tfrecord-00001-of-01000,123,training,A,CORE,MERGE_CONTEXT_ELIGIBLE,HIGH,2,BOTH_SIDES_CONSTRAINED,LOW,HIGH,HIGH,accept,,False
training_tfexample.tfrecord-00001-of-01000#128__t22__365_174,training_tfexample.tfrecord-00001-of-01000#128__t22__365_174,db9a6c019a1d786f,training_tfexample.tfrecord-00001-of-01000#128,WOMD,training,training_tfexample.tfrecord-00001-of-01000,128,training,A,CORE,MERGE_CONTEXT_ELIGIBLE,HIGH,2,SAFETY_CRITICAL_UNCERTAIN,LOW,HIGH,HIGH,accept,,False
training_tfexample.tfrecord-00001-of-01000#141__t88__125_95,training_tfexample.tfrecord-00001-of-01000#141__t88__125_95,7466fda668020a0c,training_tfexample.tfrecord-00001-of-01000#141,WOMD,training,training_tfexample.tfrecord-00001-of-01000,141,training,A,CORE,MERGE_CONTEXT_ELIGIBLE,MEDIUM,2,FRONT_CONSTRAINED,HIGH,LOW,MEDIUM,reject,target_not_stable,False
training_tfexample.tfrecord-00001-of-01000#160__t23__653_639,training_tfexample.tfrecord-00001-of-01000#160__t23__653_639,83010d95fdfc080f,training_tfexample.tfrecord-00001-of-01000#160,WOMD,training,training_tfexample.tfrecord-00001-of-01000,160,training,B,SUPPORT,MERGE_CONTEXT_ELIGIBLE,MEDIUM,1,FRONT_CONSTRAINED,LOW,LOW,MEDIUM,accept,,False
training_tfexample.tfrecord-00001-of-01000#162__t41__303_309,training_tfexample.tfrecord-00001-of-01000#162__t41__303_309,fb300777463fca9d,training_tfexample.tfrecord-00001-of-01000#162,WOMD,training,training_tfexample.tfrecord-00001-of-01000,162,training,A,CORE,MERGE_CONTEXT_ELIGIBLE,HIGH,2,SAFETY_CRITICAL_UNCERTAIN,LOW,HIGH,HIGH,accept,,False
training_tfexample.tfrecord-00001-of-01000#167__t50__578_347,training_tfexample.tfrecord-00001-of-01000#167__t50__578_347,5bd4f02249ddc3c0,training_tfexample.tfrecord-00001-of-01000#167,WOMD,training,training_tfexample.tfrecord-00001-of-01000,167,training,B,SUPPORT,MERGE_CONTEXT_ELIGIBLE,MEDIUM,1,BOTH_SIDES_CONSTRAINED,LOW,LOW,HIGH,accept,,False
training_tfexample.tfrecord-00001-of-01000#171__t39__733_745,training_tfexample.tfrecord-00001-of-01000#171__t39__733_745,3cddfa701db1a4e1,training_tfexample.tfrecord-00001-of-01000#171,WOMD,training,training_tfexample.tfrecord-00001-of-01000,171,training,A,CORE,MERGE_CONTEXT_ELIGIBLE,HIGH,2,SAFETY_CRITICAL_UNCERTAIN,LOW,HIGH,HIGH,accept,,False
training_tfexample.tfrecord-00001-of-01000#175__t63__488_758,training_tfexample.tfrecord-00001-of-01000#175__t63__488_758,83968a7b7eddcae8,training_tfexample.tfrecord-00001-of-01000#175,WOMD,training,training_tfexample.tfrecord-00001-of-01000,175,training,A,CORE,MERGE_CONTEXT_ELIGIBLE,HIGH,3,BOTH_SIDES_CONSTRAINED,HIGH,MEDIUM,MEDIUM,accept,,False
training_tfexample.tfrecord-00001-of-01000#188__t43__365_348,training_tfexample.tfrecord-00001-of-01000#188__t43__365_348,c71b82329efd0279,training_tfexample.tfrecord-00001-of-01000#188,WOMD,training,training_tfexample.tfrecord-00001-of-01000,188,training,A,CORE,MERGE_CONTEXT_ELIGIBLE,HIGH,2,SAFETY_CRITICAL_UNCERTAIN,LOW,HIGH,HIGH,accept,,False
training_tfexample.tfrecord-00001-of-01000#196__t73__332_325,training_tfexample.tfrecord-00001-of-01000#196__t73__332_325,f5129d7beec9c411,training_tfexample.tfrecord-00001-of-01000#196,WOMD,training,training_tfexample.tfrecord-00001-of-01000,196,training,A,CORE,MERGE_CONTEXT_ELIGIBLE,MEDIUM,2,FRONT_CONSTRAINED,MEDIUM,LOW,MEDIUM,accept,,False
training_tfexample.tfrecord-00001-of-01000#197__t48__501_523,training_tfexample.tfrecord-00001-of-01000#197__t48__501_523,5cd607d33467f83b,training_tfexample.tfrecord-00001-of-01000#197,WOMD,training,training_tfexample.tfrecord-00001-of-01000,197,training,B,SUPPORT,MERGE_CONTEXT_ELIGIBLE,MEDIUM,1,BOTH_SIDES_CONSTRAINED,LOW,LOW,HIGH,accept,,False
training_tfexample.tfrecord-00001-of-01000#208__t48__117_127,training_tfexample.tfrecord-00001-of-01000#208__t48__117_127,12132a5c78a1eb6d,training_tfexample.tfrecord-00001-of-01000#208,WOMD,training,training_tfexample.tfrecord-00001-of-01000,208,training,A,CORE,MERGE_CONTEXT_ELIGIBLE,HIGH,2,SAFETY_CRITICAL_UNCERTAIN,LOW,HIGH,HIGH,accept,,False
training_tfexample.tfrecord-00001-of-01000#209__t28__123_139,training_tfexample.tfrecord-00001-of-01000#209__t28__123_139,d882dbb7183537d9,training_tfexample.tfrecord-00001-of-01000#209,WOMD,training,training_tfexample.tfrecord-00001-of-01000,209,training,A,CORE,MERGE_CONTEXT_ELIGIBLE,HIGH,2,BOTH_SIDES_CONSTRAINED,LOW,HIGH,HIGH,accept,,False
training_tfexample.tfrecord-00001-of-01000#211__t79__119_111,training_tfexample.tfrecord-00001-of-01000#211__t79__119_111,aa3b68c9bb34227e,training_tfexample.tfrecord-00001-of-01000#211,WOMD,training,training_tfexample.tfrecord-00001-of-01000,211,training,B,SUPPORT,MERGE_CONTEXT_ELIGIBLE,MEDIUM,1,FRONT_CONSTRAINED,LOW,LOW,MEDIUM,accept,,False
training_tfexample.tfrecord-00001-of-01000#213__t79__322_320,training_tfexample.tfrecord-00001-of-01000#213__t79__322_320,8293917a4171fe92,training_tfexample.tfrecord-00001-of-01000#213,WOMD,training,training_tfexample.tfrecord-00001-of-01000,213,training,A,CORE,MERGE_CONTEXT_ELIGIBLE,HIGH,2,BOTH_SIDES_CONSTRAINED,LOW,HIGH,HIGH,accept,,False
training_tfexample.tfrecord-00001-of-01000#214__t47__499_494,training_tfexample.tfrecord-00001-of-01000#214__t47__499_494,5c765ef8bd6b5fae,training_tfexample.tfrecord-00001-of-01000#214,WOMD,training,training_tfexample.tfrecord-00001-of-01000,214,training,B,SUPPORT,MERGE_CONTEXT_ELIGIBLE,MEDIUM,1,FRONT_CONSTRAINED,LOW,LOW,MEDIUM,accept,,False
training_tfexample.tfrecord-00001-of-01000#214__t82__544_454,training_tfexample.tfrecord-00001-of-01000#214__t82__544_454,5c765ef8bd6b5fae,training_tfexample.tfrecord-00001-of-01000#214,WOMD,training,training_tfexample.tfrecord-00001-of-01000,214,training,B,SUPPORT,MERGE_CONTEXT_ELIGIBLE,LOW,1,WEAK_INTERACTION,LOW,LOW,MEDIUM,accept,,False
training_tfexample.tfrecord-00001-of-01000#215__t69__473_469,training_tfexample.tfrecord-00001-of-01000#215__t69__473_469,cab77dc7929d965e,training_tfexample.tfrecord-00001-of-01000#215,WOMD,training,training_tfexample.tfrecord-00001-of-01000,215,training,A,CORE,MERGE_CONTEXT_ELIGIBLE,HIGH,2,SAFETY_CRITICAL_UNCERTAIN,LOW,HIGH,HIGH,accept,,True
training_tfexample.tfrecord-00001-of-01000#216__t56__121_125,training_tfexample.tfrecord-00001-of-01000#216__t56__121_125,5530da398b2d6282,training_tfexample.tfrecord-00001-of-01000#216,WOMD,training,training_tfexample.tfrecord-00001-of-01000,216,training,A,CORE,MERGE_CONTEXT_ELIGIBLE,HIGH,2,BOTH_SIDES_CONSTRAINED,LOW,HIGH,HIGH,accept,,False
training_tfexample.tfrecord-00001-of-01000#221__t57__356_368,training_tfexample.tfrecord-00001-of-01000#221__t57__356_368,ed016bb9ecdaf78b,training_tfexample.tfrecord-00001-of-01000#221,WOMD,training,training_tfexample.tfrecord-00001-of-01000,221,training,A,CORE,MERGE_CONTEXT_ELIGIBLE,HIGH,2,BOTH_SIDES_CONSTRAINED,LOW,HIGH,HIGH,accept,,False
training_tfexample.tfrecord-00001-of-01000#221__t89__384_376,training_tfexample.tfrecord-00001-of-01000#221__t89__384_376,ed016bb9ecdaf78b,training_tfexample.tfrecord-00001-of-01000#221,WOMD,training,training_tfexample.tfrecord-00001-of-01000,221,training,A,CORE,MERGE_CONTEXT_ELIGIBLE,HIGH,2,SAFETY_CRITICAL_UNCERTAIN,LOW,HIGH,HIGH,reject,target_not_stable,False
training_tfexample.tfrecord-00001-of-01000#223__t22__492_204,training_tfexample.tfrecord-00001-of-01000#223__t22__492_204,3618def3375a9627,training_tfexample.tfrecord-00001-of-01000#223,WOMD,training,training_tfexample.tfrecord-00001-of-01000,223,training,A,CORE,MERGE_CONTEXT_ELIGIBLE,MEDIUM,2,FRONT_CONSTRAINED,MEDIUM,LOW,MEDIUM,accept,,False
training_tfexample.tfrecord-00001-of-01000#224__t30__501_384,training_tfexample.tfrecord-00001-of-01000#224__t30__501_384,9a96cb02125f0609,training_tfexample.tfrecord-00001-of-01000#224,WOMD,training,training_tfexample.tfrecord-00001-of-01000,224,training,B,SUPPORT,MERGE_CONTEXT_ELIGIBLE,LOW,1,WEAK_INTERACTION,LOW,LOW,MEDIUM,accept,,False
training_tfexample.tfrecord-00001-of-01000#228__t66__212_327,training_tfexample.tfrecord-00001-of-01000#228__t66__212_327,86af122ce417a75f,training_tfexample.tfrecord-00001-of-01000#228,WOMD,training,training_tfexample.tfrecord-00001-of-01000,228,training,A,CORE,MERGE_CONTEXT_ELIGIBLE,MEDIUM,2,FRONT_CONSTRAINED,MEDIUM,LOW,MEDIUM,accept,,False
training_tfexample.tfrecord-00001-of-01000#230__t16__92_163,training_tfexample.tfrecord-00001-of-01000#230__t16__92_163,c23e26b250b18e64,training_tfexample.tfrecord-00001-of-01000#230,WOMD,training,training_tfexample.tfrecord-00001-of-01000,230,training,A,CORE,MERGE_CONTEXT_ELIGIBLE,HIGH,2,BOTH_SIDES_CONSTRAINED,LOW,HIGH,HIGH,accept,,False
training_tfexample.tfrecord-00001-of-01000#233__t46__84_122,training_tfexample.tfrecord-00001-of-01000#233__t46__84_122,46fe362e1b4504c0,training_tfexample.tfrecord-00001-of-01000#233,WOMD,training,training_tfexample.tfrecord-00001-of-01000,233,training,B,SUPPORT,MERGE_CONTEXT_ELIGIBLE,MEDIUM,1,SAFETY_CRITICAL_UNCERTAIN,LOW,LOW,HIGH,accept,,False
training_tfexample.tfrecord-00001-of-01000#237__t62__441_440,training_tfexample.tfrecord-00001-of-01000#237__t62__441_440,c2f160e9201f33db,training_tfexample.tfrecord-00001-of-01000#237,WOMD,training,training_tfexample.tfrecord-00001-of-01000,237,training,B,SUPPORT,MERGE_CONTEXT_ELIGIBLE,LOW,1,WEAK_INTERACTION,LOW,LOW,MEDIUM,accept,,False
training_tfexample.tfrecord-00001-of-01000#238__t13__234_195,training_tfexample.tfrecord-00001-of-01000#238__t13__234_195,367e8fb8979be118,training_tfexample.tfrecord-00001-of-01000#238,WOMD,training,training_tfexample.tfrecord-00001-of-01000,238,training,B,SUPPORT,MERGE_CONTEXT_ELIGIBLE,MEDIUM,1,FRONT_CONSTRAINED,LOW,LOW,HIGH,accept,,False
training_tfexample.tfrecord-00001-of-01000#242__t40__199_189,training_tfexample.tfrecord-00001-of-01000#242__t40__199_189,6ceac19938d89734,training_tfexample.tfrecord-00001-of-01000#242,WOMD,training,training_tfexample.tfrecord-00001-of-01000,242,training,B,SUPPORT,MERGE_CONTEXT_ELIGIBLE,MEDIUM,1,SAFETY_CRITICAL_UNCERTAIN,LOW,LOW,HIGH,accept,,False
training_tfexample.tfrecord-00001-of-01000#243__t56__282_259,training_tfexample.tfrecord-00001-of-01000#243__t56__282_259,c13984fa6a3fe7b9,training_tfexample.tfrecord-00001-of-01000#243,WOMD,training,training_tfexample.tfrecord-00001-of-01000,243,training,B,SUPPORT,MERGE_CONTEXT_ELIGIBLE,LOW,1,WEAK_INTERACTION,LOW,LOW,MEDIUM,accept,,False
training_tfexample.tfrecord-00001-of-01000#246__t47__647_658,training_tfexample.tfrecord-00001-of-01000#246__t47__647_658,cc5e5b2e7befc003,training_tfexample.tfrecord-00001-of-01000#246,WOMD,training,training_tfexample.tfrecord-00001-of-01000,246,training,A,CORE,MERGE_CONTEXT_ELIGIBLE,HIGH,2,SAFETY_CRITICAL_UNCERTAIN,LOW,HIGH,HIGH,reject,gap_order_not_persistent,False
training_tfexample.tfrecord-00001-of-01000#246__t71__658_578,training_tfexample.tfrecord-00001-of-01000#246__t71__658_578,cc5e5b2e7befc003,training_tfexample.tfrecord-00001-of-01000#246,WOMD,training,training_tfexample.tfrecord-00001-of-01000,246,training,A,CORE,MERGE_CONTEXT_ELIGIBLE,HIGH,2,SAFETY_CRITICAL_UNCERTAIN,LOW,HIGH,HIGH,accept,,False
training_tfexample.tfrecord-00001-of-01000#248__t76__353_310,training_tfexample.tfrecord-00001-of-01000#248__t76__353_310,bb3d209e1e876c9c,training_tfexample.tfrecord-00001-of-01000#248,WOMD,training,training_tfexample.tfrecord-00001-of-01000,248,training,A,CORE,MERGE_CONTEXT_ELIGIBLE,MEDIUM,2,FRONT_CONSTRAINED,HIGH,LOW,MEDIUM,accept,,False
training_tfexample.tfrecord-00001-of-01000#251__t87__372_378,training_tfexample.tfrecord-00001-of-01000#251__t87__372_378,bc38cd6cb746ff3,training_tfexample.tfrecord-00001-of-01000#251,WOMD,training,training_tfexample.tfrecord-00001-of-01000,251,training,B,SUPPORT,MERGE_CONTEXT_ELIGIBLE,LOW,1,APPROACH_KEEP_CONTEXT,MEDIUM,LOW,LOW,reject,target_not_stable,False
training_tfexample.tfrecord-00001-of-01000#256__t56__112_91,training_tfexample.tfrecord-00001-of-01000#256__t56__112_91,de420dbc00c577f2,training_tfexample.tfrecord-00001-of-01000#256,WOMD,training,training_tfexample.tfrecord-00001-of-01000,256,training,B,SUPPORT,MERGE_CONTEXT_ELIGIBLE,MEDIUM,1,FRONT_CONSTRAINED,LOW,LOW,HIGH,accept,,False
training_tfexample.tfrecord-00001-of-01000#257__t39__177_66,training_tfexample.tfrecord-00001-of-01000#257__t39__177_66,d82c4eee95bee50c,training_tfexample.tfrecord-00001-of-01000#257,WOMD,training,training_tfexample.tfrecord-00001-of-01000,257,training,B,SUPPORT,MERGE_CONTEXT_ELIGIBLE,MEDIUM,1,FRONT_CONSTRAINED,LOW,LOW,HIGH,accept,,False
training_tfexample.tfrecord-00001-of-01000#279__t88__821_830,training_tfexample.tfrecord-00001-of-01000#279__t88__821_830,729973851a4e5a65,training_tfexample.tfrecord-00001-of-01000#279,WOMD,training,training_tfexample.tfrecord-00001-of-01000,279,training,B,SUPPORT,MERGE_CONTEXT_ELIGIBLE,MEDIUM,1,SAFETY_CRITICAL_UNCERTAIN,LOW,LOW,HIGH,reject,target_not_stable,False
training_tfexample.tfrecord-00001-of-01000#281__t34__230_227,training_tfexample.tfrecord-00001-of-01000#281__t34__230_227,c0bcce903cbfc0eb,training_tfexample.tfrecord-00001-of-01000#281,WOMD,training,training_tfexample.tfrecord-00001-of-01000,281,training,B,SUPPORT,MERGE_CONTEXT_ELIGIBLE,LOW,1,WEAK_INTERACTION,LOW,LOW,MEDIUM,accept,,False
training_tfexample.tfrecord-00001-of-01000#287__t7__256_211,training_tfexample.tfrecord-00001-of-01000#287__t7__256_211,4c4de83e0adb1f02,training_tfexample.tfrecord-00001-of-01000#287,WOMD,training,training_tfexample.tfrecord-00001-of-01000,287,training,B,SUPPORT,MERGE_CONTEXT_ELIGIBLE,MEDIUM,1,SAFETY_CRITICAL_UNCERTAIN,LOW,LOW,HIGH,accept,,False
training_tfexample.tfrecord-00001-of-01000#289__t40__378_353,training_tfexample.tfrecord-00001-of-01000#289__t40__378_353,43c3afeae33f7ae7,training_tfexample.tfrecord-00001-of-01000#289,WOMD,training,training_tfexample.tfrecord-00001-of-01000,289,training,A,CORE,MERGE_CONTEXT_ELIGIBLE,HIGH,2,SAFETY_CRITICAL_UNCERTAIN,LOW,HIGH,HIGH,accept,,False
training_tfexample.tfrecord-00001-of-01000#296__t19__49_57,training_tfexample.tfrecord-00001-of-01000#296__t19__49_57,6a7d958fcd34dded,training_tfexample.tfrecord-00001-of-01000#296,WOMD,training,training_tfexample.tfrecord-00001-of-01000,296,training,B,SUPPORT,MERGE_CONTEXT_ELIGIBLE,MEDIUM,1,SAFETY_CRITICAL_UNCERTAIN,LOW,LOW,HIGH,accept,,False
training_tfexample.tfrecord-00001-of-01000#306__t79__72_181,training_tfexample.tfrecord-00001-of-01000#306__t79__72_181,8570fdc3338fd5b9,training_tfexample.tfrecord-00001-of-01000#306,WOMD,training,training_tfexample.tfrecord-00001-of-01000,306,training,A,CORE,MERGE_CONTEXT_ELIGIBLE,HIGH,2,BOTH_SIDES_CONSTRAINED,LOW,HIGH,HIGH,accept,,False
training_tfexample.tfrecord-00001-of-01000#307__t28__339_335,training_tfexample.tfrecord-00001-of-01000#307__t28__339_335,7742a9f340d5c8f5,training_tfexample.tfrecord-00001-of-01000#307,WOMD,training,training_tfexample.tfrecord-00001-of-01000,307,training,A,CORE,MERGE_CONTEXT_ELIGIBLE,HIGH,3,BOTH_SIDES_CONSTRAINED,MEDIUM,MEDIUM,MEDIUM,accept,,False
training_tfexample.tfrecord-00001-of-01000#316__t72__384_375,training_tfexample.tfrecord-00001-of-01000#316__t72__384_375,7ac2de3dd3f28e53,training_tfexample.tfrecord-00001-of-01000#316,WOMD,training,training_tfexample.tfrecord-00001-of-01000,316,training,B,SUPPORT,MERGE_CONTEXT_ELIGIBLE,MEDIUM,1,SAFETY_CRITICAL_UNCERTAIN,LOW,LOW,HIGH,accept,,False
training_tfexample.tfrecord-00001-of-01000#318__t12__278_330,training_tfexample.tfrecord-00001-of-01000#318__t12__278_330,b66e3cae2b6c4a2,training_tfexample.tfrecord-00001-of-01000#318,WOMD,training,training_tfexample.tfrecord-00001-of-01000,318,training,A,CORE,MERGE_CONTEXT_ELIGIBLE,HIGH,2,SAFETY_CRITICAL_UNCERTAIN,LOW,HIGH,HIGH,accept,,False
training_tfexample.tfrecord-00001-of-01000#319__t46__464_448,training_tfexample.tfrecord-00001-of-01000#319__t46__464_448,6adf197911cc4fe5,training_tfexample.tfrecord-00001-of-01000#319,WOMD,training,training_tfexample.tfrecord-00001-of-01000,319,training,A,CORE,MERGE_CONTEXT_ELIGIBLE,HIGH,2,BOTH_SIDES_CONSTRAINED,LOW,HIGH,HIGH,accept,,False
training_tfexample.tfrecord-00001-of-01000#340__t76__51_48,training_tfexample.tfrecord-00001-of-01000#340__t76__51_48,ba86419e5adb9984,training_tfexample.tfrecord-00001-of-01000#340,WOMD,training,training_tfexample.tfrecord-00001-of-01000,340,training,B,SUPPORT,MERGE_CONTEXT_ELIGIBLE,MEDIUM,1,FRONT_CONSTRAINED,LOW,LOW,HIGH,accept,,False
training_tfexample.tfrecord-00001-of-01000#341__t56__209_221,training_tfexample.tfrecord-00001-of-01000#341__t56__209_221,236b5141753ab68,training_tfexample.tfrecord-00001-of-01000#341,WOMD,training,training_tfexample.tfrecord-00001-of-01000,341,training,B,SUPPORT,MERGE_CONTEXT_ELIGIBLE,MEDIUM,1,SAFETY_CRITICAL_UNCERTAIN,LOW,LOW,HIGH,accept,,False
training_tfexample.tfrecord-00001-of-01000#344__t32__191_153,training_tfexample.tfrecord-00001-of-01000#344__t32__191_153,146027405386d38d,training_tfexample.tfrecord-00001-of-01000#344,WOMD,training,training_tfexample.tfrecord-00001-of-01000,344,training,B,SUPPORT,MERGE_CONTEXT_ELIGIBLE,MEDIUM,1,FRONT_CONSTRAINED,LOW,LOW,MEDIUM,accept,,False
training_tfexample.tfrecord-00001-of-01000#350__t83__227_233,training_tfexample.tfrecord-00001-of-01000#350__t83__227_233,86248df1608069b2,training_tfexample.tfrecord-00001-of-01000#350,WOMD,training,training_tfexample.tfrecord-00001-of-01000,350,training,B,SUPPORT,MERGE_CONTEXT_ELIGIBLE,MEDIUM,1,FRONT_CONSTRAINED,LOW,LOW,HIGH,accept,,False
training_tfexample.tfrecord-00001-of-01000#351__t10__371_368,training_tfexample.tfrecord-00001-of-01000#351__t10__371_368,f35ea24620450641,training_tfexample.tfrecord-00001-of-01000#351,WOMD,training,training_tfexample.tfrecord-00001-of-01000,351,training,A,CORE,MERGE_CONTEXT_ELIGIBLE,HIGH,2,SAFETY_CRITICAL_UNCERTAIN,LOW,HIGH,HIGH,accept,,False
training_tfexample.tfrecord-00001-of-01000#354__t10__135_182,training_tfexample.tfrecord-00001-of-01000#354__t10__135_182,8ba127c11340a8a0,training_tfexample.tfrecord-00001-of-01000#354,WOMD,training,training_tfexample.tfrecord-00001-of-01000,354,training,B,SUPPORT,MERGE_CONTEXT_ELIGIBLE,LOW,1,WEAK_INTERACTION,LOW,LOW,MEDIUM,accept,,False
training_tfexample.tfrecord-00001-of-01000#358__t64__67_69,training_tfexample.tfrecord-00001-of-01000#358__t64__67_69,f1de5f3efa4e1cb3,training_tfexample.tfrecord-00001-of-01000#358,WOMD,training,training_tfexample.tfrecord-00001-of-01000,358,training,A,CORE,MERGE_CONTEXT_ELIGIBLE,MEDIUM,2,FRONT_CONSTRAINED,MEDIUM,LOW,MEDIUM,accept,,False
training_tfexample.tfrecord-00001-of-01000#361__t24__330_328,training_tfexample.tfrecord-00001-of-01000#361__t24__330_328,c1c24257a19ec96f,training_tfexample.tfrecord-00001-of-01000#361,WOMD,training,training_tfexample.tfrecord-00001-of-01000,361,training,B,SUPPORT,MERGE_CONTEXT_ELIGIBLE,MEDIUM,1,SAFETY_CRITICAL_UNCERTAIN,LOW,LOW,HIGH,accept,,False
training_tfexample.tfrecord-00001-of-01000#364__t24__275_280,training_tfexample.tfrecord-00001-of-01000#364__t24__275_280,cf5ab26eee5e4a6d,training_tfexample.tfrecord-00001-of-01000#364,WOMD,training,training_tfexample.tfrecord-00001-of-01000,364,training,A,CORE,MERGE_CONTEXT_ELIGIBLE,MEDIUM,2,FRONT_CONSTRAINED,MEDIUM,LOW,MEDIUM,accept,,False
training_tfexample.tfrecord-00001-of-01000#384__t25__371_360,training_tfexample.tfrecord-00001-of-01000#384__t25__371_360,fb454b6ca6cbc4b,training_tfexample.tfrecord-00001-of-01000#384,WOMD,training,training_tfexample.tfrecord-00001-of-01000,384,training,A,CORE,MERGE_CONTEXT_ELIGIBLE,HIGH,2,SAFETY_CRITICAL_UNCERTAIN,LOW,HIGH,HIGH,accept,,False
training_tfexample.tfrecord-00001-of-01000#385__t22__662_666,training_tfexample.tfrecord-00001-of-01000#385__t22__662_666,9d4c20d81d4fb1ed,training_tfexample.tfrecord-00001-of-01000#385,WOMD,training,training_tfexample.tfrecord-00001-of-01000,385,training,B,SUPPORT,MERGE_CONTEXT_ELIGIBLE,MEDIUM,1,SAFETY_CRITICAL_UNCERTAIN,LOW,LOW,HIGH,accept,,False
training_tfexample.tfrecord-00001-of-01000#386__t37__509_463,training_tfexample.tfrecord-00001-of-01000#386__t37__509_463,58c1ee45243e2bb4,training_tfexample.tfrecord-00001-of-01000#386,WOMD,training,training_tfexample.tfrecord-00001-of-01000,386,training,A,CORE,MERGE_CONTEXT_ELIGIBLE,HIGH,3,BOTH_SIDES_CONSTRAINED,MEDIUM,HIGH,MEDIUM,accept,,False
training_tfexample.tfrecord-00001-of-01000#390__t15__268_93,training_tfexample.tfrecord-00001-of-01000#390__t15__268_93,d9458f1392b2b7e6,training_tfexample.tfrecord-00001-of-01000#390,WOMD,training,training_tfexample.tfrecord-00001-of-01000,390,training,B,SUPPORT,MERGE_CONTEXT_ELIGIBLE,MEDIUM,1,SAFETY_CRITICAL_UNCERTAIN,LOW,LOW,HIGH,accept,,False
training_tfexample.tfrecord-00001-of-01000#402__t35__300_388,training_tfexample.tfrecord-00001-of-01000#402__t35__300_388,eef904c03b4f0c62,training_tfexample.tfrecord-00001-of-01000#402,WOMD,training,training_tfexample.tfrecord-00001-of-01000,402,training,A,CORE,MERGE_CONTEXT_ELIGIBLE,HIGH,2,BOTH_SIDES_CONSTRAINED,LOW,HIGH,HIGH,accept,,False
training_tfexample.tfrecord-00001-of-01000#413__t14__162_170,training_tfexample.tfrecord-00001-of-01000#413__t14__162_170,d276ba4ac0c610ae,training_tfexample.tfrecord-00001-of-01000#413,WOMD,training,training_tfexample.tfrecord-00001-of-01000,413,training,B,SUPPORT,MERGE_CONTEXT_ELIGIBLE,MEDIUM,1,SAFETY_CRITICAL_UNCERTAIN,LOW,LOW,HIGH,accept,,False
training_tfexample.tfrecord-00001-of-01000#418__t25__538_547,training_tfexample.tfrecord-00001-of-01000#418__t25__538_547,482902c1d872e625,training_tfexample.tfrecord-00001-of-01000#418,WOMD,training,training_tfexample.tfrecord-00001-of-01000,418,training,A,CORE,MERGE_CONTEXT_ELIGIBLE,MEDIUM,2,FRONT_CONSTRAINED,MEDIUM,LOW,MEDIUM,accept,,False
training_tfexample.tfrecord-00001-of-01000#426__t13__435_434,training_tfexample.tfrecord-00001-of-01000#426__t13__435_434,c03147332c34d516,training_tfexample.tfrecord-00001-of-01000#426,WOMD,training,training_tfexample.tfrecord-00001-of-01000,426,training,B,SUPPORT,MERGE_CONTEXT_ELIGIBLE,MEDIUM,1,FRONT_CONSTRAINED,LOW,LOW,HIGH,accept,,False
training_tfexample.tfrecord-00001-of-01000#426__t40__453_451,training_tfexample.tfrecord-00001-of-01000#426__t40__453_451,c03147332c34d516,training_tfexample.tfrecord-00001-of-01000#426,WOMD,training,training_tfexample.tfrecord-00001-of-01000,426,training,A,CORE,MERGE_CONTEXT_ELIGIBLE,MEDIUM,2,FRONT_CONSTRAINED,MEDIUM,LOW,MEDIUM,accept,,False
training_tfexample.tfrecord-00001-of-01000#427__t48__864_866,training_tfexample.tfrecord-00001-of-01000#427__t48__864_866,1e8ddd7b1ab70cdd,training_tfexample.tfrecord-00001-of-01000#427,WOMD,training,training_tfexample.tfrecord-00001-of-01000,427,training,A,CORE,MERGE_CONTEXT_ELIGIBLE,HIGH,2,BOTH_SIDES_CONSTRAINED,LOW,HIGH,HIGH,accept,,False
training_tfexample.tfrecord-00001-of-01000#427__t75__848_843,training_tfexample.tfrecord-00001-of-01000#427__t75__848_843,1e8ddd7b1ab70cdd,training_tfexample.tfrecord-00001-of-01000#427,WOMD,training,training_tfexample.tfrecord-00001-of-01000,427,training,A,CORE,MERGE_CONTEXT_ELIGIBLE,MEDIUM,2,BOTH_SIDES_CONSTRAINED,LOW,HIGH,MEDIUM,accept,,False
training_tfexample.tfrecord-00001-of-01000#429__t63__188_200,training_tfexample.tfrecord-00001-of-01000#429__t63__188_200,136a513033ab167b,training_tfexample.tfrecord-00001-of-01000#429,WOMD,training,training_tfexample.tfrecord-00001-of-01000,429,training,A,CORE,MERGE_CONTEXT_ELIGIBLE,MEDIUM,2,FRONT_CONSTRAINED,HIGH,LOW,MEDIUM,accept,,False
training_tfexample.tfrecord-00001-of-01000#431__t44__1009_1001,training_tfexample.tfrecord-00001-of-01000#431__t44__1009_1001,8af1c30d2eb36307,training_tfexample.tfrecord-00001-of-01000#431,WOMD,training,training_tfexample.tfrecord-00001-of-01000,431,training,A,CORE,MERGE_CONTEXT_ELIGIBLE,HIGH,2,SAFETY_CRITICAL_UNCERTAIN,LOW,HIGH,HIGH,accept,,False
training_tfexample.tfrecord-00001-of-01000#431__t82__1018_1021,training_tfexample.tfrecord-00001-of-01000#431__t82__1018_1021,8af1c30d2eb36307,training_tfexample.tfrecord-00001-of-01000#431,WOMD,training,training_tfexample.tfrecord-00001-of-01000,431,training,A,CORE,MERGE_CONTEXT_ELIGIBLE,HIGH,2,BOTH_SIDES_CONSTRAINED,LOW,HIGH,HIGH,accept,,False
training_tfexample.tfrecord-00001-of-01000#439__t40__387_388,training_tfexample.tfrecord-00001-of-01000#439__t40__387_388,d9ad165032ca1447,training_tfexample.tfrecord-00001-of-01000#439,WOMD,training,training_tfexample.tfrecord-00001-of-01000,439,training,B,SUPPORT,MERGE_CONTEXT_ELIGIBLE,MEDIUM,1,SAFETY_CRITICAL_UNCERTAIN,LOW,LOW,HIGH,accept,,False
training_tfexample.tfrecord-00001-of-01000#442__t27__458_444,training_tfexample.tfrecord-00001-of-01000#442__t27__458_444,20fb32c2bd262215,training_tfexample.tfrecord-00001-of-01000#442,WOMD,training,training_tfexample.tfrecord-00001-of-01000,442,training,B,SUPPORT,MERGE_CONTEXT_ELIGIBLE,MEDIUM,1,FRONT_CONSTRAINED,LOW,LOW,HIGH,accept,,False
training_tfexample.tfrecord-00001-of-01000#444__t51__313_316,training_tfexample.tfrecord-00001-of-01000#444__t51__313_316,fe3b0cd9e08de29c,training_tfexample.tfrecord-00001-of-01000#444,WOMD,training,training_tfexample.tfrecord-00001-of-01000,444,training,A,CORE,MERGE_CONTEXT_ELIGIBLE,HIGH,2,SAFETY_CRITICAL_UNCERTAIN,LOW,HIGH,HIGH,accept,,False
training_tfexample.tfrecord-00001-of-01000#449__t71__496_703,training_tfexample.tfrecord-00001-of-01000#449__t71__496_703,ecdc933566c49d43,training_tfexample.tfrecord-00001-of-01000#449,WOMD,training,training_tfexample.tfrecord-00001-of-01000,449,training,A,CORE,MERGE_CONTEXT_ELIGIBLE,HIGH,3,BOTH_SIDES_CONSTRAINED,HIGH,HIGH,MEDIUM,accept,,False
training_tfexample.tfrecord-00001-of-01000#455__t47__127_165,training_tfexample.tfrecord-00001-of-01000#455__t47__127_165,86352081ff363691,training_tfexample.tfrecord-00001-of-01000#455,WOMD,training,training_tfexample.tfrecord-00001-of-01000,455,training,A,CORE,MERGE_CONTEXT_ELIGIBLE,MEDIUM,2,FRONT_CONSTRAINED,HIGH,LOW,MEDIUM,accept,,False
training_tfexample.tfrecord-00001-of-01000#459__t49__77_150,training_tfexample.tfrecord-00001-of-01000#459__t49__77_150,4bcea86609b351bc,training_tfexample.tfrecord-00001-of-01000#459,WOMD,training,training_tfexample.tfrecord-00001-of-01000,459,training,B,SUPPORT,MERGE_CONTEXT_ELIGIBLE,MEDIUM,1,SAFETY_CRITICAL_UNCERTAIN,LOW,LOW,HIGH,accept,,False
training_tfexample.tfrecord-00001-of-01000#463__t11__207_205,training_tfexample.tfrecord-00001-of-01000#463__t11__207_205,ecb3331d4f3c2326,training_tfexample.tfrecord-00001-of-01000#463,WOMD,training,training_tfexample.tfrecord-00001-of-01000,463,training,B,SUPPORT,MERGE_CONTEXT_ELIGIBLE,LOW,1,WEAK_INTERACTION,LOW,LOW,MEDIUM,accept,,False
training_tfexample.tfrecord-00001-of-01000#468__t49__268_263,training_tfexample.tfrecord-00001-of-01000#468__t49__268_263,53d56d3dea07d241,training_tfexample.tfrecord-00001-of-01000#468,WOMD,training,training_tfexample.tfrecord-00001-of-01000,468,training,B,SUPPORT,MERGE_CONTEXT_ELIGIBLE,MEDIUM,1,SAFETY_CRITICAL_UNCERTAIN,LOW,LOW,HIGH,accept,,False
training_tfexample.tfrecord-00001-of-01000#475__t72__147_171,training_tfexample.tfrecord-00001-of-01000#475__t72__147_171,a5e3348721b8235f,training_tfexample.tfrecord-00001-of-01000#475,WOMD,training,training_tfexample.tfrecord-00001-of-01000,475,training,B,SUPPORT,MERGE_CONTEXT_ELIGIBLE,MEDIUM,1,FRONT_CONSTRAINED,LOW,LOW,MEDIUM,accept,,False
training_tfexample.tfrecord-00002-of-01000#0__t9__316_324,training_tfexample.tfrecord-00002-of-01000#0__t9__316_324,657a5bc4dda0761d,training_tfexample.tfrecord-00002-of-01000#0,WOMD,training,training_tfexample.tfrecord-00002-of-01000,0,training,B,SUPPORT,MERGE_CONTEXT_ELIGIBLE,MEDIUM,1,SAFETY_CRITICAL_UNCERTAIN,LOW,LOW,HIGH,accept,,False
training_tfexample.tfrecord-00002-of-01000#0__t62__340_280,training_tfexample.tfrecord-00002-of-01000#0__t62__340_280,657a5bc4dda0761d,training_tfexample.tfrecord-00002-of-01000#0,WOMD,training,training_tfexample.tfrecord-00002-of-01000,0,training,A,CORE,MERGE_CONTEXT_ELIGIBLE,HIGH,2,SAFETY_CRITICAL_UNCERTAIN,LOW,HIGH,HIGH,accept,,False
training_tfexample.tfrecord-00002-of-01000#10__t23__311_300,training_tfexample.tfrecord-00002-of-01000#10__t23__311_300,f7b5a3b86478e3b6,training_tfexample.tfrecord-00002-of-01000#10,WOMD,training,training_tfexample.tfrecord-00002-of-01000,10,training,B,SUPPORT,MERGE_CONTEXT_ELIGIBLE,MEDIUM,1,SAFETY_CRITICAL_UNCERTAIN,LOW,LOW,HIGH,accept,,False
training_tfexample.tfrecord-00002-of-01000#13__t88__90_89,training_tfexample.tfrecord-00002-of-01000#13__t88__90_89,8d6051951ae65555,training_tfexample.tfrecord-00002-of-01000#13,WOMD,training,training_tfexample.tfrecord-00002-of-01000,13,training,B,SUPPORT,MERGE_CONTEXT_ELIGIBLE,LOW,1,APPROACH_KEEP_CONTEXT,MEDIUM,LOW,LOW,reject,target_not_stable,False
training_tfexample.tfrecord-00002-of-01000#20__t49__348_568,training_tfexample.tfrecord-00002-of-01000#20__t49__348_568,715a3f2c549d649d,training_tfexample.tfrecord-00002-of-01000#20,WOMD,training,training_tfexample.tfrecord-00002-of-01000,20,training,A,CORE,MERGE_CONTEXT_ELIGIBLE,HIGH,2,SAFETY_CRITICAL_UNCERTAIN,LOW,HIGH,HIGH,accept,,True
training_tfexample.tfrecord-00002-of-01000#21__t22__308_344,training_tfexample.tfrecord-00002-of-01000#21__t22__308_344,231f0e795e55ddb2,training_tfexample.tfrecord-00002-of-01000#21,WOMD,training,training_tfexample.tfrecord-00002-of-01000,21,training,B,SUPPORT,MERGE_CONTEXT_ELIGIBLE,MEDIUM,1,SAFETY_CRITICAL_UNCERTAIN,LOW,LOW,HIGH,accept,,False
training_tfexample.tfrecord-00002-of-01000#25__t5__514_518,training_tfexample.tfrecord-00002-of-01000#25__t5__514_518,943a723daed63e53,training_tfexample.tfrecord-00002-of-01000#25,WOMD,training,training_tfexample.tfrecord-00002-of-01000,25,training,B,SUPPORT,MERGE_CONTEXT_ELIGIBLE,MEDIUM,1,SAFETY_CRITICAL_UNCERTAIN,LOW,LOW,HIGH,accept,,False
training_tfexample.tfrecord-00002-of-01000#28__t52__705_724,training_tfexample.tfrecord-00002-of-01000#28__t52__705_724,53babe495d376351,training_tfexample.tfrecord-00002-of-01000#28,WOMD,training,training_tfexample.tfrecord-00002-of-01000,28,training,A,CORE,MERGE_CONTEXT_ELIGIBLE,HIGH,2,SAFETY_CRITICAL_UNCERTAIN,LOW,HIGH,HIGH,accept,,False
training_tfexample.tfrecord-00002-of-01000#34__t41__66_61,training_tfexample.tfrecord-00002-of-01000#34__t41__66_61,4d591e907153724c,training_tfexample.tfrecord-00002-of-01000#34,WOMD,training,training_tfexample.tfrecord-00002-of-01000,34,training,A,CORE,MERGE_CONTEXT_ELIGIBLE,HIGH,3,BOTH_SIDES_CONSTRAINED,HIGH,MEDIUM,MEDIUM,accept,,False
training_tfexample.tfrecord-00002-of-01000#42__t59__601_587,training_tfexample.tfrecord-00002-of-01000#42__t59__601_587,bb62094a2e77ce04,training_tfexample.tfrecord-00002-of-01000#42,WOMD,training,training_tfexample.tfrecord-00002-of-01000,42,training,A,CORE,MERGE_CONTEXT_ELIGIBLE,HIGH,2,SAFETY_CRITICAL_UNCERTAIN,LOW,HIGH,HIGH,accept,,False
training_tfexample.tfrecord-00002-of-01000#47__t41__109_112,training_tfexample.tfrecord-00002-of-01000#47__t41__109_112,46b9fcb066e4b2e3,training_tfexample.tfrecord-00002-of-01000#47,WOMD,training,training_tfexample.tfrecord-00002-of-01000,47,training,A,CORE,MERGE_CONTEXT_ELIGIBLE,HIGH,2,SAFETY_CRITICAL_UNCERTAIN,LOW,HIGH,HIGH,accept,,False
training_tfexample.tfrecord-00002-of-01000#48__t86__513_517,training_tfexample.tfrecord-00002-of-01000#48__t86__513_517,87f22a9fdc29fae,training_tfexample.tfrecord-00002-of-01000#48,WOMD,training,training_tfexample.tfrecord-00002-of-01000,48,training,A,CORE,MERGE_CONTEXT_ELIGIBLE,HIGH,2,BOTH_SIDES_CONSTRAINED,LOW,HIGH,HIGH,accept,,False
training_tfexample.tfrecord-00002-of-01000#61__t44__502_713,training_tfexample.tfrecord-00002-of-01000#61__t44__502_713,dcf8ec65a895e527,training_tfexample.tfrecord-00002-of-01000#61,WOMD,training,training_tfexample.tfrecord-00002-of-01000,61,training,A,CORE,MERGE_CONTEXT_ELIGIBLE,HIGH,2,SAFETY_CRITICAL_UNCERTAIN,LOW,HIGH,HIGH,accept,,False
training_tfexample.tfrecord-00002-of-01000#63__t26__113_124,training_tfexample.tfrecord-00002-of-01000#63__t26__113_124,23a74b19d7f43e37,training_tfexample.tfrecord-00002-of-01000#63,WOMD,training,training_tfexample.tfrecord-00002-of-01000,63,training,B,SUPPORT,MERGE_CONTEXT_ELIGIBLE,MEDIUM,1,SAFETY_CRITICAL_UNCERTAIN,LOW,LOW,HIGH,accept,,False
training_tfexample.tfrecord-00002-of-01000#65__t74__293_295,training_tfexample.tfrecord-00002-of-01000#65__t74__293_295,5a73d3a99c578510,training_tfexample.tfrecord-00002-of-01000#65,WOMD,training,training_tfexample.tfrecord-00002-of-01000,65,training,B,SUPPORT,MERGE_CONTEXT_ELIGIBLE,MEDIUM,1,FRONT_CONSTRAINED,LOW,LOW,MEDIUM,accept,,False
training_tfexample.tfrecord-00002-of-01000#78__t67__67_76,training_tfexample.tfrecord-00002-of-01000#78__t67__67_76,a26bc476ad434f42,training_tfexample.tfrecord-00002-of-01000#78,WOMD,training,training_tfexample.tfrecord-00002-of-01000,78,training,B,SUPPORT,MERGE_CONTEXT_ELIGIBLE,MEDIUM,1,SAFETY_CRITICAL_UNCERTAIN,LOW,LOW,HIGH,accept,,False
training_tfexample.tfrecord-00002-of-01000#82__t87__195_221,training_tfexample.tfrecord-00002-of-01000#82__t87__195_221,60fc26a6c1bc9513,training_tfexample.tfrecord-00002-of-01000#82,WOMD,training,training_tfexample.tfrecord-00002-of-01000,82,training,B,SUPPORT,MERGE_CONTEXT_ELIGIBLE,MEDIUM,1,BOTH_SIDES_CONSTRAINED,LOW,LOW,HIGH,reject,target_not_stable,False
training_tfexample.tfrecord-00002-of-01000#86__t53__298_276,training_tfexample.tfrecord-00002-of-01000#86__t53__298_276,8155447a63fc771d,training_tfexample.tfrecord-00002-of-01000#86,WOMD,training,training_tfexample.tfrecord-00002-of-01000,86,training,B,SUPPORT,MERGE_CONTEXT_ELIGIBLE,LOW,1,WEAK_INTERACTION,LOW,LOW,MEDIUM,accept,,False
training_tfexample.tfrecord-00002-of-01000#88__t29__284_214,training_tfexample.tfrecord-00002-of-01000#88__t29__284_214,614b88aa10f2761,training_tfexample.tfrecord-00002-of-01000#88,WOMD,training,training_tfexample.tfrecord-00002-of-01000,88,training,A,CORE,MERGE_CONTEXT_ELIGIBLE,HIGH,2,BOTH_SIDES_CONSTRAINED,LOW,HIGH,HIGH,accept,,False
training_tfexample.tfrecord-00002-of-01000#89__t12__253_255,training_tfexample.tfrecord-00002-of-01000#89__t12__253_255,a078813c5eda7c4f,training_tfexample.tfrecord-00002-of-01000#89,WOMD,training,training_tfexample.tfrecord-00002-of-01000,89,training,B,SUPPORT,MERGE_CONTEXT_ELIGIBLE,MEDIUM,1,SAFETY_CRITICAL_UNCERTAIN,LOW,LOW,HIGH,accept,,False
training_tfexample.tfrecord-00002-of-01000#89__t86__256_246,training_tfexample.tfrecord-00002-of-01000#89__t86__256_246,a078813c5eda7c4f,training_tfexample.tfrecord-00002-of-01000#89,WOMD,training,training_tfexample.tfrecord-00002-of-01000,89,training,B,SUPPORT,MERGE_CONTEXT_ELIGIBLE,MEDIUM,1,SAFETY_CRITICAL_UNCERTAIN,LOW,LOW,HIGH,accept,,False
training_tfexample.tfrecord-00002-of-01000#97__t62__182_192,training_tfexample.tfrecord-00002-of-01000#97__t62__182_192,a5e8f99862ba262c,training_tfexample.tfrecord-00002-of-01000#97,WOMD,training,training_tfexample.tfrecord-00002-of-01000,97,training,A,CORE,MERGE_CONTEXT_ELIGIBLE,HIGH,2,SAFETY_CRITICAL_UNCERTAIN,LOW,HIGH,HIGH,accept,,False
training_tfexample.tfrecord-00002-of-01000#101__t30__201_195,training_tfexample.tfrecord-00002-of-01000#101__t30__201_195,cc4ee92088c3fa31,training_tfexample.tfrecord-00002-of-01000#101,WOMD,training,training_tfexample.tfrecord-00002-of-01000,101,training,A,CORE,MERGE_CONTEXT_ELIGIBLE,HIGH,2,BOTH_SIDES_CONSTRAINED,LOW,HIGH,HIGH,accept,,False
training_tfexample.tfrecord-00002-of-01000#102__t10__91_108,training_tfexample.tfrecord-00002-of-01000#102__t10__91_108,bc931e87c6da79a8,training_tfexample.tfrecord-00002-of-01000#102,WOMD,training,training_tfexample.tfrecord-00002-of-01000,102,training,A,CORE,MERGE_CONTEXT_ELIGIBLE,HIGH,2,SAFETY_CRITICAL_UNCERTAIN,LOW,HIGH,HIGH,accept,,False
training_tfexample.tfrecord-00002-of-01000#103__t47__61_62,training_tfexample.tfrecord-00002-of-01000#103__t47__61_62,1c329f0a46f448f6,training_tfexample.tfrecord-00002-of-01000#103,WOMD,training,training_tfexample.tfrecord-00002-of-01000,103,training,A,CORE,MERGE_CONTEXT_ELIGIBLE,HIGH,2,SAFETY_CRITICAL_UNCERTAIN,LOW,HIGH,HIGH,accept,,True
training_tfexample.tfrecord-00002-of-01000#104__t36__297_295,training_tfexample.tfrecord-00002-of-01000#104__t36__297_295,a7712c28cb5e5d53,training_tfexample.tfrecord-00002-of-01000#104,WOMD,training,training_tfexample.tfrecord-00002-of-01000,104,training,B,SUPPORT,MERGE_CONTEXT_ELIGIBLE,MEDIUM,1,BOTH_SIDES_CONSTRAINED,LOW,LOW,HIGH,accept,,False
training_tfexample.tfrecord-00002-of-01000#105__t86__276_226,training_tfexample.tfrecord-00002-of-01000#105__t86__276_226,e81b72c9a0542d10,training_tfexample.tfrecord-00002-of-01000#105,WOMD,training,training_tfexample.tfrecord-00002-of-01000,105,training,A,CORE,MERGE_CONTEXT_ELIGIBLE,HIGH,2,SAFETY_CRITICAL_UNCERTAIN,LOW,HIGH,HIGH,accept,,False
training_tfexample.tfrecord-00002-of-01000#107__t12__108_117,training_tfexample.tfrecord-00002-of-01000#107__t12__108_117,9bd550b09e0154bc,training_tfexample.tfrecord-00002-of-01000#107,WOMD,training,training_tfexample.tfrecord-00002-of-01000,107,training,B,SUPPORT,MERGE_CONTEXT_ELIGIBLE,MEDIUM,1,SAFETY_CRITICAL_UNCERTAIN,LOW,LOW,HIGH,accept,,False
training_tfexample.tfrecord-00002-of-01000#108__t74__154_164,training_tfexample.tfrecord-00002-of-01000#108__t74__154_164,c6caa4368ebf4954,training_tfexample.tfrecord-00002-of-01000#108,WOMD,training,training_tfexample.tfrecord-00002-of-01000,108,training,A,CORE,MERGE_CONTEXT_ELIGIBLE,MEDIUM,2,FRONT_CONSTRAINED,MEDIUM,LOW,MEDIUM,accept,,False
training_tfexample.tfrecord-00002-of-01000#119__t12__285_290,training_tfexample.tfrecord-00002-of-01000#119__t12__285_290,34ec6c97c889c0ac,training_tfexample.tfrecord-00002-of-01000#119,WOMD,training,training_tfexample.tfrecord-00002-of-01000,119,training,B,SUPPORT,MERGE_CONTEXT_ELIGIBLE,MEDIUM,1,SAFETY_CRITICAL_UNCERTAIN,LOW,LOW,HIGH,accept,,False
training_tfexample.tfrecord-00002-of-01000#131__t29__108_107,training_tfexample.tfrecord-00002-of-01000#131__t29__108_107,a04e78a9b1345330,training_tfexample.tfrecord-00002-of-01000#131,WOMD,training,training_tfexample.tfrecord-00002-of-01000,131,training,B,SUPPORT,MERGE_CONTEXT_ELIGIBLE,MEDIUM,1,SAFETY_CRITICAL_UNCERTAIN,LOW,LOW,HIGH,accept,,False
training_tfexample.tfrecord-00002-of-01000#136__t42__429_393,training_tfexample.tfrecord-00002-of-01000#136__t42__429_393,7c30a0f3d31dda07,training_tfexample.tfrecord-00002-of-01000#136,WOMD,training,training_tfexample.tfrecord-00002-of-01000,136,training,A,CORE,MERGE_CONTEXT_ELIGIBLE,HIGH,2,BOTH_SIDES_CONSTRAINED,LOW,HIGH,HIGH,accept,,False
training_tfexample.tfrecord-00002-of-01000#143__t53__890_877,training_tfexample.tfrecord-00002-of-01000#143__t53__890_877,8106c507b99cb9f7,training_tfexample.tfrecord-00002-of-01000#143,WOMD,training,training_tfexample.tfrecord-00002-of-01000,143,training,B,SUPPORT,MERGE_CONTEXT_ELIGIBLE,MEDIUM,1,FRONT_CONSTRAINED,LOW,LOW,MEDIUM,accept,,False
training_tfexample.tfrecord-00002-of-01000#146__t55__188_200,training_tfexample.tfrecord-00002-of-01000#146__t55__188_200,2c50052bd5e0ff3b,training_tfexample.tfrecord-00002-of-01000#146,WOMD,training,training_tfexample.tfrecord-00002-of-01000,146,training,B,SUPPORT,MERGE_CONTEXT_ELIGIBLE,MEDIUM,1,FRONT_CONSTRAINED,LOW,LOW,HIGH,accept,,False
training_tfexample.tfrecord-00002-of-01000#148__t86__504_511,training_tfexample.tfrecord-00002-of-01000#148__t86__504_511,fd4a85a1706881f8,training_tfexample.tfrecord-00002-of-01000#148,WOMD,training,training_tfexample.tfrecord-00002-of-01000,148,training,A,CORE,MERGE_CONTEXT_ELIGIBLE,HIGH,2,BOTH_SIDES_CONSTRAINED,LOW,HIGH,HIGH,accept,,False
training_tfexample.tfrecord-00002-of-01000#149__t47__929_945,training_tfexample.tfrecord-00002-of-01000#149__t47__929_945,5de12ea10e392c0,training_tfexample.tfrecord-00002-of-01000#149,WOMD,training,training_tfexample.tfrecord-00002-of-01000,149,training,A,CORE,MERGE_CONTEXT_ELIGIBLE,HIGH,2,SAFETY_CRITICAL_UNCERTAIN,LOW,HIGH,HIGH,accept,,False
training_tfexample.tfrecord-00002-of-01000#150__t28__150_144,training_tfexample.tfrecord-00002-of-01000#150__t28__150_144,b8366777000c83c3,training_tfexample.tfrecord-00002-of-01000#150,WOMD,training,training_tfexample.tfrecord-00002-of-01000,150,training,A,CORE,MERGE_CONTEXT_ELIGIBLE,HIGH,2,SAFETY_CRITICAL_UNCERTAIN,LOW,HIGH,HIGH,accept,,False
training_tfexample.tfrecord-00002-of-01000#151__t18__551_553,training_tfexample.tfrecord-00002-of-01000#151__t18__551_553,7e820a443ab67156,training_tfexample.tfrecord-00002-of-01000#151,WOMD,training,training_tfexample.tfrecord-00002-of-01000,151,training,B,SUPPORT,MERGE_CONTEXT_ELIGIBLE,LOW,1,SAFETY_CRITICAL_UNCERTAIN,LOW,LOW,MEDIUM,accept,,False
training_tfexample.tfrecord-00002-of-01000#154__t74__397_403,training_tfexample.tfrecord-00002-of-01000#154__t74__397_403,6cd222e2412de21e,training_tfexample.tfrecord-00002-of-01000#154,WOMD,training,training_tfexample.tfrecord-00002-of-01000,154,training,B,SUPPORT,MERGE_CONTEXT_ELIGIBLE,MEDIUM,1,SAFETY_CRITICAL_UNCERTAIN,LOW,LOW,HIGH,accept,,False
training_tfexample.tfrecord-00002-of-01000#156__t44__71_82,training_tfexample.tfrecord-00002-of-01000#156__t44__71_82,3f1ed0b089e05032,training_tfexample.tfrecord-00002-of-01000#156,WOMD,training,training_tfexample.tfrecord-00002-of-01000,156,training,B,SUPPORT,MERGE_CONTEXT_ELIGIBLE,MEDIUM,1,FRONT_CONSTRAINED,LOW,LOW,MEDIUM,accept,,False
training_tfexample.tfrecord-00002-of-01000#158__t38__251_290,training_tfexample.tfrecord-00002-of-01000#158__t38__251_290,ebe9d49116f9a1af,training_tfexample.tfrecord-00002-of-01000#158,WOMD,training,training_tfexample.tfrecord-00002-of-01000,158,training,A,CORE,MERGE_CONTEXT_ELIGIBLE,HIGH,2,BOTH_SIDES_CONSTRAINED,LOW,HIGH,HIGH,accept,,False
training_tfexample.tfrecord-00002-of-01000#162__t49__127_123,training_tfexample.tfrecord-00002-of-01000#162__t49__127_123,1a0d119a69df83fc,training_tfexample.tfrecord-00002-of-01000#162,WOMD,training,training_tfexample.tfrecord-00002-of-01000,162,training,A,CORE,MERGE_CONTEXT_ELIGIBLE,MEDIUM,2,WEAK_INTERACTION,HIGH,LOW,MEDIUM,accept,,False
training_tfexample.tfrecord-00002-of-01000#174__t63__127_122,training_tfexample.tfrecord-00002-of-01000#174__t63__127_122,d9a6e275eac44e83,training_tfexample.tfrecord-00002-of-01000#174,WOMD,training,training_tfexample.tfrecord-00002-of-01000,174,training,B,SUPPORT,MERGE_CONTEXT_ELIGIBLE,MEDIUM,1,SAFETY_CRITICAL_UNCERTAIN,LOW,LOW,HIGH,accept,,False
training_tfexample.tfrecord-00002-of-01000#178__t49__389_404,training_tfexample.tfrecord-00002-of-01000#178__t49__389_404,765e1346bcfa63c9,training_tfexample.tfrecord-00002-of-01000#178,WOMD,training,training_tfexample.tfrecord-00002-of-01000,178,training,A,CORE,MERGE_CONTEXT_ELIGIBLE,HIGH,2,SAFETY_CRITICAL_UNCERTAIN,LOW,HIGH,HIGH,accept,,False
training_tfexample.tfrecord-00002-of-01000#180__t71__461_456,training_tfexample.tfrecord-00002-of-01000#180__t71__461_456,7592bfe810df459b,training_tfexample.tfrecord-00002-of-01000#180,WOMD,training,training_tfexample.tfrecord-00002-of-01000,180,training,A,CORE,MERGE_CONTEXT_ELIGIBLE,HIGH,2,SAFETY_CRITICAL_UNCERTAIN,LOW,HIGH,HIGH,accept,,False
training_tfexample.tfrecord-00002-of-01000#183__t20__587_363,training_tfexample.tfrecord-00002-of-01000#183__t20__587_363,cf305d392aa6982f,training_tfexample.tfrecord-00002-of-01000#183,WOMD,training,training_tfexample.tfrecord-00002-of-01000,183,training,A,CORE,MERGE_CONTEXT_ELIGIBLE,HIGH,2,SAFETY_CRITICAL_UNCERTAIN,LOW,HIGH,HIGH,accept,,False
training_tfexample.tfrecord-00002-of-01000#184__t15__131_118,training_tfexample.tfrecord-00002-of-01000#184__t15__131_118,5f1cd422b00d5b20,training_tfexample.tfrecord-00002-of-01000#184,WOMD,training,training_tfexample.tfrecord-00002-of-01000,184,training,B,SUPPORT,MERGE_CONTEXT_ELIGIBLE,MEDIUM,1,SAFETY_CRITICAL_UNCERTAIN,LOW,LOW,HIGH,accept,,False
training_tfexample.tfrecord-00002-of-01000#189__t9__292_307,training_tfexample.tfrecord-00002-of-01000#189__t9__292_307,8da20e89341aed26,training_tfexample.tfrecord-00002-of-01000#189,WOMD,training,training_tfexample.tfrecord-00002-of-01000,189,training,B,SUPPORT,MERGE_CONTEXT_ELIGIBLE,MEDIUM,1,SAFETY_CRITICAL_UNCERTAIN,LOW,LOW,HIGH,accept,,False
training_tfexample.tfrecord-00002-of-01000#198__t64__156_189,training_tfexample.tfrecord-00002-of-01000#198__t64__156_189,1b60ea2b97ef6cea,training_tfexample.tfrecord-00002-of-01000#198,WOMD,training,training_tfexample.tfrecord-00002-of-01000,198,training,B,SUPPORT,MERGE_CONTEXT_ELIGIBLE,MEDIUM,1,SAFETY_CRITICAL_UNCERTAIN,LOW,LOW,HIGH,accept,,False
training_tfexample.tfrecord-00002-of-01000#198__t86__192_228,training_tfexample.tfrecord-00002-of-01000#198__t86__192_228,1b60ea2b97ef6cea,training_tfexample.tfrecord-00002-of-01000#198,WOMD,training,training_tfexample.tfrecord-00002-of-01000,198,training,A,CORE,MERGE_CONTEXT_ELIGIBLE,HIGH,2,SAFETY_CRITICAL_UNCERTAIN,LOW,HIGH,HIGH,accept,,False
training_tfexample.tfrecord-00002-of-01000#206__t48__115_112,training_tfexample.tfrecord-00002-of-01000#206__t48__115_112,bed8ce933be25a46,training_tfexample.tfrecord-00002-of-01000#206,WOMD,training,training_tfexample.tfrecord-00002-of-01000,206,training,A,CORE,MERGE_CONTEXT_ELIGIBLE,HIGH,2,SAFETY_CRITICAL_UNCERTAIN,LOW,HIGH,HIGH,accept,,False
training_tfexample.tfrecord-00002-of-01000#210__t14__125_69,training_tfexample.tfrecord-00002-of-01000#210__t14__125_69,d24e2a7d5868dc58,training_tfexample.tfrecord-00002-of-01000#210,WOMD,training,training_tfexample.tfrecord-00002-of-01000,210,training,B,SUPPORT,MERGE_CONTEXT_ELIGIBLE,LOW,1,WEAK_INTERACTION,LOW,LOW,MEDIUM,accept,,False
training_tfexample.tfrecord-00002-of-01000#216__t84__250_255,training_tfexample.tfrecord-00002-of-01000#216__t84__250_255,1d8f2982e3f18fab,training_tfexample.tfrecord-00002-of-01000#216,WOMD,training,training_tfexample.tfrecord-00002-of-01000,216,training,B,SUPPORT,MERGE_CONTEXT_ELIGIBLE,MEDIUM,1,SAFETY_CRITICAL_UNCERTAIN,LOW,LOW,MEDIUM,accept,,False
training_tfexample.tfrecord-00002-of-01000#217__t33__172_285,training_tfexample.tfrecord-00002-of-01000#217__t33__172_285,f14c45ee1b61bda6,training_tfexample.tfrecord-00002-of-01000#217,WOMD,training,training_tfexample.tfrecord-00002-of-01000,217,training,A,CORE,MERGE_CONTEXT_ELIGIBLE,HIGH,2,SAFETY_CRITICAL_UNCERTAIN,LOW,HIGH,HIGH,accept,,False
training_tfexample.tfrecord-00002-of-01000#219__t80__151_163,training_tfexample.tfrecord-00002-of-01000#219__t80__151_163,5ee83734b20e1405,training_tfexample.tfrecord-00002-of-01000#219,WOMD,training,training_tfexample.tfrecord-00002-of-01000,219,training,B,SUPPORT,MERGE_CONTEXT_ELIGIBLE,MEDIUM,1,FRONT_CONSTRAINED,LOW,LOW,MEDIUM,accept,,False
training_tfexample.tfrecord-00002-of-01000#221__t69__979_961,training_tfexample.tfrecord-00002-of-01000#221__t69__979_961,bcbe8180bba07392,training_tfexample.tfrecord-00002-of-01000#221,WOMD,training,training_tfexample.tfrecord-00002-of-01000,221,training,B,SUPPORT,MERGE_CONTEXT_ELIGIBLE,MEDIUM,1,SAFETY_CRITICAL_UNCERTAIN,LOW,LOW,MEDIUM,accept,,False
training_tfexample.tfrecord-00002-of-01000#222__t18__361_360,training_tfexample.tfrecord-00002-of-01000#222__t18__361_360,eba992109ba9b4ab,training_tfexample.tfrecord-00002-of-01000#222,WOMD,training,training_tfexample.tfrecord-00002-of-01000,222,training,B,SUPPORT,MERGE_CONTEXT_ELIGIBLE,LOW,1,WEAK_INTERACTION,LOW,LOW,MEDIUM,accept,,False
training_tfexample.tfrecord-00002-of-01000#230__t34__203_217,training_tfexample.tfrecord-00002-of-01000#230__t34__203_217,e8359241433fbd80,training_tfexample.tfrecord-00002-of-01000#230,WOMD,training,training_tfexample.tfrecord-00002-of-01000,230,training,A,CORE,MERGE_CONTEXT_ELIGIBLE,HIGH,2,SAFETY_CRITICAL_UNCERTAIN,LOW,HIGH,HIGH,accept,,False
training_tfexample.tfrecord-00002-of-01000#231__t36__267_269,training_tfexample.tfrecord-00002-of-01000#231__t36__267_269,addced0eb8e7f6c2,training_tfexample.tfrecord-00002-of-01000#231,WOMD,training,training_tfexample.tfrecord-00002-of-01000,231,training,B,SUPPORT,MERGE_CONTEXT_ELIGIBLE,MEDIUM,1,SAFETY_CRITICAL_UNCERTAIN,LOW,LOW,HIGH,accept,,False
training_tfexample.tfrecord-00002-of-01000#232__t17__118_117,training_tfexample.tfrecord-00002-of-01000#232__t17__118_117,ad9c2234e281ccb9,training_tfexample.tfrecord-00002-of-01000#232,WOMD,training,training_tfexample.tfrecord-00002-of-01000,232,training,A,CORE,MERGE_CONTEXT_ELIGIBLE,MEDIUM,2,BOTH_SIDES_CONSTRAINED,LOW,HIGH,MEDIUM,accept,,False
training_tfexample.tfrecord-00002-of-01000#236__t62__207_232,training_tfexample.tfrecord-00002-of-01000#236__t62__207_232,a463243f526d8328,training_tfexample.tfrecord-00002-of-01000#236,WOMD,training,training_tfexample.tfrecord-00002-of-01000,236,training,A,CORE,MERGE_CONTEXT_ELIGIBLE,HIGH,2,SAFETY_CRITICAL_UNCERTAIN,LOW,HIGH,HIGH,accept,,False
training_tfexample.tfrecord-00002-of-01000#239__t61__132_161,training_tfexample.tfrecord-00002-of-01000#239__t61__132_161,e39e9f582e1fc09d,training_tfexample.tfrecord-00002-of-01000#239,WOMD,training,training_tfexample.tfrecord-00002-of-01000,239,training,A,CORE,MERGE_CONTEXT_ELIGIBLE,HIGH,2,BOTH_SIDES_CONSTRAINED,LOW,MEDIUM,HIGH,accept,,False
training_tfexample.tfrecord-00002-of-01000#243__t61__197_151,training_tfexample.tfrecord-00002-of-01000#243__t61__197_151,63f89894e4b4231f,training_tfexample.tfrecord-00002-of-01000#243,WOMD,training,training_tfexample.tfrecord-00002-of-01000,243,training,A,CORE,MERGE_CONTEXT_ELIGIBLE,HIGH,2,BOTH_SIDES_CONSTRAINED,LOW,HIGH,HIGH,accept,,False
training_tfexample.tfrecord-00002-of-01000#253__t43__181_128,training_tfexample.tfrecord-00002-of-01000#253__t43__181_128,1d0a51411380df93,training_tfexample.tfrecord-00002-of-01000#253,WOMD,training,training_tfexample.tfrecord-00002-of-01000,253,training,B,SUPPORT,MERGE_CONTEXT_ELIGIBLE,MEDIUM,1,FRONT_CONSTRAINED,LOW,LOW,MEDIUM,accept,,False
training_tfexample.tfrecord-00002-of-01000#262__t42__287_289,training_tfexample.tfrecord-00002-of-01000#262__t42__287_289,170f71e9e5b682c2,training_tfexample.tfrecord-00002-of-01000#262,WOMD,training,training_tfexample.tfrecord-00002-of-01000,262,training,A,CORE,MERGE_CONTEXT_ELIGIBLE,HIGH,2,SAFETY_CRITICAL_UNCERTAIN,LOW,HIGH,HIGH,accept,,False
training_tfexample.tfrecord-00002-of-01000#266__t80__118_114,training_tfexample.tfrecord-00002-of-01000#266__t80__118_114,7e0803d89a7ca159,training_tfexample.tfrecord-00002-of-01000#266,WOMD,training,training_tfexample.tfrecord-00002-of-01000,266,training,A,CORE,MERGE_CONTEXT_ELIGIBLE,HIGH,2,SAFETY_CRITICAL_UNCERTAIN,LOW,HIGH,HIGH,accept,,False
training_tfexample.tfrecord-00002-of-01000#269__t32__172_164,training_tfexample.tfrecord-00002-of-01000#269__t32__172_164,1f429af177d0077d,training_tfexample.tfrecord-00002-of-01000#269,WOMD,training,training_tfexample.tfrecord-00002-of-01000,269,training,B,SUPPORT,MERGE_CONTEXT_ELIGIBLE,MEDIUM,1,SAFETY_CRITICAL_UNCERTAIN,LOW,LOW,HIGH,accept,,False
training_tfexample.tfrecord-00002-of-01000#274__t78__459_474,training_tfexample.tfrecord-00002-of-01000#274__t78__459_474,cdd1cae924147b95,training_tfexample.tfrecord-00002-of-01000#274,WOMD,training,training_tfexample.tfrecord-00002-of-01000,274,training,B,SUPPORT,MERGE_CONTEXT_ELIGIBLE,LOW,1,WEAK_INTERACTION,LOW,LOW,MEDIUM,accept,,False
training_tfexample.tfrecord-00002-of-01000#278__t24__157_170,training_tfexample.tfrecord-00002-of-01000#278__t24__157_170,9acc2069bd8802f0,training_tfexample.tfrecord-00002-of-01000#278,WOMD,training,training_tfexample.tfrecord-00002-of-01000,278,training,A,CORE,MERGE_CONTEXT_ELIGIBLE,HIGH,2,SAFETY_CRITICAL_UNCERTAIN,LOW,HIGH,HIGH,accept,,False
training_tfexample.tfrecord-00002-of-01000#279__t48__120_186,training_tfexample.tfrecord-00002-of-01000#279__t48__120_186,b686d9558bcff7cc,training_tfexample.tfrecord-00002-of-01000#279,WOMD,training,training_tfexample.tfrecord-00002-of-01000,279,training,A,CORE,MERGE_CONTEXT_ELIGIBLE,MEDIUM,2,FRONT_CONSTRAINED,MEDIUM,LOW,MEDIUM,accept,,False
training_tfexample.tfrecord-00002-of-01000#286__t7__124_181,training_tfexample.tfrecord-00002-of-01000#286__t7__124_181,684c8a58c6b9eb4d,training_tfexample.tfrecord-00002-of-01000#286,WOMD,training,training_tfexample.tfrecord-00002-of-01000,286,training,B,SUPPORT,MERGE_CONTEXT_ELIGIBLE,MEDIUM,1,SAFETY_CRITICAL_UNCERTAIN,LOW,LOW,HIGH,accept,,False
training_tfexample.tfrecord-00002-of-01000#290__t19__898_887,training_tfexample.tfrecord-00002-of-01000#290__t19__898_887,c505e6a833a901c4,training_tfexample.tfrecord-00002-of-01000#290,WOMD,training,training_tfexample.tfrecord-00002-of-01000,290,training,B,SUPPORT,MERGE_CONTEXT_ELIGIBLE,MEDIUM,1,FRONT_CONSTRAINED,LOW,LOW,MEDIUM,accept,,False
training_tfexample.tfrecord-00002-of-01000#290__t61__879_840,training_tfexample.tfrecord-00002-of-01000#290__t61__879_840,c505e6a833a901c4,training_tfexample.tfrecord-00002-of-01000#290,WOMD,training,training_tfexample.tfrecord-00002-of-01000,290,training,B,SUPPORT,MERGE_CONTEXT_ELIGIBLE,MEDIUM,1,FRONT_CONSTRAINED,LOW,LOW,MEDIUM,accept,,False
training_tfexample.tfrecord-00002-of-01000#295__t80__115_106,training_tfexample.tfrecord-00002-of-01000#295__t80__115_106,55bd60b397a4e84,training_tfexample.tfrecord-00002-of-01000#295,WOMD,training,training_tfexample.tfrecord-00002-of-01000,295,training,A,CORE,MERGE_CONTEXT_ELIGIBLE,MEDIUM,2,FRONT_CONSTRAINED,HIGH,LOW,MEDIUM,accept,,False
training_tfexample.tfrecord-00002-of-01000#304__t79__407_315,training_tfexample.tfrecord-00002-of-01000#304__t79__407_315,f727362f2d1784ce,training_tfexample.tfrecord-00002-of-01000#304,WOMD,training,training_tfexample.tfrecord-00002-of-01000,304,training,A,CORE,MERGE_CONTEXT_ELIGIBLE,HIGH,3,BOTH_SIDES_CONSTRAINED,HIGH,HIGH,MEDIUM,accept,,False
training_tfexample.tfrecord-00002-of-01000#306__t78__368_346,training_tfexample.tfrecord-00002-of-01000#306__t78__368_346,d4b574d6cf53deaa,training_tfexample.tfrecord-00002-of-01000#306,WOMD,training,training_tfexample.tfrecord-00002-of-01000,306,training,B,SUPPORT,MERGE_CONTEXT_ELIGIBLE,LOW,1,WEAK_INTERACTION,LOW,LOW,MEDIUM,accept,,False
training_tfexample.tfrecord-00002-of-01000#315__t37__245_222,training_tfexample.tfrecord-00002-of-01000#315__t37__245_222,2a04a017de8d57c8,training_tfexample.tfrecord-00002-of-01000#315,WOMD,training,training_tfexample.tfrecord-00002-of-01000,315,training,A,CORE,MERGE_CONTEXT_ELIGIBLE,HIGH,2,SAFETY_CRITICAL_UNCERTAIN,LOW,HIGH,HIGH,accept,,False
training_tfexample.tfrecord-00002-of-01000#317__t15__162_198,training_tfexample.tfrecord-00002-of-01000#317__t15__162_198,aabaf0a84599b6ab,training_tfexample.tfrecord-00002-of-01000#317,WOMD,training,training_tfexample.tfrecord-00002-of-01000,317,training,B,SUPPORT,MERGE_CONTEXT_ELIGIBLE,MEDIUM,1,SAFETY_CRITICAL_UNCERTAIN,LOW,LOW,HIGH,accept,,False
training_tfexample.tfrecord-00002-of-01000#318__t73__141_123,training_tfexample.tfrecord-00002-of-01000#318__t73__141_123,490148621dc99792,training_tfexample.tfrecord-00002-of-01000#318,WOMD,training,training_tfexample.tfrecord-00002-of-01000,318,training,B,SUPPORT,MERGE_CONTEXT_ELIGIBLE,MEDIUM,1,SAFETY_CRITICAL_UNCERTAIN,LOW,LOW,HIGH,accept,,False
training_tfexample.tfrecord-00002-of-01000#320__t8__387_384,training_tfexample.tfrecord-00002-of-01000#320__t8__387_384,722a4d32ee8f2665,training_tfexample.tfrecord-00002-of-01000#320,WOMD,training,training_tfexample.tfrecord-00002-of-01000,320,training,B,SUPPORT,MERGE_CONTEXT_ELIGIBLE,MEDIUM,1,FRONT_CONSTRAINED,LOW,LOW,MEDIUM,accept,,False
training_tfexample.tfrecord-00002-of-01000#321__t86__190_178,training_tfexample.tfrecord-00002-of-01000#321__t86__190_178,b5146578a79a1ce5,training_tfexample.tfrecord-00002-of-01000#321,WOMD,training,training_tfexample.tfrecord-00002-of-01000,321,training,A,CORE,MERGE_CONTEXT_ELIGIBLE,HIGH,3,BOTH_SIDES_CONSTRAINED,MEDIUM,MEDIUM,MEDIUM,accept,,False
training_tfexample.tfrecord-00002-of-01000#325__t16__267_261,training_tfexample.tfrecord-00002-of-01000#325__t16__267_261,1e1df47ae8d5aec,training_tfexample.tfrecord-00002-of-01000#325,WOMD,training,training_tfexample.tfrecord-00002-of-01000,325,training,B,SUPPORT,MERGE_CONTEXT_ELIGIBLE,MEDIUM,1,SAFETY_CRITICAL_UNCERTAIN,LOW,LOW,HIGH,accept,,False
training_tfexample.tfrecord-00002-of-01000#327__t28__107_112,training_tfexample.tfrecord-00002-of-01000#327__t28__107_112,2e6e096ebb74c797,training_tfexample.tfrecord-00002-of-01000#327,WOMD,training,training_tfexample.tfrecord-00002-of-01000,327,training,B,SUPPORT,MERGE_CONTEXT_ELIGIBLE,MEDIUM,1,SAFETY_CRITICAL_UNCERTAIN,LOW,LOW,HIGH,accept,,False
training_tfexample.tfrecord-00002-of-01000#336__t61__553_538,training_tfexample.tfrecord-00002-of-01000#336__t61__553_538,83c38467aa901469,training_tfexample.tfrecord-00002-of-01000#336,WOMD,training,training_tfexample.tfrecord-00002-of-01000,336,training,A,CORE,MERGE_CONTEXT_ELIGIBLE,HIGH,3,BOTH_SIDES_CONSTRAINED,HIGH,MEDIUM,MEDIUM,accept,,False
training_tfexample.tfrecord-00002-of-01000#337__t23__344_333,training_tfexample.tfrecord-00002-of-01000#337__t23__344_333,10096cff3fe0fea1,training_tfexample.tfrecord-00002-of-01000#337,WOMD,training,training_tfexample.tfrecord-00002-of-01000,337,training,B,SUPPORT,MERGE_CONTEXT_ELIGIBLE,MEDIUM,1,FRONT_CONSTRAINED,LOW,LOW,MEDIUM,accept,,False
training_tfexample.tfrecord-00002-of-01000#342__t48__127_123,training_tfexample.tfrecord-00002-of-01000#342__t48__127_123,6dcceecc42042b6b,training_tfexample.tfrecord-00002-of-01000#342,WOMD,training,training_tfexample.tfrecord-00002-of-01000,342,training,B,SUPPORT,MERGE_CONTEXT_ELIGIBLE,MEDIUM,1,FRONT_CONSTRAINED,LOW,LOW,MEDIUM,accept,,False
training_tfexample.tfrecord-00002-of-01000#347__t87__147_157,training_tfexample.tfrecord-00002-of-01000#347__t87__147_157,3774086d977b2a73,training_tfexample.tfrecord-00002-of-01000#347,WOMD,training,training_tfexample.tfrecord-00002-of-01000,347,training,B,SUPPORT,MERGE_CONTEXT_ELIGIBLE,MEDIUM,1,SAFETY_CRITICAL_UNCERTAIN,LOW,LOW,HIGH,reject,target_not_stable,False
training_tfexample.tfrecord-00002-of-01000#351__t82__567_588,training_tfexample.tfrecord-00002-of-01000#351__t82__567_588,a77d27ca053a19d9,training_tfexample.tfrecord-00002-of-01000#351,WOMD,training,training_tfexample.tfrecord-00002-of-01000,351,training,A,CORE,MERGE_CONTEXT_ELIGIBLE,HIGH,3,BOTH_SIDES_CONSTRAINED,HIGH,MEDIUM,MEDIUM,accept,,False
training_tfexample.tfrecord-00002-of-01000#354__t69__192_219,training_tfexample.tfrecord-00002-of-01000#354__t69__192_219,8db56437e8cf69c6,training_tfexample.tfrecord-00002-of-01000#354,WOMD,training,training_tfexample.tfrecord-00002-of-01000,354,training,B,SUPPORT,MERGE_CONTEXT_ELIGIBLE,MEDIUM,1,SAFETY_CRITICAL_UNCERTAIN,LOW,LOW,HIGH,accept,,False
training_tfexample.tfrecord-00002-of-01000#356__t11__330_325,training_tfexample.tfrecord-00002-of-01000#356__t11__330_325,6fff1ee5d31ffaa,training_tfexample.tfrecord-00002-of-01000#356,WOMD,training,training_tfexample.tfrecord-00002-of-01000,356,training,A,CORE,MERGE_CONTEXT_ELIGIBLE,HIGH,2,SAFETY_CRITICAL_UNCERTAIN,LOW,HIGH,HIGH,accept,,False
training_tfexample.tfrecord-00002-of-01000#361__t84__122_124,training_tfexample.tfrecord-00002-of-01000#361__t84__122_124,620d53faa0ee0486,training_tfexample.tfrecord-00002-of-01000#361,WOMD,training,training_tfexample.tfrecord-00002-of-01000,361,training,B,SUPPORT,MERGE_CONTEXT_ELIGIBLE,MEDIUM,1,FRONT_CONSTRAINED,LOW,LOW,MEDIUM,accept,,False
training_tfexample.tfrecord-00002-of-01000#362__t22__263_649,training_tfexample.tfrecord-00002-of-01000#362__t22__263_649,d84a1d4bc203baa0,training_tfexample.tfrecord-00002-of-01000#362,WOMD,training,training_tfexample.tfrecord-00002-of-01000,362,training,A,CORE,MERGE_CONTEXT_ELIGIBLE,MEDIUM,2,FRONT_CONSTRAINED,MEDIUM,LOW,MEDIUM,accept,,False
training_tfexample.tfrecord-00002-of-01000#362__t76__649_371,training_tfexample.tfrecord-00002-of-01000#362__t76__649_371,d84a1d4bc203baa0,training_tfexample.tfrecord-00002-of-01000#362,WOMD,training,training_tfexample.tfrecord-00002-of-01000,362,training,A,CORE,MERGE_CONTEXT_ELIGIBLE,HIGH,3,BOTH_SIDES_CONSTRAINED,HIGH,MEDIUM,MEDIUM,accept,,False
training_tfexample.tfrecord-00002-of-01000#364__t33__620_622,training_tfexample.tfrecord-00002-of-01000#364__t33__620_622,ad7fd6875094bbdd,training_tfexample.tfrecord-00002-of-01000#364,WOMD,training,training_tfexample.tfrecord-00002-of-01000,364,training,B,SUPPORT,MERGE_CONTEXT_ELIGIBLE,LOW,1,WEAK_INTERACTION,LOW,LOW,MEDIUM,accept,,False
training_tfexample.tfrecord-00002-of-01000#390__t81__140_120,training_tfexample.tfrecord-00002-of-01000#390__t81__140_120,e51a638595632ba6,training_tfexample.tfrecord-00002-of-01000#390,WOMD,training,training_tfexample.tfrecord-00002-of-01000,390,training,A,CORE,MERGE_CONTEXT_ELIGIBLE,HIGH,3,BOTH_SIDES_CONSTRAINED,HIGH,HIGH,MEDIUM,accept,,False
training_tfexample.tfrecord-00002-of-01000#393__t76__214_329,training_tfexample.tfrecord-00002-of-01000#393__t76__214_329,eb697105e7f66420,training_tfexample.tfrecord-00002-of-01000#393,WOMD,training,training_tfexample.tfrecord-00002-of-01000,393,training,A,CORE,MERGE_CONTEXT_ELIGIBLE,HIGH,3,BOTH_SIDES_CONSTRAINED,MEDIUM,MEDIUM,MEDIUM,accept,,False
training_tfexample.tfrecord-00002-of-01000#401__t24__334_419,training_tfexample.tfrecord-00002-of-01000#401__t24__334_419,d558c498d9812df,training_tfexample.tfrecord-00002-of-01000#401,WOMD,training,training_tfexample.tfrecord-00002-of-01000,401,training,B,SUPPORT,MERGE_CONTEXT_ELIGIBLE,MEDIUM,1,SAFETY_CRITICAL_UNCERTAIN,LOW,LOW,HIGH,accept,,False
training_tfexample.tfrecord-00002-of-01000#408__t66__341_351,training_tfexample.tfrecord-00002-of-01000#408__t66__341_351,1ab9031b58a76d27,training_tfexample.tfrecord-00002-of-01000#408,WOMD,training,training_tfexample.tfrecord-00002-of-01000,408,training,A,CORE,MERGE_CONTEXT_ELIGIBLE,MEDIUM,2,FRONT_CONSTRAINED,MEDIUM,LOW,MEDIUM,accept,,False
training_tfexample.tfrecord-00002-of-01000#409__t30__126_125,training_tfexample.tfrecord-00002-of-01000#409__t30__126_125,7d1b331c05cf9308,training_tfexample.tfrecord-00002-of-01000#409,WOMD,training,training_tfexample.tfrecord-00002-of-01000,409,training,A,CORE,MERGE_CONTEXT_ELIGIBLE,HIGH,2,SAFETY_CRITICAL_UNCERTAIN,LOW,HIGH,HIGH,accept,,False
training_tfexample.tfrecord-00002-of-01000#414__t55__99_92,training_tfexample.tfrecord-00002-of-01000#414__t55__99_92,8f55e36858b23996,training_tfexample.tfrecord-00002-of-01000#414,WOMD,training,training_tfexample.tfrecord-00002-of-01000,414,training,B,SUPPORT,MERGE_CONTEXT_ELIGIBLE,MEDIUM,1,SAFETY_CRITICAL_UNCERTAIN,LOW,LOW,HIGH,accept,,False
training_tfexample.tfrecord-00002-of-01000#416__t87__809_800,training_tfexample.tfrecord-00002-of-01000#416__t87__809_800,e3fe5e59b0856cff,training_tfexample.tfrecord-00002-of-01000#416,WOMD,training,training_tfexample.tfrecord-00002-of-01000,416,training,B,SUPPORT,MERGE_CONTEXT_ELIGIBLE,MEDIUM,1,FRONT_CONSTRAINED,LOW,LOW,MEDIUM,reject,target_not_stable,False
training_tfexample.tfrecord-00002-of-01000#418__t20__116_171,training_tfexample.tfrecord-00002-of-01000#418__t20__116_171,dad7f362ee028750,training_tfexample.tfrecord-00002-of-01000#418,WOMD,training,training_tfexample.tfrecord-00002-of-01000,418,training,A,CORE,MERGE_CONTEXT_ELIGIBLE,HIGH,2,BOTH_SIDES_CONSTRAINED,LOW,HIGH,HIGH,accept,,False
training_tfexample.tfrecord-00002-of-01000#420__t87__280_284,training_tfexample.tfrecord-00002-of-01000#420__t87__280_284,cf3a995edbf848b0,training_tfexample.tfrecord-00002-of-01000#420,WOMD,training,training_tfexample.tfrecord-00002-of-01000,420,training,A,CORE,MERGE_CONTEXT_ELIGIBLE,MEDIUM,2,APPROACH_KEEP_CONTEXT,MEDIUM,HIGH,LOW,reject,target_not_stable,False
training_tfexample.tfrecord-00002-of-01000#424__t79__144_149,training_tfexample.tfrecord-00002-of-01000#424__t79__144_149,a13d7ac7896aede2,training_tfexample.tfrecord-00002-of-01000#424,WOMD,training,training_tfexample.tfrecord-00002-of-01000,424,training,B,SUPPORT,MERGE_CONTEXT_ELIGIBLE,MEDIUM,1,SAFETY_CRITICAL_UNCERTAIN,LOW,LOW,HIGH,accept,,False
training_tfexample.tfrecord-00002-of-01000#433__t80__307_544,training_tfexample.tfrecord-00002-of-01000#433__t80__307_544,1ff27a9588fb8b80,training_tfexample.tfrecord-00002-of-01000#433,WOMD,training,training_tfexample.tfrecord-00002-of-01000,433,training,A,CORE,MERGE_CONTEXT_ELIGIBLE,HIGH,2,BOTH_SIDES_CONSTRAINED,LOW,HIGH,HIGH,accept,,False
training_tfexample.tfrecord-00002-of-01000#435__t89__240_239,training_tfexample.tfrecord-00002-of-01000#435__t89__240_239,a93627e1d59dabd4,training_tfexample.tfrecord-00002-of-01000#435,WOMD,training,training_tfexample.tfrecord-00002-of-01000,435,training,B,SUPPORT,MERGE_CONTEXT_ELIGIBLE,MEDIUM,1,SAFETY_CRITICAL_UNCERTAIN,LOW,LOW,HIGH,reject,target_not_stable,False
training_tfexample.tfrecord-00002-of-01000#444__t82__1140_1103,training_tfexample.tfrecord-00002-of-01000#444__t82__1140_1103,e310c53650dfd482,training_tfexample.tfrecord-00002-of-01000#444,WOMD,training,training_tfexample.tfrecord-00002-of-01000,444,training,A,CORE,MERGE_CONTEXT_ELIGIBLE,HIGH,2,BOTH_SIDES_CONSTRAINED,LOW,HIGH,HIGH,accept,,False
training_tfexample.tfrecord-00002-of-01000#448__t63__91_93,training_tfexample.tfrecord-00002-of-01000#448__t63__91_93,a17519ea4dd7d670,training_tfexample.tfrecord-00002-of-01000#448,WOMD,training,training_tfexample.tfrecord-00002-of-01000,448,training,A,CORE,MERGE_CONTEXT_ELIGIBLE,HIGH,2,BOTH_SIDES_CONSTRAINED,LOW,HIGH,HIGH,accept,,False
training_tfexample.tfrecord-00002-of-01000#451__t50__98_74,training_tfexample.tfrecord-00002-of-01000#451__t50__98_74,ad89d79d7464706f,training_tfexample.tfrecord-00002-of-01000#451,WOMD,training,training_tfexample.tfrecord-00002-of-01000,451,training,A,CORE,MERGE_CONTEXT_ELIGIBLE,HIGH,3,BOTH_SIDES_CONSTRAINED,MEDIUM,HIGH,MEDIUM,accept,,False
training_tfexample.tfrecord-00002-of-01000#457__t87__103_112,training_tfexample.tfrecord-00002-of-01000#457__t87__103_112,9a0dbf927eecd61f,training_tfexample.tfrecord-00002-of-01000#457,WOMD,training,training_tfexample.tfrecord-00002-of-01000,457,training,A,CORE,MERGE_CONTEXT_ELIGIBLE,HIGH,2,SAFETY_CRITICAL_UNCERTAIN,LOW,HIGH,HIGH,reject,target_not_stable,False
training_tfexample.tfrecord-00002-of-01000#467__t40__377_329,training_tfexample.tfrecord-00002-of-01000#467__t40__377_329,f57cd6ee6a4b368c,training_tfexample.tfrecord-00002-of-01000#467,WOMD,training,training_tfexample.tfrecord-00002-of-01000,467,training,A,CORE,MERGE_CONTEXT_ELIGIBLE,HIGH,2,BOTH_SIDES_CONSTRAINED,LOW,HIGH,HIGH,accept,,False
training_tfexample.tfrecord-00002-of-01000#471__t18__235_264,training_tfexample.tfrecord-00002-of-01000#471__t18__235_264,ce24b507779af149,training_tfexample.tfrecord-00002-of-01000#471,WOMD,training,training_tfexample.tfrecord-00002-of-01000,471,training,B,SUPPORT,MERGE_CONTEXT_ELIGIBLE,MEDIUM,1,SAFETY_CRITICAL_UNCERTAIN,LOW,LOW,HIGH,accept,,False
training_tfexample.tfrecord-00002-of-01000#474__t65__919_944,training_tfexample.tfrecord-00002-of-01000#474__t65__919_944,4c202bd5ebcaba88,training_tfexample.tfrecord-00002-of-01000#474,WOMD,training,training_tfexample.tfrecord-00002-of-01000,474,training,B,SUPPORT,MERGE_CONTEXT_ELIGIBLE,MEDIUM,1,SAFETY_CRITICAL_UNCERTAIN,LOW,LOW,HIGH,accept,,False
training_tfexample.tfrecord-00002-of-01000#476__t52__275_551,training_tfexample.tfrecord-00002-of-01000#476__t52__275_551,210024ccf802f6ab,training_tfexample.tfrecord-00002-of-01000#476,WOMD,training,training_tfexample.tfrecord-00002-of-01000,476,training,A,CORE,MERGE_CONTEXT_ELIGIBLE,HIGH,2,SAFETY_CRITICAL_UNCERTAIN,LOW,HIGH,HIGH,accept,,False
training_tfexample.tfrecord-00002-of-01000#479__t46__657_669,training_tfexample.tfrecord-00002-of-01000#479__t46__657_669,f6d61d04835f9da7,training_tfexample.tfrecord-00002-of-01000#479,WOMD,training,training_tfexample.tfrecord-00002-of-01000,479,training,B,SUPPORT,MERGE_CONTEXT_ELIGIBLE,LOW,1,WEAK_INTERACTION,LOW,LOW,MEDIUM,accept,,False
training_tfexample.tfrecord-00002-of-01000#479__t88__547_541,training_tfexample.tfrecord-00002-of-01000#479__t88__547_541,f6d61d04835f9da7,training_tfexample.tfrecord-00002-of-01000#479,WOMD,training,training_tfexample.tfrecord-00002-of-01000,479,training,B,SUPPORT,MERGE_CONTEXT_ELIGIBLE,MEDIUM,1,FRONT_CONSTRAINED,LOW,LOW,MEDIUM,reject,target_not_stable,False
training_tfexample.tfrecord-00002-of-01000#481__t37__651_444,training_tfexample.tfrecord-00002-of-01000#481__t37__651_444,c19b280caf4b463f,training_tfexample.tfrecord-00002-of-01000#481,WOMD,training,training_tfexample.tfrecord-00002-of-01000,481,training,A,CORE,MERGE_CONTEXT_ELIGIBLE,HIGH,3,BOTH_SIDES_CONSTRAINED,MEDIUM,MEDIUM,MEDIUM,accept,,False
training_tfexample.tfrecord-00002-of-01000#485__t68__171_178,training_tfexample.tfrecord-00002-of-01000#485__t68__171_178,2261eea4933160ad,training_tfexample.tfrecord-00002-of-01000#485,WOMD,training,training_tfexample.tfrecord-00002-of-01000,485,training,B,SUPPORT,MERGE_CONTEXT_ELIGIBLE,MEDIUM,1,FRONT_CONSTRAINED,LOW,LOW,HIGH,accept,,False
training_tfexample.tfrecord-00002-of-01000#493__t50__99_153,training_tfexample.tfrecord-00002-of-01000#493__t50__99_153,9f62f80c8411b2d4,training_tfexample.tfrecord-00002-of-01000#493,WOMD,training,training_tfexample.tfrecord-00002-of-01000,493,training,B,SUPPORT,MERGE_CONTEXT_ELIGIBLE,MEDIUM,1,SAFETY_CRITICAL_UNCERTAIN,LOW,LOW,HIGH,accept,,False
training_tfexample.tfrecord-00002-of-01000#500__t6__457_472,training_tfexample.tfrecord-00002-of-01000#500__t6__457_472,305efe6b31f738bc,training_tfexample.tfrecord-00002-of-01000#500,WOMD,training,training_tfexample.tfrecord-00002-of-01000,500,training,B,SUPPORT,MERGE_CONTEXT_ELIGIBLE,MEDIUM,1,FRONT_CONSTRAINED,LOW,LOW,MEDIUM,accept,,False
training_tfexample.tfrecord-00002-of-01000#500__t88__419_388,training_tfexample.tfrecord-00002-of-01000#500__t88__419_388,305efe6b31f738bc,training_tfexample.tfrecord-00002-of-01000#500,WOMD,training,training_tfexample.tfrecord-00002-of-01000,500,training,B,SUPPORT,MERGE_CONTEXT_ELIGIBLE,LOW,1,APPROACH_KEEP_CONTEXT,MEDIUM,LOW,LOW,reject,target_not_stable,False
training_tfexample.tfrecord-00003-of-01000#3__t49__215_219,training_tfexample.tfrecord-00003-of-01000#3__t49__215_219,3804b9ee078be35f,training_tfexample.tfrecord-00003-of-01000#3,WOMD,training,training_tfexample.tfrecord-00003-of-01000,3,training,B,SUPPORT,MERGE_CONTEXT_ELIGIBLE,MEDIUM,1,FRONT_CONSTRAINED,LOW,LOW,MEDIUM,accept,,False
training_tfexample.tfrecord-00003-of-01000#7__t86__115_110,training_tfexample.tfrecord-00003-of-01000#7__t86__115_110,d0bfff5994b36f75,training_tfexample.tfrecord-00003-of-01000#7,WOMD,training,training_tfexample.tfrecord-00003-of-01000,7,training,A,CORE,MERGE_CONTEXT_ELIGIBLE,HIGH,3,BOTH_SIDES_CONSTRAINED,MEDIUM,MEDIUM,MEDIUM,accept,,False
training_tfexample.tfrecord-00003-of-01000#9__t52__263_266,training_tfexample.tfrecord-00003-of-01000#9__t52__263_266,660067248fbf87f6,training_tfexample.tfrecord-00003-of-01000#9,WOMD,training,training_tfexample.tfrecord-00003-of-01000,9,training,A,CORE,MERGE_CONTEXT_ELIGIBLE,HIGH,2,SAFETY_CRITICAL_UNCERTAIN,LOW,HIGH,HIGH,accept,,False
training_tfexample.tfrecord-00003-of-01000#12__t81__191_83,training_tfexample.tfrecord-00003-of-01000#12__t81__191_83,ac945399dcb2c391,training_tfexample.tfrecord-00003-of-01000#12,WOMD,training,training_tfexample.tfrecord-00003-of-01000,12,training,A,CORE,MERGE_CONTEXT_ELIGIBLE,HIGH,2,BOTH_SIDES_CONSTRAINED,LOW,HIGH,HIGH,accept,,False
training_tfexample.tfrecord-00003-of-01000#18__t27__423_458,training_tfexample.tfrecord-00003-of-01000#18__t27__423_458,f5c9ba0a999f51e0,training_tfexample.tfrecord-00003-of-01000#18,WOMD,training,training_tfexample.tfrecord-00003-of-01000,18,training,A,CORE,MERGE_CONTEXT_ELIGIBLE,MEDIUM,2,FRONT_CONSTRAINED,MEDIUM,LOW,MEDIUM,accept,,False
training_tfexample.tfrecord-00003-of-01000#33__t55__648_684,training_tfexample.tfrecord-00003-of-01000#33__t55__648_684,515356d0eafefa29,training_tfexample.tfrecord-00003-of-01000#33,WOMD,training,training_tfexample.tfrecord-00003-of-01000,33,training,B,SUPPORT,MERGE_CONTEXT_ELIGIBLE,MEDIUM,1,REAR_PRESSURE,LOW,LOW,HIGH,accept,,False
training_tfexample.tfrecord-00003-of-01000#39__t78__280_159,training_tfexample.tfrecord-00003-of-01000#39__t78__280_159,a915da1b99402350,training_tfexample.tfrecord-00003-of-01000#39,WOMD,training,training_tfexample.tfrecord-00003-of-01000,39,training,A,CORE,MERGE_CONTEXT_ELIGIBLE,HIGH,2,BOTH_SIDES_CONSTRAINED,LOW,HIGH,HIGH,accept,,False
training_tfexample.tfrecord-00003-of-01000#52__t57__126_123,training_tfexample.tfrecord-00003-of-01000#52__t57__126_123,9c740d1f3abb7f16,training_tfexample.tfrecord-00003-of-01000#52,WOMD,training,training_tfexample.tfrecord-00003-of-01000,52,training,B,SUPPORT,MERGE_CONTEXT_ELIGIBLE,MEDIUM,1,FRONT_CONSTRAINED,LOW,LOW,HIGH,accept,,False
training_tfexample.tfrecord-00003-of-01000#57__t84__431_433,training_tfexample.tfrecord-00003-of-01000#57__t84__431_433,d93ea43f2dacd825,training_tfexample.tfrecord-00003-of-01000#57,WOMD,training,training_tfexample.tfrecord-00003-of-01000,57,training,B,SUPPORT,MERGE_CONTEXT_ELIGIBLE,MEDIUM,1,FRONT_CONSTRAINED,LOW,LOW,MEDIUM,accept,,False
training_tfexample.tfrecord-00003-of-01000#62__t59__850_774,training_tfexample.tfrecord-00003-of-01000#62__t59__850_774,9d05fa2aa028eda4,training_tfexample.tfrecord-00003-of-01000#62,WOMD,training,training_tfexample.tfrecord-00003-of-01000,62,training,A,CORE,MERGE_CONTEXT_ELIGIBLE,HIGH,2,BOTH_SIDES_CONSTRAINED,LOW,HIGH,HIGH,accept,,False
training_tfexample.tfrecord-00003-of-01000#66__t75__151_165,training_tfexample.tfrecord-00003-of-01000#66__t75__151_165,d232a4fad89bb7ba,training_tfexample.tfrecord-00003-of-01000#66,WOMD,training,training_tfexample.tfrecord-00003-of-01000,66,training,A,CORE,MERGE_CONTEXT_ELIGIBLE,HIGH,3,APPROACH_KEEP_CONTEXT,MEDIUM,MEDIUM,MEDIUM,accept,,False
training_tfexample.tfrecord-00003-of-01000#75__t87__213_229,training_tfexample.tfrecord-00003-of-01000#75__t87__213_229,a864ccea8fc8e81a,training_tfexample.tfrecord-00003-of-01000#75,WOMD,training,training_tfexample.tfrecord-00003-of-01000,75,training,A,CORE,MERGE_CONTEXT_ELIGIBLE,HIGH,2,BOTH_SIDES_CONSTRAINED,LOW,HIGH,HIGH,reject,target_not_stable,False
training_tfexample.tfrecord-00003-of-01000#77__t20__430_420,training_tfexample.tfrecord-00003-of-01000#77__t20__430_420,118901867f8b47f2,training_tfexample.tfrecord-00003-of-01000#77,WOMD,training,training_tfexample.tfrecord-00003-of-01000,77,training,B,SUPPORT,MERGE_CONTEXT_ELIGIBLE,MEDIUM,1,SAFETY_CRITICAL_UNCERTAIN,LOW,LOW,HIGH,accept,,False
training_tfexample.tfrecord-00003-of-01000#77__t63__463_455,training_tfexample.tfrecord-00003-of-01000#77__t63__463_455,118901867f8b47f2,training_tfexample.tfrecord-00003-of-01000#77,WOMD,training,training_tfexample.tfrecord-00003-of-01000,77,training,A,CORE,MERGE_CONTEXT_ELIGIBLE,HIGH,2,SAFETY_CRITICAL_UNCERTAIN,LOW,HIGH,HIGH,accept,,False
training_tfexample.tfrecord-00003-of-01000#78__t83__131_144,training_tfexample.tfrecord-00003-of-01000#78__t83__131_144,9031e71b7f9aa91,training_tfexample.tfrecord-00003-of-01000#78,WOMD,training,training_tfexample.tfrecord-00003-of-01000,78,training,A,CORE,MERGE_CONTEXT_ELIGIBLE,HIGH,2,BOTH_SIDES_CONSTRAINED,LOW,HIGH,HIGH,accept,,False
training_tfexample.tfrecord-00003-of-01000#81__t6__346_337,training_tfexample.tfrecord-00003-of-01000#81__t6__346_337,67121bd97e056d,training_tfexample.tfrecord-00003-of-01000#81,WOMD,training,training_tfexample.tfrecord-00003-of-01000,81,training,B,SUPPORT,MERGE_CONTEXT_ELIGIBLE,MEDIUM,1,SAFETY_CRITICAL_UNCERTAIN,LOW,LOW,HIGH,accept,,False
training_tfexample.tfrecord-00003-of-01000#82__t34__203_232,training_tfexample.tfrecord-00003-of-01000#82__t34__203_232,5e3ba547cb24be2a,training_tfexample.tfrecord-00003-of-01000#82,WOMD,training,training_tfexample.tfrecord-00003-of-01000,82,training,A,CORE,MERGE_CONTEXT_ELIGIBLE,HIGH,2,SAFETY_CRITICAL_UNCERTAIN,LOW,HIGH,HIGH,accept,,False
training_tfexample.tfrecord-00003-of-01000#85__t66__288_284,training_tfexample.tfrecord-00003-of-01000#85__t66__288_284,631031bd87852559,training_tfexample.tfrecord-00003-of-01000#85,WOMD,training,training_tfexample.tfrecord-00003-of-01000,85,training,A,CORE,MERGE_CONTEXT_ELIGIBLE,MEDIUM,2,FRONT_CONSTRAINED,MEDIUM,LOW,MEDIUM,accept,,False
training_tfexample.tfrecord-00003-of-01000#86__t30__686_387,training_tfexample.tfrecord-00003-of-01000#86__t30__686_387,2fb556874b8379c0,training_tfexample.tfrecord-00003-of-01000#86,WOMD,training,training_tfexample.tfrecord-00003-of-01000,86,training,A,CORE,MERGE_CONTEXT_ELIGIBLE,MEDIUM,2,WEAK_INTERACTION,MEDIUM,LOW,MEDIUM,accept,,False
training_tfexample.tfrecord-00003-of-01000#88__t13__1089_1058,training_tfexample.tfrecord-00003-of-01000#88__t13__1089_1058,1cf3264ac4ef5362,training_tfexample.tfrecord-00003-of-01000#88,WOMD,training,training_tfexample.tfrecord-00003-of-01000,88,training,A,CORE,MERGE_CONTEXT_ELIGIBLE,HIGH,2,SAFETY_CRITICAL_UNCERTAIN,LOW,HIGH,HIGH,accept,,False
training_tfexample.tfrecord-00003-of-01000#90__t45__209_206,training_tfexample.tfrecord-00003-of-01000#90__t45__209_206,7f6822e80bf26c3b,training_tfexample.tfrecord-00003-of-01000#90,WOMD,training,training_tfexample.tfrecord-00003-of-01000,90,training,A,CORE,MERGE_CONTEXT_ELIGIBLE,MEDIUM,2,WEAK_INTERACTION,HIGH,LOW,MEDIUM,accept,,False
training_tfexample.tfrecord-00003-of-01000#92__t18__194_200,training_tfexample.tfrecord-00003-of-01000#92__t18__194_200,81113aa589a6aa6e,training_tfexample.tfrecord-00003-of-01000#92,WOMD,training,training_tfexample.tfrecord-00003-of-01000,92,training,A,CORE,MERGE_CONTEXT_ELIGIBLE,HIGH,2,SAFETY_CRITICAL_UNCERTAIN,LOW,HIGH,HIGH,accept,,False
training_tfexample.tfrecord-00003-of-01000#94__t31__613_571,training_tfexample.tfrecord-00003-of-01000#94__t31__613_571,36b23d641febff48,training_tfexample.tfrecord-00003-of-01000#94,WOMD,training,training_tfexample.tfrecord-00003-of-01000,94,training,A,CORE,MERGE_CONTEXT_ELIGIBLE,HIGH,2,SAFETY_CRITICAL_UNCERTAIN,LOW,HIGH,HIGH,accept,,False
training_tfexample.tfrecord-00003-of-01000#95__t31__382_268,training_tfexample.tfrecord-00003-of-01000#95__t31__382_268,1b03fc25d87d1c4,training_tfexample.tfrecord-00003-of-01000#95,WOMD,training,training_tfexample.tfrecord-00003-of-01000,95,training,B,SUPPORT,MERGE_CONTEXT_ELIGIBLE,MEDIUM,1,FRONT_CONSTRAINED,LOW,LOW,HIGH,accept,,False
training_tfexample.tfrecord-00003-of-01000#107__t73__227_237,training_tfexample.tfrecord-00003-of-01000#107__t73__227_237,10be41b7e0c107e1,training_tfexample.tfrecord-00003-of-01000#107,WOMD,training,training_tfexample.tfrecord-00003-of-01000,107,training,A,CORE,MERGE_CONTEXT_ELIGIBLE,MEDIUM,2,FRONT_CONSTRAINED,MEDIUM,LOW,MEDIUM,accept,,False
training_tfexample.tfrecord-00003-of-01000#109__t46__162_166,training_tfexample.tfrecord-00003-of-01000#109__t46__162_166,8ff4e21d64337f3b,training_tfexample.tfrecord-00003-of-01000#109,WOMD,training,training_tfexample.tfrecord-00003-of-01000,109,training,B,SUPPORT,MERGE_CONTEXT_ELIGIBLE,MEDIUM,1,SAFETY_CRITICAL_UNCERTAIN,LOW,LOW,HIGH,accept,,False
training_tfexample.tfrecord-00003-of-01000#110__t56__749_750,training_tfexample.tfrecord-00003-of-01000#110__t56__749_750,33608e29cc94309,training_tfexample.tfrecord-00003-of-01000#110,WOMD,training,training_tfexample.tfrecord-00003-of-01000,110,training,A,CORE,MERGE_CONTEXT_ELIGIBLE,HIGH,2,BOTH_SIDES_CONSTRAINED,LOW,HIGH,HIGH,accept,,False
training_tfexample.tfrecord-00003-of-01000#125__t59__243_356,training_tfexample.tfrecord-00003-of-01000#125__t59__243_356,fe829c12c82568a,training_tfexample.tfrecord-00003-of-01000#125,WOMD,training,training_tfexample.tfrecord-00003-of-01000,125,training,B,SUPPORT,MERGE_CONTEXT_ELIGIBLE,LOW,1,WEAK_INTERACTION,LOW,LOW,MEDIUM,accept,,False
training_tfexample.tfrecord-00003-of-01000#127__t68__280_251,training_tfexample.tfrecord-00003-of-01000#127__t68__280_251,bd5f9354af10322c,training_tfexample.tfrecord-00003-of-01000#127,WOMD,training,training_tfexample.tfrecord-00003-of-01000,127,training,B,SUPPORT,MERGE_CONTEXT_ELIGIBLE,MEDIUM,1,SAFETY_CRITICAL_UNCERTAIN,LOW,LOW,HIGH,accept,,False
training_tfexample.tfrecord-00003-of-01000#134__t28__306_329,training_tfexample.tfrecord-00003-of-01000#134__t28__306_329,5be112c2577632fc,training_tfexample.tfrecord-00003-of-01000#134,WOMD,training,training_tfexample.tfrecord-00003-of-01000,134,training,A,CORE,MERGE_CONTEXT_ELIGIBLE,HIGH,2,BOTH_SIDES_CONSTRAINED,LOW,HIGH,HIGH,accept,,False
training_tfexample.tfrecord-00003-of-01000#134__t57__321_319,training_tfexample.tfrecord-00003-of-01000#134__t57__321_319,5be112c2577632fc,training_tfexample.tfrecord-00003-of-01000#134,WOMD,training,training_tfexample.tfrecord-00003-of-01000,134,training,B,SUPPORT,MERGE_CONTEXT_ELIGIBLE,MEDIUM,1,SAFETY_CRITICAL_UNCERTAIN,LOW,LOW,HIGH,accept,,False
training_tfexample.tfrecord-00003-of-01000#135__t67__332_334,training_tfexample.tfrecord-00003-of-01000#135__t67__332_334,ff518735c83e5f22,training_tfexample.tfrecord-00003-of-01000#135,WOMD,training,training_tfexample.tfrecord-00003-of-01000,135,training,B,SUPPORT,MERGE_CONTEXT_ELIGIBLE,MEDIUM,1,SAFETY_CRITICAL_UNCERTAIN,LOW,LOW,HIGH,accept,,False
training_tfexample.tfrecord-00003-of-01000#136__t30__242_118,training_tfexample.tfrecord-00003-of-01000#136__t30__242_118,bf838be90fb8ced2,training_tfexample.tfrecord-00003-of-01000#136,WOMD,training,training_tfexample.tfrecord-00003-of-01000,136,training,B,SUPPORT,MERGE_CONTEXT_ELIGIBLE,LOW,1,WEAK_INTERACTION,LOW,LOW,MEDIUM,accept,,False
training_tfexample.tfrecord-00003-of-01000#137__t39__941_500,training_tfexample.tfrecord-00003-of-01000#137__t39__941_500,1e8050dbc96e5ea1,training_tfexample.tfrecord-00003-of-01000#137,WOMD,training,training_tfexample.tfrecord-00003-of-01000,137,training,A,CORE,MERGE_CONTEXT_ELIGIBLE,HIGH,2,SAFETY_CRITICAL_UNCERTAIN,LOW,HIGH,HIGH,accept,,False
training_tfexample.tfrecord-00003-of-01000#139__t74__138_123,training_tfexample.tfrecord-00003-of-01000#139__t74__138_123,4522d3100625e4b4,training_tfexample.tfrecord-00003-of-01000#139,WOMD,training,training_tfexample.tfrecord-00003-of-01000,139,training,A,CORE,MERGE_CONTEXT_ELIGIBLE,MEDIUM,2,FRONT_CONSTRAINED,MEDIUM,LOW,MEDIUM,accept,,False
training_tfexample.tfrecord-00003-of-01000#142__t13__660_652,training_tfexample.tfrecord-00003-of-01000#142__t13__660_652,dd5f47aa9b6d7cfc,training_tfexample.tfrecord-00003-of-01000#142,WOMD,training,training_tfexample.tfrecord-00003-of-01000,142,training,B,SUPPORT,MERGE_CONTEXT_ELIGIBLE,MEDIUM,1,FRONT_CONSTRAINED,LOW,LOW,MEDIUM,accept,,False
training_tfexample.tfrecord-00003-of-01000#142__t72__694_335,training_tfexample.tfrecord-00003-of-01000#142__t72__694_335,dd5f47aa9b6d7cfc,training_tfexample.tfrecord-00003-of-01000#142,WOMD,training,training_tfexample.tfrecord-00003-of-01000,142,training,A,CORE,MERGE_CONTEXT_ELIGIBLE,HIGH,3,BOTH_SIDES_CONSTRAINED,MEDIUM,MEDIUM,MEDIUM,accept,,False
training_tfexample.tfrecord-00003-of-01000#150__t46__162_345,training_tfexample.tfrecord-00003-of-01000#150__t46__162_345,75452de90ee7eb5b,training_tfexample.tfrecord-00003-of-01000#150,WOMD,training,training_tfexample.tfrecord-00003-of-01000,150,training,B,SUPPORT,MERGE_CONTEXT_ELIGIBLE,MEDIUM,1,FRONT_CONSTRAINED,LOW,LOW,HIGH,accept,,False
training_tfexample.tfrecord-00003-of-01000#164__t90__268_561,training_tfexample.tfrecord-00003-of-01000#164__t90__268_561,16228856786643a0,training_tfexample.tfrecord-00003-of-01000#164,WOMD,training,training_tfexample.tfrecord-00003-of-01000,164,training,A,CORE,MERGE_CONTEXT_ELIGIBLE,HIGH,2,BOTH_SIDES_CONSTRAINED,LOW,HIGH,HIGH,reject,target_not_stable,False
training_tfexample.tfrecord-00003-of-01000#166__t38__69_72,training_tfexample.tfrecord-00003-of-01000#166__t38__69_72,68a71c0a0fcf35ea,training_tfexample.tfrecord-00003-of-01000#166,WOMD,training,training_tfexample.tfrecord-00003-of-01000,166,training,B,SUPPORT,MERGE_CONTEXT_ELIGIBLE,MEDIUM,1,SAFETY_CRITICAL_UNCERTAIN,LOW,LOW,HIGH,accept,,False
training_tfexample.tfrecord-00003-of-01000#171__t80__129_73,training_tfexample.tfrecord-00003-of-01000#171__t80__129_73,cdff987313ea388c,training_tfexample.tfrecord-00003-of-01000#171,WOMD,training,training_tfexample.tfrecord-00003-of-01000,171,training,A,CORE,MERGE_CONTEXT_ELIGIBLE,MEDIUM,2,FRONT_CONSTRAINED,HIGH,LOW,MEDIUM,accept,,False
training_tfexample.tfrecord-00003-of-01000#172__t87__262_310,training_tfexample.tfrecord-00003-of-01000#172__t87__262_310,5b0c223a905e3b3c,training_tfexample.tfrecord-00003-of-01000#172,WOMD,training,training_tfexample.tfrecord-00003-of-01000,172,training,A,CORE,MERGE_CONTEXT_ELIGIBLE,HIGH,3,APPROACH_KEEP_CONTEXT,HIGH,MEDIUM,MEDIUM,reject,target_not_stable,False
training_tfexample.tfrecord-00003-of-01000#188__t70__319_306,training_tfexample.tfrecord-00003-of-01000#188__t70__319_306,d5b58bcd47dc8927,training_tfexample.tfrecord-00003-of-01000#188,WOMD,training,training_tfexample.tfrecord-00003-of-01000,188,training,A,CORE,MERGE_CONTEXT_ELIGIBLE,HIGH,2,SAFETY_CRITICAL_UNCERTAIN,LOW,HIGH,HIGH,accept,,False
training_tfexample.tfrecord-00003-of-01000#189__t65__364_380,training_tfexample.tfrecord-00003-of-01000#189__t65__364_380,bf45b0e53d2fcd1d,training_tfexample.tfrecord-00003-of-01000#189,WOMD,training,training_tfexample.tfrecord-00003-of-01000,189,training,A,CORE,MERGE_CONTEXT_ELIGIBLE,MEDIUM,2,BOTH_SIDES_CONSTRAINED,LOW,HIGH,MEDIUM,accept,,False
training_tfexample.tfrecord-00003-of-01000#190__t40__121_115,training_tfexample.tfrecord-00003-of-01000#190__t40__121_115,bedde4529bdadc3b,training_tfexample.tfrecord-00003-of-01000#190,WOMD,training,training_tfexample.tfrecord-00003-of-01000,190,training,A,CORE,MERGE_CONTEXT_ELIGIBLE,HIGH,2,SAFETY_CRITICAL_UNCERTAIN,LOW,HIGH,HIGH,accept,,True
training_tfexample.tfrecord-00003-of-01000#197__t54__690_694,training_tfexample.tfrecord-00003-of-01000#197__t54__690_694,eaa53cf54bfa0a66,training_tfexample.tfrecord-00003-of-01000#197,WOMD,training,training_tfexample.tfrecord-00003-of-01000,197,training,A,CORE,MERGE_CONTEXT_ELIGIBLE,HIGH,2,BOTH_SIDES_CONSTRAINED,LOW,HIGH,HIGH,accept,,False
training_tfexample.tfrecord-00003-of-01000#198__t13__157_145,training_tfexample.tfrecord-00003-of-01000#198__t13__157_145,92e81ed93040b420,training_tfexample.tfrecord-00003-of-01000#198,WOMD,training,training_tfexample.tfrecord-00003-of-01000,198,training,B,SUPPORT,MERGE_CONTEXT_ELIGIBLE,MEDIUM,1,FRONT_CONSTRAINED,LOW,LOW,HIGH,accept,,False
training_tfexample.tfrecord-00003-of-01000#200__t27__323_324,training_tfexample.tfrecord-00003-of-01000#200__t27__323_324,78230280de33c39f,training_tfexample.tfrecord-00003-of-01000#200,WOMD,training,training_tfexample.tfrecord-00003-of-01000,200,training,A,CORE,MERGE_CONTEXT_ELIGIBLE,HIGH,2,SAFETY_CRITICAL_UNCERTAIN,LOW,HIGH,HIGH,accept,,False
training_tfexample.tfrecord-00003-of-01000#209__t87__529_537,training_tfexample.tfrecord-00003-of-01000#209__t87__529_537,179818f1aa34c5a4,training_tfexample.tfrecord-00003-of-01000#209,WOMD,training,training_tfexample.tfrecord-00003-of-01000,209,training,B,SUPPORT,MERGE_CONTEXT_ELIGIBLE,LOW,1,APPROACH_KEEP_CONTEXT,HIGH,LOW,LOW,reject,target_not_stable,False
training_tfexample.tfrecord-00003-of-01000#212__t67__412_408,training_tfexample.tfrecord-00003-of-01000#212__t67__412_408,ba1972bf7fb82c6e,training_tfexample.tfrecord-00003-of-01000#212,WOMD,training,training_tfexample.tfrecord-00003-of-01000,212,training,A,CORE,MERGE_CONTEXT_ELIGIBLE,HIGH,2,SAFETY_CRITICAL_UNCERTAIN,LOW,HIGH,HIGH,accept,,False
training_tfexample.tfrecord-00003-of-01000#213__t47__227_233,training_tfexample.tfrecord-00003-of-01000#213__t47__227_233,8d2cf7e290a19888,training_tfexample.tfrecord-00003-of-01000#213,WOMD,training,training_tfexample.tfrecord-00003-of-01000,213,training,B,SUPPORT,MERGE_CONTEXT_ELIGIBLE,MEDIUM,1,SAFETY_CRITICAL_UNCERTAIN,LOW,LOW,HIGH,accept,,False
training_tfexample.tfrecord-00003-of-01000#214__t33__284_287,training_tfexample.tfrecord-00003-of-01000#214__t33__284_287,d678bdacc396e155,training_tfexample.tfrecord-00003-of-01000#214,WOMD,training,training_tfexample.tfrecord-00003-of-01000,214,training,B,SUPPORT,MERGE_CONTEXT_ELIGIBLE,MEDIUM,1,SAFETY_CRITICAL_UNCERTAIN,LOW,LOW,HIGH,accept,,False
training_tfexample.tfrecord-00003-of-01000#220__t23__257_278,training_tfexample.tfrecord-00003-of-01000#220__t23__257_278,798c09f06e4f5e80,training_tfexample.tfrecord-00003-of-01000#220,WOMD,training,training_tfexample.tfrecord-00003-of-01000,220,training,A,CORE,MERGE_CONTEXT_ELIGIBLE,HIGH,2,BOTH_SIDES_CONSTRAINED,LOW,MEDIUM,HIGH,accept,,False
training_tfexample.tfrecord-00003-of-01000#235__t80__165_167,training_tfexample.tfrecord-00003-of-01000#235__t80__165_167,6b0ecc77b26b3118,training_tfexample.tfrecord-00003-of-01000#235,WOMD,training,training_tfexample.tfrecord-00003-of-01000,235,training,A,CORE,MERGE_CONTEXT_ELIGIBLE,MEDIUM,2,FRONT_CONSTRAINED,MEDIUM,LOW,MEDIUM,accept,,False
training_tfexample.tfrecord-00003-of-01000#239__t87__187_198,training_tfexample.tfrecord-00003-of-01000#239__t87__187_198,130ac3c3d36e5b05,training_tfexample.tfrecord-00003-of-01000#239,WOMD,training,training_tfexample.tfrecord-00003-of-01000,239,training,B,SUPPORT,MERGE_CONTEXT_ELIGIBLE,LOW,1,WEAK_INTERACTION,LOW,LOW,MEDIUM,reject,target_not_stable,False
training_tfexample.tfrecord-00003-of-01000#245__t7__651_694,training_tfexample.tfrecord-00003-of-01000#245__t7__651_694,91433de13c4e14cb,training_tfexample.tfrecord-00003-of-01000#245,WOMD,training,training_tfexample.tfrecord-00003-of-01000,245,training,A,CORE,MERGE_CONTEXT_ELIGIBLE,HIGH,2,SAFETY_CRITICAL_UNCERTAIN,LOW,HIGH,HIGH,accept,,False
training_tfexample.tfrecord-00003-of-01000#245__t47__710_736,training_tfexample.tfrecord-00003-of-01000#245__t47__710_736,91433de13c4e14cb,training_tfexample.tfrecord-00003-of-01000#245,WOMD,training,training_tfexample.tfrecord-00003-of-01000,245,training,A,CORE,MERGE_CONTEXT_ELIGIBLE,HIGH,2,SAFETY_CRITICAL_UNCERTAIN,LOW,HIGH,HIGH,accept,,False
training_tfexample.tfrecord-00003-of-01000#246__t53__1146_1123,training_tfexample.tfrecord-00003-of-01000#246__t53__1146_1123,c7de9326cba04e91,training_tfexample.tfrecord-00003-of-01000#246,WOMD,training,training_tfexample.tfrecord-00003-of-01000,246,training,A,CORE,MERGE_CONTEXT_ELIGIBLE,HIGH,2,BOTH_SIDES_CONSTRAINED,LOW,HIGH,HIGH,accept,,False
training_tfexample.tfrecord-00003-of-01000#264__t64__604_579,training_tfexample.tfrecord-00003-of-01000#264__t64__604_579,f2674ee1ff8451a1,training_tfexample.tfrecord-00003-of-01000#264,WOMD,training,training_tfexample.tfrecord-00003-of-01000,264,training,A,CORE,MERGE_CONTEXT_ELIGIBLE,MEDIUM,2,FRONT_CONSTRAINED,MEDIUM,LOW,MEDIUM,accept,,False
training_tfexample.tfrecord-00003-of-01000#270__t87__153_147,training_tfexample.tfrecord-00003-of-01000#270__t87__153_147,95cf75db83996f1a,training_tfexample.tfrecord-00003-of-01000#270,WOMD,training,training_tfexample.tfrecord-00003-of-01000,270,training,A,CORE,MERGE_CONTEXT_ELIGIBLE,HIGH,2,SAFETY_CRITICAL_UNCERTAIN,LOW,HIGH,HIGH,reject,target_not_stable,False
training_tfexample.tfrecord-00003-of-01000#271__t44__291_292,training_tfexample.tfrecord-00003-of-01000#271__t44__291_292,4dd2016a8ea98207,training_tfexample.tfrecord-00003-of-01000#271,WOMD,training,training_tfexample.tfrecord-00003-of-01000,271,training,A,CORE,MERGE_CONTEXT_ELIGIBLE,HIGH,2,SAFETY_CRITICAL_UNCERTAIN,LOW,HIGH,HIGH,accept,,False
training_tfexample.tfrecord-00003-of-01000#274__t68__95_104,training_tfexample.tfrecord-00003-of-01000#274__t68__95_104,2c16147beff0a6b0,training_tfexample.tfrecord-00003-of-01000#274,WOMD,training,training_tfexample.tfrecord-00003-of-01000,274,training,B,SUPPORT,MERGE_CONTEXT_ELIGIBLE,MEDIUM,1,FRONT_CONSTRAINED,LOW,LOW,HIGH,accept,,False
training_tfexample.tfrecord-00003-of-01000#289__t55__716_731,training_tfexample.tfrecord-00003-of-01000#289__t55__716_731,68474c20ee3c0374,training_tfexample.tfrecord-00003-of-01000#289,WOMD,training,training_tfexample.tfrecord-00003-of-01000,289,training,B,SUPPORT,MERGE_CONTEXT_ELIGIBLE,MEDIUM,1,FRONT_CONSTRAINED,LOW,LOW,HIGH,accept,,False
training_tfexample.tfrecord-00003-of-01000#304__t49__176_170,training_tfexample.tfrecord-00003-of-01000#304__t49__176_170,8bb6ef23e9294832,training_tfexample.tfrecord-00003-of-01000#304,WOMD,training,training_tfexample.tfrecord-00003-of-01000,304,training,B,SUPPORT,MERGE_CONTEXT_ELIGIBLE,MEDIUM,1,SAFETY_CRITICAL_UNCERTAIN,LOW,LOW,HIGH,accept,,False
training_tfexample.tfrecord-00003-of-01000#308__t32__273_218,training_tfexample.tfrecord-00003-of-01000#308__t32__273_218,e636dbfa25462c77,training_tfexample.tfrecord-00003-of-01000#308,WOMD,training,training_tfexample.tfrecord-00003-of-01000,308,training,A,CORE,MERGE_CONTEXT_ELIGIBLE,HIGH,2,SAFETY_CRITICAL_UNCERTAIN,LOW,HIGH,HIGH,accept,,False
training_tfexample.tfrecord-00003-of-01000#308__t65__210_159,training_tfexample.tfrecord-00003-of-01000#308__t65__210_159,e636dbfa25462c77,training_tfexample.tfrecord-00003-of-01000#308,WOMD,training,training_tfexample.tfrecord-00003-of-01000,308,training,A,CORE,MERGE_CONTEXT_ELIGIBLE,HIGH,2,SAFETY_CRITICAL_UNCERTAIN,LOW,HIGH,HIGH,accept,,False
training_tfexample.tfrecord-00003-of-01000#308__t89__167_180,training_tfexample.tfrecord-00003-of-01000#308__t89__167_180,e636dbfa25462c77,training_tfexample.tfrecord-00003-of-01000#308,WOMD,training,training_tfexample.tfrecord-00003-of-01000,308,training,A,CORE,MERGE_CONTEXT_ELIGIBLE,HIGH,2,BOTH_SIDES_CONSTRAINED,LOW,HIGH,HIGH,reject,target_not_stable,False
training_tfexample.tfrecord-00003-of-01000#326__t71__184_216,training_tfexample.tfrecord-00003-of-01000#326__t71__184_216,2228ef43285377cd,training_tfexample.tfrecord-00003-of-01000#326,WOMD,training,training_tfexample.tfrecord-00003-of-01000,326,training,A,CORE,MERGE_CONTEXT_ELIGIBLE,MEDIUM,2,FRONT_CONSTRAINED,HIGH,LOW,MEDIUM,accept,,False
training_tfexample.tfrecord-00003-of-01000#332__t72__81_94,training_tfexample.tfrecord-00003-of-01000#332__t72__81_94,49ffd5cc56f6d1f5,training_tfexample.tfrecord-00003-of-01000#332,WOMD,training,training_tfexample.tfrecord-00003-of-01000,332,training,A,CORE,MERGE_CONTEXT_ELIGIBLE,HIGH,3,BOTH_SIDES_CONSTRAINED,HIGH,HIGH,MEDIUM,accept,,False
training_tfexample.tfrecord-00003-of-01000#337__t16__197_199,training_tfexample.tfrecord-00003-of-01000#337__t16__197_199,b46acc23694b457e,training_tfexample.tfrecord-00003-of-01000#337,WOMD,training,training_tfexample.tfrecord-00003-of-01000,337,training,B,SUPPORT,MERGE_CONTEXT_ELIGIBLE,MEDIUM,1,FRONT_CONSTRAINED,LOW,LOW,MEDIUM,accept,,False
training_tfexample.tfrecord-00003-of-01000#340__t5__347_255,training_tfexample.tfrecord-00003-of-01000#340__t5__347_255,4fea019121a450f1,training_tfexample.tfrecord-00003-of-01000#340,WOMD,training,training_tfexample.tfrecord-00003-of-01000,340,training,B,SUPPORT,MERGE_CONTEXT_ELIGIBLE,MEDIUM,1,SAFETY_CRITICAL_UNCERTAIN,LOW,LOW,HIGH,accept,,False
training_tfexample.tfrecord-00003-of-01000#342__t68__257_281,training_tfexample.tfrecord-00003-of-01000#342__t68__257_281,e794d77ea9198a2e,training_tfexample.tfrecord-00003-of-01000#342,WOMD,training,training_tfexample.tfrecord-00003-of-01000,342,training,B,SUPPORT,MERGE_CONTEXT_ELIGIBLE,LOW,1,WEAK_INTERACTION,LOW,LOW,MEDIUM,accept,,False
training_tfexample.tfrecord-00003-of-01000#352__t35__118_122,training_tfexample.tfrecord-00003-of-01000#352__t35__118_122,4d6c299bb31fc3a0,training_tfexample.tfrecord-00003-of-01000#352,WOMD,training,training_tfexample.tfrecord-00003-of-01000,352,training,B,SUPPORT,MERGE_CONTEXT_ELIGIBLE,MEDIUM,1,SAFETY_CRITICAL_UNCERTAIN,LOW,LOW,HIGH,accept,,False
training_tfexample.tfrecord-00003-of-01000#354__t31__211_206,training_tfexample.tfrecord-00003-of-01000#354__t31__211_206,be1ed3b7cf793e3d,training_tfexample.tfrecord-00003-of-01000#354,WOMD,training,training_tfexample.tfrecord-00003-of-01000,354,training,B,SUPPORT,MERGE_CONTEXT_ELIGIBLE,LOW,1,WEAK_INTERACTION,LOW,LOW,MEDIUM,accept,,False
training_tfexample.tfrecord-00003-of-01000#358__t17__239_266,training_tfexample.tfrecord-00003-of-01000#358__t17__239_266,92ba1d43f5dbd75e,training_tfexample.tfrecord-00003-of-01000#358,WOMD,training,training_tfexample.tfrecord-00003-of-01000,358,training,B,SUPPORT,MERGE_CONTEXT_ELIGIBLE,MEDIUM,1,FRONT_CONSTRAINED,LOW,LOW,MEDIUM,accept,,False
training_tfexample.tfrecord-00003-of-01000#360__t23__382_404,training_tfexample.tfrecord-00003-of-01000#360__t23__382_404,11360668d650dcb6,training_tfexample.tfrecord-00003-of-01000#360,WOMD,training,training_tfexample.tfrecord-00003-of-01000,360,training,B,SUPPORT,MERGE_CONTEXT_ELIGIBLE,MEDIUM,1,FRONT_CONSTRAINED,LOW,LOW,MEDIUM,accept,,False
training_tfexample.tfrecord-00003-of-01000#362__t63__320_303,training_tfexample.tfrecord-00003-of-01000#362__t63__320_303,609fd98b27a4ce65,training_tfexample.tfrecord-00003-of-01000#362,WOMD,training,training_tfexample.tfrecord-00003-of-01000,362,training,A,CORE,MERGE_CONTEXT_ELIGIBLE,HIGH,2,SAFETY_CRITICAL_UNCERTAIN,LOW,HIGH,HIGH,accept,,False
training_tfexample.tfrecord-00003-of-01000#366__t33__158_153,training_tfexample.tfrecord-00003-of-01000#366__t33__158_153,ccd561708f8d7cd7,training_tfexample.tfrecord-00003-of-01000#366,WOMD,training,training_tfexample.tfrecord-00003-of-01000,366,training,B,SUPPORT,MERGE_CONTEXT_ELIGIBLE,MEDIUM,1,SAFETY_CRITICAL_UNCERTAIN,LOW,LOW,HIGH,accept,,False
training_tfexample.tfrecord-00003-of-01000#374__t14__331_324,training_tfexample.tfrecord-00003-of-01000#374__t14__331_324,a6b0db5e73ece553,training_tfexample.tfrecord-00003-of-01000#374,WOMD,training,training_tfexample.tfrecord-00003-of-01000,374,training,B,SUPPORT,MERGE_CONTEXT_ELIGIBLE,LOW,1,WEAK_INTERACTION,LOW,LOW,MEDIUM,accept,,False
training_tfexample.tfrecord-00003-of-01000#375__t89__121_143,training_tfexample.tfrecord-00003-of-01000#375__t89__121_143,d465432df8bcdcc4,training_tfexample.tfrecord-00003-of-01000#375,WOMD,training,training_tfexample.tfrecord-00003-of-01000,375,training,B,SUPPORT,MERGE_CONTEXT_ELIGIBLE,LOW,1,APPROACH_KEEP_CONTEXT,HIGH,LOW,LOW,reject,target_not_stable,False
training_tfexample.tfrecord-00003-of-01000#378__t22__618_639,training_tfexample.tfrecord-00003-of-01000#378__t22__618_639,dbea17dee43b812b,training_tfexample.tfrecord-00003-of-01000#378,WOMD,training,training_tfexample.tfrecord-00003-of-01000,378,training,A,CORE,MERGE_CONTEXT_ELIGIBLE,HIGH,2,BOTH_SIDES_CONSTRAINED,LOW,HIGH,HIGH,accept,,False
training_tfexample.tfrecord-00003-of-01000#378__t61__693_689,training_tfexample.tfrecord-00003-of-01000#378__t61__693_689,dbea17dee43b812b,training_tfexample.tfrecord-00003-of-01000#378,WOMD,training,training_tfexample.tfrecord-00003-of-01000,378,training,B,SUPPORT,MERGE_CONTEXT_ELIGIBLE,MEDIUM,1,FRONT_CONSTRAINED,LOW,LOW,MEDIUM,accept,,False
training_tfexample.tfrecord-00003-of-01000#380__t8__242_249,training_tfexample.tfrecord-00003-of-01000#380__t8__242_249,b70d675ddbfaa50b,training_tfexample.tfrecord-00003-of-01000#380,WOMD,training,training_tfexample.tfrecord-00003-of-01000,380,training,B,SUPPORT,MERGE_CONTEXT_ELIGIBLE,MEDIUM,1,FRONT_CONSTRAINED,LOW,LOW,HIGH,accept,,False
training_tfexample.tfrecord-00003-of-01000#383__t15__183_345,training_tfexample.tfrecord-00003-of-01000#383__t15__183_345,e5e08ceab5494840,training_tfexample.tfrecord-00003-of-01000#383,WOMD,training,training_tfexample.tfrecord-00003-of-01000,383,training,B,SUPPORT,MERGE_CONTEXT_ELIGIBLE,LOW,1,WEAK_INTERACTION,LOW,LOW,MEDIUM,accept,,False
training_tfexample.tfrecord-00003-of-01000#383__t61__281_288,training_tfexample.tfrecord-00003-of-01000#383__t61__281_288,e5e08ceab5494840,training_tfexample.tfrecord-00003-of-01000#383,WOMD,training,training_tfexample.tfrecord-00003-of-01000,383,training,B,SUPPORT,MERGE_CONTEXT_ELIGIBLE,LOW,1,WEAK_INTERACTION,LOW,LOW,MEDIUM,accept,,False
training_tfexample.tfrecord-00003-of-01000#386__t81__80_75,training_tfexample.tfrecord-00003-of-01000#386__t81__80_75,efd7b2c1d97e2987,training_tfexample.tfrecord-00003-of-01000#386,WOMD,training,training_tfexample.tfrecord-00003-of-01000,386,training,A,CORE,MERGE_CONTEXT_ELIGIBLE,HIGH,2,SAFETY_CRITICAL_UNCERTAIN,LOW,HIGH,HIGH,reject,gap_order_not_persistent,False
training_tfexample.tfrecord-00003-of-01000#393__t15__390_498,training_tfexample.tfrecord-00003-of-01000#393__t15__390_498,bee4b7a0668348f8,training_tfexample.tfrecord-00003-of-01000#393,WOMD,training,training_tfexample.tfrecord-00003-of-01000,393,training,A,CORE,MERGE_CONTEXT_ELIGIBLE,HIGH,2,SAFETY_CRITICAL_UNCERTAIN,LOW,HIGH,HIGH,accept,,False
training_tfexample.tfrecord-00003-of-01000#399__t5__369_372,training_tfexample.tfrecord-00003-of-01000#399__t5__369_372,777c6c74abe521a7,training_tfexample.tfrecord-00003-of-01000#399,WOMD,training,training_tfexample.tfrecord-00003-of-01000,399,training,B,SUPPORT,MERGE_CONTEXT_ELIGIBLE,MEDIUM,1,FRONT_CONSTRAINED,LOW,LOW,HIGH,accept,,False
training_tfexample.tfrecord-00003-of-01000#409__t52__459_449,training_tfexample.tfrecord-00003-of-01000#409__t52__459_449,4ee088b0c5bc781d,training_tfexample.tfrecord-00003-of-01000#409,WOMD,training,training_tfexample.tfrecord-00003-of-01000,409,training,A,CORE,MERGE_CONTEXT_ELIGIBLE,HIGH,2,SAFETY_CRITICAL_UNCERTAIN,LOW,HIGH,HIGH,accept,,False
training_tfexample.tfrecord-00003-of-01000#411__t5__545_699,training_tfexample.tfrecord-00003-of-01000#411__t5__545_699,11ddbc268feaeb92,training_tfexample.tfrecord-00003-of-01000#411,WOMD,training,training_tfexample.tfrecord-00003-of-01000,411,training,A,CORE,MERGE_CONTEXT_ELIGIBLE,HIGH,2,SAFETY_CRITICAL_UNCERTAIN,LOW,HIGH,HIGH,accept,,False
training_tfexample.tfrecord-00003-of-01000#417__t37__96_90,training_tfexample.tfrecord-00003-of-01000#417__t37__96_90,aedc13fbe546cf0c,training_tfexample.tfrecord-00003-of-01000#417,WOMD,training,training_tfexample.tfrecord-00003-of-01000,417,training,A,CORE,MERGE_CONTEXT_ELIGIBLE,MEDIUM,2,WEAK_INTERACTION,MEDIUM,LOW,MEDIUM,accept,,False
training_tfexample.tfrecord-00003-of-01000#420__t25__180_190,training_tfexample.tfrecord-00003-of-01000#420__t25__180_190,bbf19b8174263a44,training_tfexample.tfrecord-00003-of-01000#420,WOMD,training,training_tfexample.tfrecord-00003-of-01000,420,training,A,CORE,MERGE_CONTEXT_ELIGIBLE,MEDIUM,2,WEAK_INTERACTION,MEDIUM,LOW,MEDIUM,accept,,False
training_tfexample.tfrecord-00003-of-01000#424__t76__161_175,training_tfexample.tfrecord-00003-of-01000#424__t76__161_175,1d53bc7cb43d896f,training_tfexample.tfrecord-00003-of-01000#424,WOMD,training,training_tfexample.tfrecord-00003-of-01000,424,training,A,CORE,MERGE_CONTEXT_ELIGIBLE,MEDIUM,2,FRONT_CONSTRAINED,HIGH,LOW,MEDIUM,accept,,False
training_tfexample.tfrecord-00003-of-01000#431__t47__129_138,training_tfexample.tfrecord-00003-of-01000#431__t47__129_138,1b71edd6f4a9538e,training_tfexample.tfrecord-00003-of-01000#431,WOMD,training,training_tfexample.tfrecord-00003-of-01000,431,training,A,CORE,MERGE_CONTEXT_ELIGIBLE,HIGH,2,BOTH_SIDES_CONSTRAINED,LOW,HIGH,HIGH,accept,,False
training_tfexample.tfrecord-00003-of-01000#437__t86__106_120,training_tfexample.tfrecord-00003-of-01000#437__t86__106_120,aff59bff36bc8f16,training_tfexample.tfrecord-00003-of-01000#437,WOMD,training,training_tfexample.tfrecord-00003-of-01000,437,training,A,CORE,MERGE_CONTEXT_ELIGIBLE,MEDIUM,2,FRONT_CONSTRAINED,HIGH,LOW,MEDIUM,accept,,False
training_tfexample.tfrecord-00003-of-01000#442__t22__296_270,training_tfexample.tfrecord-00003-of-01000#442__t22__296_270,df2a991a5afb7a06,training_tfexample.tfrecord-00003-of-01000#442,WOMD,training,training_tfexample.tfrecord-00003-of-01000,442,training,B,SUPPORT,MERGE_CONTEXT_ELIGIBLE,MEDIUM,1,SAFETY_CRITICAL_UNCERTAIN,LOW,LOW,HIGH,accept,,False
training_tfexample.tfrecord-00003-of-01000#442__t73__253_334,training_tfexample.tfrecord-00003-of-01000#442__t73__253_334,df2a991a5afb7a06,training_tfexample.tfrecord-00003-of-01000#442,WOMD,training,training_tfexample.tfrecord-00003-of-01000,442,training,A,CORE,MERGE_CONTEXT_ELIGIBLE,HIGH,2,BOTH_SIDES_CONSTRAINED,LOW,HIGH,HIGH,accept,,False
training_tfexample.tfrecord-00003-of-01000#445__t6__264_267,training_tfexample.tfrecord-00003-of-01000#445__t6__264_267,efa00850596ab382,training_tfexample.tfrecord-00003-of-01000#445,WOMD,training,training_tfexample.tfrecord-00003-of-01000,445,training,B,SUPPORT,MERGE_CONTEXT_ELIGIBLE,MEDIUM,1,SAFETY_CRITICAL_UNCERTAIN,LOW,LOW,HIGH,accept,,False
training_tfexample.tfrecord-00003-of-01000#445__t62__230_225,training_tfexample.tfrecord-00003-of-01000#445__t62__230_225,efa00850596ab382,training_tfexample.tfrecord-00003-of-01000#445,WOMD,training,training_tfexample.tfrecord-00003-of-01000,445,training,B,SUPPORT,MERGE_CONTEXT_ELIGIBLE,MEDIUM,1,SAFETY_CRITICAL_UNCERTAIN,LOW,LOW,HIGH,accept,,False
training_tfexample.tfrecord-00003-of-01000#446__t20__411_412,training_tfexample.tfrecord-00003-of-01000#446__t20__411_412,8b835eff0e79b180,training_tfexample.tfrecord-00003-of-01000#446,WOMD,training,training_tfexample.tfrecord-00003-of-01000,446,training,B,SUPPORT,MERGE_CONTEXT_ELIGIBLE,MEDIUM,1,FRONT_CONSTRAINED,LOW,LOW,MEDIUM,accept,,False
training_tfexample.tfrecord-00003-of-01000#454__t89__69_47,training_tfexample.tfrecord-00003-of-01000#454__t89__69_47,d7df53e91836ae0b,training_tfexample.tfrecord-00003-of-01000#454,WOMD,training,training_tfexample.tfrecord-00003-of-01000,454,training,B,SUPPORT,MERGE_CONTEXT_ELIGIBLE,LOW,1,APPROACH_KEEP_CONTEXT,MEDIUM,LOW,LOW,reject,target_not_stable,False
training_tfexample.tfrecord-00003-of-01000#459__t58__511_518,training_tfexample.tfrecord-00003-of-01000#459__t58__511_518,d31749b2286a2a8f,training_tfexample.tfrecord-00003-of-01000#459,WOMD,training,training_tfexample.tfrecord-00003-of-01000,459,training,A,CORE,MERGE_CONTEXT_ELIGIBLE,HIGH,2,SAFETY_CRITICAL_UNCERTAIN,LOW,HIGH,HIGH,accept,,False
training_tfexample.tfrecord-00003-of-01000#461__t89__158_303,training_tfexample.tfrecord-00003-of-01000#461__t89__158_303,1f75391183f69195,training_tfexample.tfrecord-00003-of-01000#461,WOMD,training,training_tfexample.tfrecord-00003-of-01000,461,training,B,SUPPORT,MERGE_CONTEXT_ELIGIBLE,LOW,1,WEAK_INTERACTION,LOW,LOW,MEDIUM,reject,target_not_stable,False
training_tfexample.tfrecord-00003-of-01000#474__t89__127_134,training_tfexample.tfrecord-00003-of-01000#474__t89__127_134,46acfabf81831395,training_tfexample.tfrecord-00003-of-01000#474,WOMD,training,training_tfexample.tfrecord-00003-of-01000,474,training,B,SUPPORT,MERGE_CONTEXT_ELIGIBLE,LOW,1,APPROACH_KEEP_CONTEXT,MEDIUM,LOW,LOW,reject,target_not_stable,False
training_tfexample.tfrecord-00003-of-01000#475__t64__181_183,training_tfexample.tfrecord-00003-of-01000#475__t64__181_183,50cab8f79d7a2379,training_tfexample.tfrecord-00003-of-01000#475,WOMD,training,training_tfexample.tfrecord-00003-of-01000,475,training,A,CORE,MERGE_CONTEXT_ELIGIBLE,HIGH,2,SAFETY_CRITICAL_UNCERTAIN,LOW,HIGH,HIGH,accept,,False
training_tfexample.tfrecord-00003-of-01000#478__t47__724_731,training_tfexample.tfrecord-00003-of-01000#478__t47__724_731,49a6e85aff97919,training_tfexample.tfrecord-00003-of-01000#478,WOMD,training,training_tfexample.tfrecord-00003-of-01000,478,training,B,SUPPORT,MERGE_CONTEXT_ELIGIBLE,MEDIUM,1,SAFETY_CRITICAL_UNCERTAIN,LOW,LOW,HIGH,accept,,False
training_tfexample.tfrecord-00004-of-01000#3__t16__231_193,training_tfexample.tfrecord-00004-of-01000#3__t16__231_193,707dd68d228bc689,training_tfexample.tfrecord-00004-of-01000#3,WOMD,training,training_tfexample.tfrecord-00004-of-01000,3,training,B,SUPPORT,MERGE_CONTEXT_ELIGIBLE,MEDIUM,1,FRONT_CONSTRAINED,LOW,LOW,HIGH,accept,,False
training_tfexample.tfrecord-00004-of-01000#3__t72__240_263,training_tfexample.tfrecord-00004-of-01000#3__t72__240_263,707dd68d228bc689,training_tfexample.tfrecord-00004-of-01000#3,WOMD,training,training_tfexample.tfrecord-00004-of-01000,3,training,B,SUPPORT,MERGE_CONTEXT_ELIGIBLE,MEDIUM,1,SAFETY_CRITICAL_UNCERTAIN,LOW,LOW,HIGH,reject,gap_order_not_persistent,False
training_tfexample.tfrecord-00004-of-01000#4__t57__338_255,training_tfexample.tfrecord-00004-of-01000#4__t57__338_255,ebd5efc0b000b9fc,training_tfexample.tfrecord-00004-of-01000#4,WOMD,training,training_tfexample.tfrecord-00004-of-01000,4,training,A,CORE,MERGE_CONTEXT_ELIGIBLE,MEDIUM,2,FRONT_CONSTRAINED,MEDIUM,LOW,MEDIUM,accept,,False
training_tfexample.tfrecord-00004-of-01000#5__t37__131_129,training_tfexample.tfrecord-00004-of-01000#5__t37__131_129,b4326e4b27561daa,training_tfexample.tfrecord-00004-of-01000#5,WOMD,training,training_tfexample.tfrecord-00004-of-01000,5,training,B,SUPPORT,MERGE_CONTEXT_ELIGIBLE,MEDIUM,1,FRONT_CONSTRAINED,LOW,LOW,HIGH,accept,,False
training_tfexample.tfrecord-00004-of-01000#8__t52__331_339,training_tfexample.tfrecord-00004-of-01000#8__t52__331_339,8d844deb9224ae9b,training_tfexample.tfrecord-00004-of-01000#8,WOMD,training,training_tfexample.tfrecord-00004-of-01000,8,training,B,SUPPORT,MERGE_CONTEXT_ELIGIBLE,MEDIUM,1,SAFETY_CRITICAL_UNCERTAIN,LOW,LOW,HIGH,accept,,False
training_tfexample.tfrecord-00004-of-01000#9__t56__156_146,training_tfexample.tfrecord-00004-of-01000#9__t56__156_146,d55a243fde7bd70,training_tfexample.tfrecord-00004-of-01000#9,WOMD,training,training_tfexample.tfrecord-00004-of-01000,9,training,A,CORE,MERGE_CONTEXT_ELIGIBLE,HIGH,2,SAFETY_CRITICAL_UNCERTAIN,LOW,HIGH,HIGH,accept,,False
training_tfexample.tfrecord-00004-of-01000#12__t9__122_160,training_tfexample.tfrecord-00004-of-01000#12__t9__122_160,6f2e656b628cf9cb,training_tfexample.tfrecord-00004-of-01000#12,WOMD,training,training_tfexample.tfrecord-00004-of-01000,12,training,B,SUPPORT,MERGE_CONTEXT_ELIGIBLE,MEDIUM,1,FRONT_CONSTRAINED,LOW,LOW,MEDIUM,accept,,False
training_tfexample.tfrecord-00004-of-01000#15__t35__144_143,training_tfexample.tfrecord-00004-of-01000#15__t35__144_143,9b49008060561c53,training_tfexample.tfrecord-00004-of-01000#15,WOMD,training,training_tfexample.tfrecord-00004-of-01000,15,training,B,SUPPORT,MERGE_CONTEXT_ELIGIBLE,MEDIUM,1,SAFETY_CRITICAL_UNCERTAIN,LOW,LOW,HIGH,accept,,False
training_tfexample.tfrecord-00004-of-01000#28__t74__183_425,training_tfexample.tfrecord-00004-of-01000#28__t74__183_425,5af00681f6c82fe9,training_tfexample.tfrecord-00004-of-01000#28,WOMD,training,training_tfexample.tfrecord-00004-of-01000,28,training,B,SUPPORT,MERGE_CONTEXT_ELIGIBLE,MEDIUM,1,FRONT_CONSTRAINED,LOW,LOW,HIGH,accept,,False
training_tfexample.tfrecord-00004-of-01000#47__t47__238_275,training_tfexample.tfrecord-00004-of-01000#47__t47__238_275,474123a70dfcc16c,training_tfexample.tfrecord-00004-of-01000#47,WOMD,training,training_tfexample.tfrecord-00004-of-01000,47,training,B,SUPPORT,MERGE_CONTEXT_ELIGIBLE,MEDIUM,1,FRONT_CONSTRAINED,LOW,LOW,HIGH,accept,,False
training_tfexample.tfrecord-00004-of-01000#55__t85__231_257,training_tfexample.tfrecord-00004-of-01000#55__t85__231_257,3154dfa9fe4f498e,training_tfexample.tfrecord-00004-of-01000#55,WOMD,training,training_tfexample.tfrecord-00004-of-01000,55,training,A,CORE,MERGE_CONTEXT_ELIGIBLE,HIGH,2,SAFETY_CRITICAL_UNCERTAIN,LOW,HIGH,HIGH,accept,,False
training_tfexample.tfrecord-00004-of-01000#60__t14__309_313,training_tfexample.tfrecord-00004-of-01000#60__t14__309_313,e9fd708fe2452aa1,training_tfexample.tfrecord-00004-of-01000#60,WOMD,training,training_tfexample.tfrecord-00004-of-01000,60,training,B,SUPPORT,MERGE_CONTEXT_ELIGIBLE,MEDIUM,1,FRONT_CONSTRAINED,LOW,LOW,MEDIUM,accept,,False
training_tfexample.tfrecord-00004-of-01000#62__t10__512_502,training_tfexample.tfrecord-00004-of-01000#62__t10__512_502,4c541d02df5511a6,training_tfexample.tfrecord-00004-of-01000#62,WOMD,training,training_tfexample.tfrecord-00004-of-01000,62,training,A,CORE,MERGE_CONTEXT_ELIGIBLE,HIGH,2,BOTH_SIDES_CONSTRAINED,LOW,HIGH,HIGH,accept,,False
training_tfexample.tfrecord-00004-of-01000#62__t63__343_329,training_tfexample.tfrecord-00004-of-01000#62__t63__343_329,4c541d02df5511a6,training_tfexample.tfrecord-00004-of-01000#62,WOMD,training,training_tfexample.tfrecord-00004-of-01000,62,training,B,SUPPORT,MERGE_CONTEXT_ELIGIBLE,MEDIUM,1,FRONT_CONSTRAINED,LOW,LOW,HIGH,accept,,False
training_tfexample.tfrecord-00004-of-01000#64__t76__400_438,training_tfexample.tfrecord-00004-of-01000#64__t76__400_438,7c6359f675f2274c,training_tfexample.tfrecord-00004-of-01000#64,WOMD,training,training_tfexample.tfrecord-00004-of-01000,64,training,A,CORE,MERGE_CONTEXT_ELIGIBLE,HIGH,2,SAFETY_CRITICAL_UNCERTAIN,LOW,HIGH,HIGH,accept,,False
training_tfexample.tfrecord-00004-of-01000#65__t89__391_434,training_tfexample.tfrecord-00004-of-01000#65__t89__391_434,649e002ce9e7039d,training_tfexample.tfrecord-00004-of-01000#65,WOMD,training,training_tfexample.tfrecord-00004-of-01000,65,training,B,SUPPORT,MERGE_CONTEXT_ELIGIBLE,MEDIUM,1,FRONT_CONSTRAINED,LOW,LOW,MEDIUM,reject,target_not_stable,False
training_tfexample.tfrecord-00004-of-01000#69__t69__468_232,training_tfexample.tfrecord-00004-of-01000#69__t69__468_232,eb4c0938450f90a9,training_tfexample.tfrecord-00004-of-01000#69,WOMD,training,training_tfexample.tfrecord-00004-of-01000,69,training,A,CORE,MERGE_CONTEXT_ELIGIBLE,HIGH,2,SAFETY_CRITICAL_UNCERTAIN,LOW,HIGH,HIGH,accept,,False
training_tfexample.tfrecord-00004-of-01000#70__t57__109_187,training_tfexample.tfrecord-00004-of-01000#70__t57__109_187,d94a8097f05acb13,training_tfexample.tfrecord-00004-of-01000#70,WOMD,training,training_tfexample.tfrecord-00004-of-01000,70,training,A,CORE,MERGE_CONTEXT_ELIGIBLE,HIGH,2,BOTH_SIDES_CONSTRAINED,LOW,HIGH,HIGH,accept,,False
training_tfexample.tfrecord-00004-of-01000#72__t9__794_798,training_tfexample.tfrecord-00004-of-01000#72__t9__794_798,7d3fdb4d6ed6a801,training_tfexample.tfrecord-00004-of-01000#72,WOMD,training,training_tfexample.tfrecord-00004-of-01000,72,training,B,SUPPORT,MERGE_CONTEXT_ELIGIBLE,MEDIUM,1,SAFETY_CRITICAL_UNCERTAIN,LOW,LOW,HIGH,accept,,False
training_tfexample.tfrecord-00004-of-01000#79__t68__315_316,training_tfexample.tfrecord-00004-of-01000#79__t68__315_316,6789386c9d09d4c5,training_tfexample.tfrecord-00004-of-01000#79,WOMD,training,training_tfexample.tfrecord-00004-of-01000,79,training,A,CORE,MERGE_CONTEXT_ELIGIBLE,MEDIUM,2,FRONT_CONSTRAINED,MEDIUM,LOW,MEDIUM,accept,,False
training_tfexample.tfrecord-00004-of-01000#80__t72__142_147,training_tfexample.tfrecord-00004-of-01000#80__t72__142_147,a46860957ea6fd69,training_tfexample.tfrecord-00004-of-01000#80,WOMD,training,training_tfexample.tfrecord-00004-of-01000,80,training,A,CORE,MERGE_CONTEXT_ELIGIBLE,HIGH,2,SAFETY_CRITICAL_UNCERTAIN,LOW,HIGH,HIGH,accept,,False
training_tfexample.tfrecord-00004-of-01000#83__t50__253_394,training_tfexample.tfrecord-00004-of-01000#83__t50__253_394,8187fbdae7ebcdaa,training_tfexample.tfrecord-00004-of-01000#83,WOMD,training,training_tfexample.tfrecord-00004-of-01000,83,training,B,SUPPORT,MERGE_CONTEXT_ELIGIBLE,MEDIUM,1,SAFETY_CRITICAL_UNCERTAIN,LOW,LOW,HIGH,accept,,False
training_tfexample.tfrecord-00004-of-01000#87__t78__206_203,training_tfexample.tfrecord-00004-of-01000#87__t78__206_203,48e50d47bbe86bdf,training_tfexample.tfrecord-00004-of-01000#87,WOMD,training,training_tfexample.tfrecord-00004-of-01000,87,training,B,SUPPORT,MERGE_CONTEXT_ELIGIBLE,MEDIUM,1,FRONT_CONSTRAINED,LOW,LOW,MEDIUM,accept,,False
training_tfexample.tfrecord-00004-of-01000#89__t33__380_300,training_tfexample.tfrecord-00004-of-01000#89__t33__380_300,607eefe5b008656b,training_tfexample.tfrecord-00004-of-01000#89,WOMD,training,training_tfexample.tfrecord-00004-of-01000,89,training,B,SUPPORT,MERGE_CONTEXT_ELIGIBLE,MEDIUM,1,SAFETY_CRITICAL_UNCERTAIN,LOW,LOW,HIGH,accept,,False
training_tfexample.tfrecord-00004-of-01000#97__t16__415_425,training_tfexample.tfrecord-00004-of-01000#97__t16__415_425,7120035ac300a3ef,training_tfexample.tfrecord-00004-of-01000#97,WOMD,training,training_tfexample.tfrecord-00004-of-01000,97,training,B,SUPPORT,MERGE_CONTEXT_ELIGIBLE,LOW,1,WEAK_INTERACTION,LOW,LOW,MEDIUM,accept,,False
training_tfexample.tfrecord-00004-of-01000#101__t60__606_615,training_tfexample.tfrecord-00004-of-01000#101__t60__606_615,a53e9d2754bc8175,training_tfexample.tfrecord-00004-of-01000#101,WOMD,training,training_tfexample.tfrecord-00004-of-01000,101,training,A,CORE,MERGE_CONTEXT_ELIGIBLE,HIGH,2,BOTH_SIDES_CONSTRAINED,LOW,HIGH,HIGH,accept,,False
training_tfexample.tfrecord-00004-of-01000#111__t90__294_280,training_tfexample.tfrecord-00004-of-01000#111__t90__294_280,962b35d8ff6f3dcf,training_tfexample.tfrecord-00004-of-01000#111,WOMD,training,training_tfexample.tfrecord-00004-of-01000,111,training,B,SUPPORT,MERGE_CONTEXT_ELIGIBLE,LOW,1,APPROACH_KEEP_CONTEXT,MEDIUM,LOW,LOW,reject,target_not_stable,False
training_tfexample.tfrecord-00004-of-01000#122__t5__214_216,training_tfexample.tfrecord-00004-of-01000#122__t5__214_216,e723196c4473c3e3,training_tfexample.tfrecord-00004-of-01000#122,WOMD,training,training_tfexample.tfrecord-00004-of-01000,122,training,B,SUPPORT,MERGE_CONTEXT_ELIGIBLE,MEDIUM,1,SAFETY_CRITICAL_UNCERTAIN,LOW,LOW,HIGH,accept,,False
training_tfexample.tfrecord-00004-of-01000#125__t90__347_293,training_tfexample.tfrecord-00004-of-01000#125__t90__347_293,d5b0d2c69356a440,training_tfexample.tfrecord-00004-of-01000#125,WOMD,training,training_tfexample.tfrecord-00004-of-01000,125,training,B,SUPPORT,MERGE_CONTEXT_ELIGIBLE,MEDIUM,1,FRONT_CONSTRAINED,LOW,LOW,HIGH,reject,target_not_stable,False
training_tfexample.tfrecord-00004-of-01000#129__t17__278_277,training_tfexample.tfrecord-00004-of-01000#129__t17__278_277,96bdcf811dd6ea79,training_tfexample.tfrecord-00004-of-01000#129,WOMD,training,training_tfexample.tfrecord-00004-of-01000,129,training,B,SUPPORT,MERGE_CONTEXT_ELIGIBLE,MEDIUM,1,SAFETY_CRITICAL_UNCERTAIN,LOW,LOW,HIGH,accept,,False
training_tfexample.tfrecord-00004-of-01000#129__t84__226_259,training_tfexample.tfrecord-00004-of-01000#129__t84__226_259,96bdcf811dd6ea79,training_tfexample.tfrecord-00004-of-01000#129,WOMD,training,training_tfexample.tfrecord-00004-of-01000,129,training,B,SUPPORT,MERGE_CONTEXT_ELIGIBLE,MEDIUM,1,BOTH_SIDES_CONSTRAINED,LOW,LOW,HIGH,reject,gap_order_not_persistent,False
training_tfexample.tfrecord-00004-of-01000#132__t40__161_301,training_tfexample.tfrecord-00004-of-01000#132__t40__161_301,5b69f5d81312c28b,training_tfexample.tfrecord-00004-of-01000#132,WOMD,training,training_tfexample.tfrecord-00004-of-01000,132,training,A,CORE,MERGE_CONTEXT_ELIGIBLE,HIGH,3,BOTH_SIDES_CONSTRAINED,HIGH,HIGH,MEDIUM,accept,,False
training_tfexample.tfrecord-00004-of-01000#136__t43__193_213,training_tfexample.tfrecord-00004-of-01000#136__t43__193_213,10b75bb11afabe66,training_tfexample.tfrecord-00004-of-01000#136,WOMD,training,training_tfexample.tfrecord-00004-of-01000,136,training,B,SUPPORT,MERGE_CONTEXT_ELIGIBLE,MEDIUM,1,FRONT_CONSTRAINED,LOW,LOW,MEDIUM,accept,,False
training_tfexample.tfrecord-00004-of-01000#136__t82__211_166,training_tfexample.tfrecord-00004-of-01000#136__t82__211_166,10b75bb11afabe66,training_tfexample.tfrecord-00004-of-01000#136,WOMD,training,training_tfexample.tfrecord-00004-of-01000,136,training,B,SUPPORT,MERGE_CONTEXT_ELIGIBLE,MEDIUM,1,FRONT_CONSTRAINED,LOW,LOW,MEDIUM,accept,,False
training_tfexample.tfrecord-00004-of-01000#137__t90__140_88,training_tfexample.tfrecord-00004-of-01000#137__t90__140_88,aa111d927f1ec4ec,training_tfexample.tfrecord-00004-of-01000#137,WOMD,training,training_tfexample.tfrecord-00004-of-01000,137,training,A,CORE,MERGE_CONTEXT_ELIGIBLE,MEDIUM,2,WEAK_INTERACTION,HIGH,LOW,MEDIUM,reject,target_not_stable,False
training_tfexample.tfrecord-00004-of-01000#154__t88__131_145,training_tfexample.tfrecord-00004-of-01000#154__t88__131_145,9feb51f5136f1c89,training_tfexample.tfrecord-00004-of-01000#154,WOMD,training,training_tfexample.tfrecord-00004-of-01000,154,training,B,SUPPORT,MERGE_CONTEXT_ELIGIBLE,LOW,1,APPROACH_KEEP_CONTEXT,MEDIUM,LOW,LOW,reject,target_not_stable,False
training_tfexample.tfrecord-00004-of-01000#168__t38__515_505,training_tfexample.tfrecord-00004-of-01000#168__t38__515_505,fb6c402895fb267,training_tfexample.tfrecord-00004-of-01000#168,WOMD,training,training_tfexample.tfrecord-00004-of-01000,168,training,B,SUPPORT,MERGE_CONTEXT_ELIGIBLE,MEDIUM,1,SAFETY_CRITICAL_UNCERTAIN,LOW,LOW,HIGH,accept,,False
training_tfexample.tfrecord-00004-of-01000#172__t45__262_241,training_tfexample.tfrecord-00004-of-01000#172__t45__262_241,58257c3edd09f447,training_tfexample.tfrecord-00004-of-01000#172,WOMD,training,training_tfexample.tfrecord-00004-of-01000,172,training,B,SUPPORT,MERGE_CONTEXT_ELIGIBLE,MEDIUM,1,REAR_PRESSURE,LOW,LOW,MEDIUM,accept,,False
training_tfexample.tfrecord-00004-of-01000#193__t74__184_182,training_tfexample.tfrecord-00004-of-01000#193__t74__184_182,65a6c85929a53ce5,training_tfexample.tfrecord-00004-of-01000#193,WOMD,training,training_tfexample.tfrecord-00004-of-01000,193,training,A,CORE,MERGE_CONTEXT_ELIGIBLE,MEDIUM,2,WEAK_INTERACTION,MEDIUM,LOW,MEDIUM,accept,,False
training_tfexample.tfrecord-00004-of-01000#205__t8__675_704,training_tfexample.tfrecord-00004-of-01000#205__t8__675_704,d78a7b2c6756d532,training_tfexample.tfrecord-00004-of-01000#205,WOMD,training,training_tfexample.tfrecord-00004-of-01000,205,training,B,SUPPORT,MERGE_CONTEXT_ELIGIBLE,MEDIUM,1,SAFETY_CRITICAL_UNCERTAIN,LOW,LOW,HIGH,accept,,False
training_tfexample.tfrecord-00004-of-01000#207__t12__288_284,training_tfexample.tfrecord-00004-of-01000#207__t12__288_284,ba72a026a3b307ac,training_tfexample.tfrecord-00004-of-01000#207,WOMD,training,training_tfexample.tfrecord-00004-of-01000,207,training,B,SUPPORT,MERGE_CONTEXT_ELIGIBLE,MEDIUM,1,SAFETY_CRITICAL_UNCERTAIN,LOW,LOW,HIGH,accept,,False
training_tfexample.tfrecord-00004-of-01000#208__t35__654_609,training_tfexample.tfrecord-00004-of-01000#208__t35__654_609,4f424311a7ea0464,training_tfexample.tfrecord-00004-of-01000#208,WOMD,training,training_tfexample.tfrecord-00004-of-01000,208,training,B,SUPPORT,MERGE_CONTEXT_ELIGIBLE,MEDIUM,1,FRONT_CONSTRAINED,LOW,LOW,MEDIUM,accept,,False
training_tfexample.tfrecord-00004-of-01000#215__t79__127_138,training_tfexample.tfrecord-00004-of-01000#215__t79__127_138,364e0007ae78625c,training_tfexample.tfrecord-00004-of-01000#215,WOMD,training,training_tfexample.tfrecord-00004-of-01000,215,training,A,CORE,MERGE_CONTEXT_ELIGIBLE,HIGH,2,SAFETY_CRITICAL_UNCERTAIN,LOW,HIGH,HIGH,accept,,False
training_tfexample.tfrecord-00004-of-01000#223__t59__219_94,training_tfexample.tfrecord-00004-of-01000#223__t59__219_94,8714f1e7f298a44a,training_tfexample.tfrecord-00004-of-01000#223,WOMD,training,training_tfexample.tfrecord-00004-of-01000,223,training,B,SUPPORT,MERGE_CONTEXT_ELIGIBLE,LOW,1,WEAK_INTERACTION,LOW,LOW,MEDIUM,accept,,False
training_tfexample.tfrecord-00004-of-01000#227__t88__309_342,training_tfexample.tfrecord-00004-of-01000#227__t88__309_342,f20800c9a3329c92,training_tfexample.tfrecord-00004-of-01000#227,WOMD,training,training_tfexample.tfrecord-00004-of-01000,227,training,B,SUPPORT,MERGE_CONTEXT_ELIGIBLE,LOW,1,WEAK_INTERACTION,LOW,LOW,MEDIUM,reject,target_not_stable,False
training_tfexample.tfrecord-00004-of-01000#232__t27__178_207,training_tfexample.tfrecord-00004-of-01000#232__t27__178_207,6d85cab0a74d2eb7,training_tfexample.tfrecord-00004-of-01000#232,WOMD,training,training_tfexample.tfrecord-00004-of-01000,232,training,B,SUPPORT,MERGE_CONTEXT_ELIGIBLE,MEDIUM,1,SAFETY_CRITICAL_UNCERTAIN,LOW,LOW,HIGH,accept,,False
training_tfexample.tfrecord-00004-of-01000#232__t90__165_157,training_tfexample.tfrecord-00004-of-01000#232__t90__165_157,6d85cab0a74d2eb7,training_tfexample.tfrecord-00004-of-01000#232,WOMD,training,training_tfexample.tfrecord-00004-of-01000,232,training,A,CORE,MERGE_CONTEXT_ELIGIBLE,HIGH,2,SAFETY_CRITICAL_UNCERTAIN,LOW,HIGH,HIGH,reject,target_not_stable,False
training_tfexample.tfrecord-00004-of-01000#234__t37__744_758,training_tfexample.tfrecord-00004-of-01000#234__t37__744_758,dc997013e4446500,training_tfexample.tfrecord-00004-of-01000#234,WOMD,training,training_tfexample.tfrecord-00004-of-01000,234,training,B,SUPPORT,MERGE_CONTEXT_ELIGIBLE,MEDIUM,1,REAR_PRESSURE,LOW,LOW,HIGH,accept,,False
training_tfexample.tfrecord-00004-of-01000#237__t40__268_305,training_tfexample.tfrecord-00004-of-01000#237__t40__268_305,13bd51ff85591b62,training_tfexample.tfrecord-00004-of-01000#237,WOMD,training,training_tfexample.tfrecord-00004-of-01000,237,training,A,CORE,MERGE_CONTEXT_ELIGIBLE,HIGH,2,SAFETY_CRITICAL_UNCERTAIN,LOW,HIGH,HIGH,accept,,False
training_tfexample.tfrecord-00004-of-01000#238__t10__358_361,training_tfexample.tfrecord-00004-of-01000#238__t10__358_361,b8d3b15c5d7bf246,training_tfexample.tfrecord-00004-of-01000#238,WOMD,training,training_tfexample.tfrecord-00004-of-01000,238,training,B,SUPPORT,MERGE_CONTEXT_ELIGIBLE,MEDIUM,1,FRONT_CONSTRAINED,LOW,LOW,MEDIUM,accept,,False
training_tfexample.tfrecord-00004-of-01000#239__t40__109_95,training_tfexample.tfrecord-00004-of-01000#239__t40__109_95,1c1b8acfd390fa6d,training_tfexample.tfrecord-00004-of-01000#239,WOMD,training,training_tfexample.tfrecord-00004-of-01000,239,training,A,CORE,MERGE_CONTEXT_ELIGIBLE,HIGH,2,SAFETY_CRITICAL_UNCERTAIN,LOW,HIGH,HIGH,accept,,False
training_tfexample.tfrecord-00004-of-01000#267__t34__133_130,training_tfexample.tfrecord-00004-of-01000#267__t34__133_130,53355fb12b7f1f68,training_tfexample.tfrecord-00004-of-01000#267,WOMD,training,training_tfexample.tfrecord-00004-of-01000,267,training,A,CORE,MERGE_CONTEXT_ELIGIBLE,HIGH,2,BOTH_SIDES_CONSTRAINED,LOW,HIGH,HIGH,accept,,False
training_tfexample.tfrecord-00004-of-01000#273__t52__447_469,training_tfexample.tfrecord-00004-of-01000#273__t52__447_469,bfb76fec765a4625,training_tfexample.tfrecord-00004-of-01000#273,WOMD,training,training_tfexample.tfrecord-00004-of-01000,273,training,A,CORE,MERGE_CONTEXT_ELIGIBLE,HIGH,3,BOTH_SIDES_CONSTRAINED,MEDIUM,MEDIUM,MEDIUM,accept,,False
training_tfexample.tfrecord-00004-of-01000#276__t83__154_113,training_tfexample.tfrecord-00004-of-01000#276__t83__154_113,bc2e98062e5fb3c2,training_tfexample.tfrecord-00004-of-01000#276,WOMD,training,training_tfexample.tfrecord-00004-of-01000,276,training,B,SUPPORT,MERGE_CONTEXT_ELIGIBLE,MEDIUM,1,FRONT_CONSTRAINED,LOW,LOW,HIGH,accept,,False
training_tfexample.tfrecord-00004-of-01000#277__t28__380_419,training_tfexample.tfrecord-00004-of-01000#277__t28__380_419,d1f863ed783e0930,training_tfexample.tfrecord-00004-of-01000#277,WOMD,training,training_tfexample.tfrecord-00004-of-01000,277,training,A,CORE,MERGE_CONTEXT_ELIGIBLE,HIGH,2,SAFETY_CRITICAL_UNCERTAIN,LOW,HIGH,HIGH,reject,gap_order_not_persistent,False
training_tfexample.tfrecord-00004-of-01000#277__t54__405_421,training_tfexample.tfrecord-00004-of-01000#277__t54__405_421,d1f863ed783e0930,training_tfexample.tfrecord-00004-of-01000#277,WOMD,training,training_tfexample.tfrecord-00004-of-01000,277,training,A,CORE,MERGE_CONTEXT_ELIGIBLE,HIGH,2,SAFETY_CRITICAL_UNCERTAIN,LOW,HIGH,HIGH,accept,,False
training_tfexample.tfrecord-00004-of-01000#278__t63__95_81,training_tfexample.tfrecord-00004-of-01000#278__t63__95_81,5d543a1902fb87c6,training_tfexample.tfrecord-00004-of-01000#278,WOMD,training,training_tfexample.tfrecord-00004-of-01000,278,training,A,CORE,MERGE_CONTEXT_ELIGIBLE,HIGH,2,SAFETY_CRITICAL_UNCERTAIN,LOW,HIGH,HIGH,accept,,False
training_tfexample.tfrecord-00004-of-01000#293__t19__197_214,training_tfexample.tfrecord-00004-of-01000#293__t19__197_214,18204b75ff78c01a,training_tfexample.tfrecord-00004-of-01000#293,WOMD,training,training_tfexample.tfrecord-00004-of-01000,293,training,A,CORE,MERGE_CONTEXT_ELIGIBLE,HIGH,2,SAFETY_CRITICAL_UNCERTAIN,LOW,HIGH,HIGH,accept,,False
training_tfexample.tfrecord-00004-of-01000#293__t67__369_398,training_tfexample.tfrecord-00004-of-01000#293__t67__369_398,18204b75ff78c01a,training_tfexample.tfrecord-00004-of-01000#293,WOMD,training,training_tfexample.tfrecord-00004-of-01000,293,training,B,SUPPORT,MERGE_CONTEXT_ELIGIBLE,MEDIUM,1,SAFETY_CRITICAL_UNCERTAIN,LOW,LOW,HIGH,accept,,False
training_tfexample.tfrecord-00004-of-01000#294__t72__117_129,training_tfexample.tfrecord-00004-of-01000#294__t72__117_129,7b3f0a8e315ac0a8,training_tfexample.tfrecord-00004-of-01000#294,WOMD,training,training_tfexample.tfrecord-00004-of-01000,294,training,B,SUPPORT,MERGE_CONTEXT_ELIGIBLE,LOW,1,WEAK_INTERACTION,LOW,LOW,MEDIUM,accept,,False
training_tfexample.tfrecord-00004-of-01000#299__t67__310_298,training_tfexample.tfrecord-00004-of-01000#299__t67__310_298,b1e15996c3c34836,training_tfexample.tfrecord-00004-of-01000#299,WOMD,training,training_tfexample.tfrecord-00004-of-01000,299,training,B,SUPPORT,MERGE_CONTEXT_ELIGIBLE,MEDIUM,1,FRONT_CONSTRAINED,LOW,LOW,MEDIUM,accept,,False
training_tfexample.tfrecord-00004-of-01000#301__t80__210_450,training_tfexample.tfrecord-00004-of-01000#301__t80__210_450,e2bff54fd657ef87,training_tfexample.tfrecord-00004-of-01000#301,WOMD,training,training_tfexample.tfrecord-00004-of-01000,301,training,A,CORE,MERGE_CONTEXT_ELIGIBLE,HIGH,2,BOTH_SIDES_CONSTRAINED,LOW,MEDIUM,HIGH,accept,,False
training_tfexample.tfrecord-00004-of-01000#304__t56__372_365,training_tfexample.tfrecord-00004-of-01000#304__t56__372_365,7701f23d73865777,training_tfexample.tfrecord-00004-of-01000#304,WOMD,training,training_tfexample.tfrecord-00004-of-01000,304,training,A,CORE,MERGE_CONTEXT_ELIGIBLE,HIGH,2,BOTH_SIDES_CONSTRAINED,LOW,HIGH,HIGH,accept,,False
training_tfexample.tfrecord-00004-of-01000#306__t5__247_249,training_tfexample.tfrecord-00004-of-01000#306__t5__247_249,b1ea359dde6d8df4,training_tfexample.tfrecord-00004-of-01000#306,WOMD,training,training_tfexample.tfrecord-00004-of-01000,306,training,B,SUPPORT,MERGE_CONTEXT_ELIGIBLE,MEDIUM,1,SAFETY_CRITICAL_UNCERTAIN,LOW,LOW,HIGH,accept,,False
training_tfexample.tfrecord-00004-of-01000#307__t84__361_350,training_tfexample.tfrecord-00004-of-01000#307__t84__361_350,5f3e2c227912d429,training_tfexample.tfrecord-00004-of-01000#307,WOMD,training,training_tfexample.tfrecord-00004-of-01000,307,training,A,CORE,MERGE_CONTEXT_ELIGIBLE,HIGH,2,SAFETY_CRITICAL_UNCERTAIN,LOW,HIGH,HIGH,accept,,False
training_tfexample.tfrecord-00004-of-01000#308__t87__539_439,training_tfexample.tfrecord-00004-of-01000#308__t87__539_439,e2cc28475b965fc4,training_tfexample.tfrecord-00004-of-01000#308,WOMD,training,training_tfexample.tfrecord-00004-of-01000,308,training,B,SUPPORT,MERGE_CONTEXT_ELIGIBLE,LOW,1,APPROACH_KEEP_CONTEXT,HIGH,LOW,LOW,reject,target_not_stable,False
training_tfexample.tfrecord-00004-of-01000#310__t77__811_818,training_tfexample.tfrecord-00004-of-01000#310__t77__811_818,fc040d6cadec8ac8,training_tfexample.tfrecord-00004-of-01000#310,WOMD,training,training_tfexample.tfrecord-00004-of-01000,310,training,A,CORE,MERGE_CONTEXT_ELIGIBLE,HIGH,2,BOTH_SIDES_CONSTRAINED,LOW,HIGH,HIGH,accept,,False
training_tfexample.tfrecord-00004-of-01000#316__t7__160_161,training_tfexample.tfrecord-00004-of-01000#316__t7__160_161,2e251a579c43e83e,training_tfexample.tfrecord-00004-of-01000#316,WOMD,training,training_tfexample.tfrecord-00004-of-01000,316,training,B,SUPPORT,MERGE_CONTEXT_ELIGIBLE,MEDIUM,1,FRONT_CONSTRAINED,LOW,LOW,HIGH,accept,,False
training_tfexample.tfrecord-00004-of-01000#319__t62__178_165,training_tfexample.tfrecord-00004-of-01000#319__t62__178_165,a93adc6f90ca642d,training_tfexample.tfrecord-00004-of-01000#319,WOMD,training,training_tfexample.tfrecord-00004-of-01000,319,training,B,SUPPORT,MERGE_CONTEXT_ELIGIBLE,MEDIUM,1,SAFETY_CRITICAL_UNCERTAIN,LOW,LOW,HIGH,accept,,False
training_tfexample.tfrecord-00004-of-01000#320__t45__279_287,training_tfexample.tfrecord-00004-of-01000#320__t45__279_287,4a119b341a308f98,training_tfexample.tfrecord-00004-of-01000#320,WOMD,training,training_tfexample.tfrecord-00004-of-01000,320,training,B,SUPPORT,MERGE_CONTEXT_ELIGIBLE,MEDIUM,1,FRONT_CONSTRAINED,LOW,LOW,HIGH,accept,,False
training_tfexample.tfrecord-00004-of-01000#321__t30__197_284,training_tfexample.tfrecord-00004-of-01000#321__t30__197_284,261baf3403ebcee4,training_tfexample.tfrecord-00004-of-01000#321,WOMD,training,training_tfexample.tfrecord-00004-of-01000,321,training,A,CORE,MERGE_CONTEXT_ELIGIBLE,HIGH,3,BOTH_SIDES_CONSTRAINED,MEDIUM,MEDIUM,MEDIUM,accept,,False
training_tfexample.tfrecord-00004-of-01000#321__t66__284_303,training_tfexample.tfrecord-00004-of-01000#321__t66__284_303,261baf3403ebcee4,training_tfexample.tfrecord-00004-of-01000#321,WOMD,training,training_tfexample.tfrecord-00004-of-01000,321,training,A,CORE,MERGE_CONTEXT_ELIGIBLE,HIGH,3,BOTH_SIDES_CONSTRAINED,MEDIUM,MEDIUM,MEDIUM,accept,,False
training_tfexample.tfrecord-00004-of-01000#329__t26__737_752,training_tfexample.tfrecord-00004-of-01000#329__t26__737_752,101b688aeb90a288,training_tfexample.tfrecord-00004-of-01000#329,WOMD,training,training_tfexample.tfrecord-00004-of-01000,329,training,A,CORE,MERGE_CONTEXT_ELIGIBLE,HIGH,2,SAFETY_CRITICAL_UNCERTAIN,LOW,HIGH,HIGH,accept,,False
training_tfexample.tfrecord-00004-of-01000#329__t75__494_532,training_tfexample.tfrecord-00004-of-01000#329__t75__494_532,101b688aeb90a288,training_tfexample.tfrecord-00004-of-01000#329,WOMD,training,training_tfexample.tfrecord-00004-of-01000,329,training,B,SUPPORT,MERGE_CONTEXT_ELIGIBLE,MEDIUM,1,FRONT_CONSTRAINED,LOW,LOW,MEDIUM,accept,,False
training_tfexample.tfrecord-00004-of-01000#330__t43__341_342,training_tfexample.tfrecord-00004-of-01000#330__t43__341_342,dfddd8ad9da73d9b,training_tfexample.tfrecord-00004-of-01000#330,WOMD,training,training_tfexample.tfrecord-00004-of-01000,330,training,A,CORE,MERGE_CONTEXT_ELIGIBLE,MEDIUM,2,WEAK_INTERACTION,MEDIUM,LOW,MEDIUM,accept,,False
training_tfexample.tfrecord-00004-of-01000#331__t5__319_318,training_tfexample.tfrecord-00004-of-01000#331__t5__319_318,eb6ed5abacec4171,training_tfexample.tfrecord-00004-of-01000#331,WOMD,training,training_tfexample.tfrecord-00004-of-01000,331,training,B,SUPPORT,MERGE_CONTEXT_ELIGIBLE,MEDIUM,1,SAFETY_CRITICAL_UNCERTAIN,LOW,LOW,HIGH,accept,,False
training_tfexample.tfrecord-00004-of-01000#332__t10__298_124,training_tfexample.tfrecord-00004-of-01000#332__t10__298_124,c2aa337f1f106ee9,training_tfexample.tfrecord-00004-of-01000#332,WOMD,training,training_tfexample.tfrecord-00004-of-01000,332,training,B,SUPPORT,MERGE_CONTEXT_ELIGIBLE,MEDIUM,1,FRONT_CONSTRAINED,LOW,LOW,HIGH,accept,,False
training_tfexample.tfrecord-00004-of-01000#340__t78__107_105,training_tfexample.tfrecord-00004-of-01000#340__t78__107_105,11f961b76d7c750a,training_tfexample.tfrecord-00004-of-01000#340,WOMD,training,training_tfexample.tfrecord-00004-of-01000,340,training,A,CORE,MERGE_CONTEXT_ELIGIBLE,MEDIUM,2,FRONT_CONSTRAINED,HIGH,LOW,MEDIUM,accept,,False
training_tfexample.tfrecord-00004-of-01000#347__t24__245_282,training_tfexample.tfrecord-00004-of-01000#347__t24__245_282,e4bc276b9d5b4732,training_tfexample.tfrecord-00004-of-01000#347,WOMD,training,training_tfexample.tfrecord-00004-of-01000,347,training,A,CORE,MERGE_CONTEXT_ELIGIBLE,HIGH,2,SAFETY_CRITICAL_UNCERTAIN,LOW,HIGH,HIGH,accept,,False
training_tfexample.tfrecord-00004-of-01000#348__t23__442_304,training_tfexample.tfrecord-00004-of-01000#348__t23__442_304,e75589d86667d401,training_tfexample.tfrecord-00004-of-01000#348,WOMD,training,training_tfexample.tfrecord-00004-of-01000,348,training,B,SUPPORT,MERGE_CONTEXT_ELIGIBLE,MEDIUM,1,FRONT_CONSTRAINED,LOW,LOW,HIGH,accept,,False
training_tfexample.tfrecord-00004-of-01000#351__t17__741_528,training_tfexample.tfrecord-00004-of-01000#351__t17__741_528,8b8ffba73137e4d5,training_tfexample.tfrecord-00004-of-01000#351,WOMD,training,training_tfexample.tfrecord-00004-of-01000,351,training,B,SUPPORT,MERGE_CONTEXT_ELIGIBLE,MEDIUM,1,SAFETY_CRITICAL_UNCERTAIN,LOW,LOW,HIGH,accept,,False
training_tfexample.tfrecord-00004-of-01000#353__t35__413_733,training_tfexample.tfrecord-00004-of-01000#353__t35__413_733,56eff21349cd74d7,training_tfexample.tfrecord-00004-of-01000#353,WOMD,training,training_tfexample.tfrecord-00004-of-01000,353,training,B,SUPPORT,MERGE_CONTEXT_ELIGIBLE,MEDIUM,1,SAFETY_CRITICAL_UNCERTAIN,LOW,LOW,HIGH,accept,,False
training_tfexample.tfrecord-00004-of-01000#355__t25__149_160,training_tfexample.tfrecord-00004-of-01000#355__t25__149_160,5095a9ad0d5eaa41,training_tfexample.tfrecord-00004-of-01000#355,WOMD,training,training_tfexample.tfrecord-00004-of-01000,355,training,B,SUPPORT,MERGE_CONTEXT_ELIGIBLE,MEDIUM,1,SAFETY_CRITICAL_UNCERTAIN,LOW,LOW,HIGH,accept,,False
training_tfexample.tfrecord-00004-of-01000#357__t34__276_270,training_tfexample.tfrecord-00004-of-01000#357__t34__276_270,b0608391efd8b90d,training_tfexample.tfrecord-00004-of-01000#357,WOMD,training,training_tfexample.tfrecord-00004-of-01000,357,training,B,SUPPORT,MERGE_CONTEXT_ELIGIBLE,LOW,1,WEAK_INTERACTION,LOW,LOW,MEDIUM,accept,,False
training_tfexample.tfrecord-00004-of-01000#358__t86__352_346,training_tfexample.tfrecord-00004-of-01000#358__t86__352_346,a50d3645df7b0a2a,training_tfexample.tfrecord-00004-of-01000#358,WOMD,training,training_tfexample.tfrecord-00004-of-01000,358,training,B,SUPPORT,MERGE_CONTEXT_ELIGIBLE,LOW,1,WEAK_INTERACTION,LOW,LOW,MEDIUM,accept,,False
training_tfexample.tfrecord-00004-of-01000#360__t71__842_791,training_tfexample.tfrecord-00004-of-01000#360__t71__842_791,624def77828a3be0,training_tfexample.tfrecord-00004-of-01000#360,WOMD,training,training_tfexample.tfrecord-00004-of-01000,360,training,A,CORE,MERGE_CONTEXT_ELIGIBLE,HIGH,2,BOTH_SIDES_CONSTRAINED,LOW,HIGH,HIGH,accept,,False
training_tfexample.tfrecord-00004-of-01000#364__t34__310_250,training_tfexample.tfrecord-00004-of-01000#364__t34__310_250,962361145ddc8622,training_tfexample.tfrecord-00004-of-01000#364,WOMD,training,training_tfexample.tfrecord-00004-of-01000,364,training,A,CORE,MERGE_CONTEXT_ELIGIBLE,MEDIUM,2,SAFETY_CRITICAL_UNCERTAIN,MEDIUM,LOW,MEDIUM,accept,,False
training_tfexample.tfrecord-00004-of-01000#364__t86__438_419,training_tfexample.tfrecord-00004-of-01000#364__t86__438_419,962361145ddc8622,training_tfexample.tfrecord-00004-of-01000#364,WOMD,training,training_tfexample.tfrecord-00004-of-01000,364,training,B,SUPPORT,MERGE_CONTEXT_ELIGIBLE,MEDIUM,1,SAFETY_CRITICAL_UNCERTAIN,LOW,LOW,HIGH,accept,,False
training_tfexample.tfrecord-00004-of-01000#365__t86__107_103,training_tfexample.tfrecord-00004-of-01000#365__t86__107_103,2695e14c9e4811df,training_tfexample.tfrecord-00004-of-01000#365,WOMD,training,training_tfexample.tfrecord-00004-of-01000,365,training,B,SUPPORT,MERGE_CONTEXT_ELIGIBLE,MEDIUM,1,FRONT_CONSTRAINED,LOW,LOW,HIGH,accept,,False
training_tfexample.tfrecord-00004-of-01000#367__t29__251_212,training_tfexample.tfrecord-00004-of-01000#367__t29__251_212,f38d75adc77b1cca,training_tfexample.tfrecord-00004-of-01000#367,WOMD,training,training_tfexample.tfrecord-00004-of-01000,367,training,B,SUPPORT,MERGE_CONTEXT_ELIGIBLE,MEDIUM,1,SAFETY_CRITICAL_UNCERTAIN,LOW,LOW,HIGH,accept,,False
training_tfexample.tfrecord-00004-of-01000#370__t60__78_83,training_tfexample.tfrecord-00004-of-01000#370__t60__78_83,5d13fb0b928d5083,training_tfexample.tfrecord-00004-of-01000#370,WOMD,training,training_tfexample.tfrecord-00004-of-01000,370,training,B,SUPPORT,MERGE_CONTEXT_ELIGIBLE,MEDIUM,1,SAFETY_CRITICAL_UNCERTAIN,LOW,LOW,HIGH,accept,,False
training_tfexample.tfrecord-00004-of-01000#374__t14__285_272,training_tfexample.tfrecord-00004-of-01000#374__t14__285_272,6b2b86efa6c20a33,training_tfexample.tfrecord-00004-of-01000#374,WOMD,training,training_tfexample.tfrecord-00004-of-01000,374,training,B,SUPPORT,MERGE_CONTEXT_ELIGIBLE,MEDIUM,1,FRONT_CONSTRAINED,LOW,LOW,HIGH,accept,,False
training_tfexample.tfrecord-00004-of-01000#375__t59__212_206,training_tfexample.tfrecord-00004-of-01000#375__t59__212_206,710f2e1df6b6c983,training_tfexample.tfrecord-00004-of-01000#375,WOMD,training,training_tfexample.tfrecord-00004-of-01000,375,training,A,CORE,MERGE_CONTEXT_ELIGIBLE,HIGH,2,BOTH_SIDES_CONSTRAINED,LOW,HIGH,HIGH,accept,,False
training_tfexample.tfrecord-00004-of-01000#377__t63__1162_1126,training_tfexample.tfrecord-00004-of-01000#377__t63__1162_1126,198721c534adfe4c,training_tfexample.tfrecord-00004-of-01000#377,WOMD,training,training_tfexample.tfrecord-00004-of-01000,377,training,A,CORE,MERGE_CONTEXT_ELIGIBLE,MEDIUM,2,FRONT_CONSTRAINED,MEDIUM,LOW,MEDIUM,accept,,False
training_tfexample.tfrecord-00004-of-01000#379__t75__164_179,training_tfexample.tfrecord-00004-of-01000#379__t75__164_179,3b3ebbe90aeda46a,training_tfexample.tfrecord-00004-of-01000#379,WOMD,training,training_tfexample.tfrecord-00004-of-01000,379,training,A,CORE,MERGE_CONTEXT_ELIGIBLE,HIGH,2,SAFETY_CRITICAL_UNCERTAIN,LOW,HIGH,HIGH,accept,,False
training_tfexample.tfrecord-00004-of-01000#383__t45__448_456,training_tfexample.tfrecord-00004-of-01000#383__t45__448_456,2908ecb5b9b7c2a1,training_tfexample.tfrecord-00004-of-01000#383,WOMD,training,training_tfexample.tfrecord-00004-of-01000,383,training,B,SUPPORT,MERGE_CONTEXT_ELIGIBLE,MEDIUM,1,SAFETY_CRITICAL_UNCERTAIN,LOW,LOW,HIGH,reject,gap_order_not_persistent,False
training_tfexample.tfrecord-00004-of-01000#383__t88__382_392,training_tfexample.tfrecord-00004-of-01000#383__t88__382_392,2908ecb5b9b7c2a1,training_tfexample.tfrecord-00004-of-01000#383,WOMD,training,training_tfexample.tfrecord-00004-of-01000,383,training,B,SUPPORT,MERGE_CONTEXT_ELIGIBLE,MEDIUM,1,REAR_PRESSURE,LOW,LOW,HIGH,reject,target_not_stable,False
training_tfexample.tfrecord-00004-of-01000#394__t14__148_134,training_tfexample.tfrecord-00004-of-01000#394__t14__148_134,4ef59eb338352e82,training_tfexample.tfrecord-00004-of-01000#394,WOMD,training,training_tfexample.tfrecord-00004-of-01000,394,training,A,CORE,MERGE_CONTEXT_ELIGIBLE,HIGH,2,SAFETY_CRITICAL_UNCERTAIN,LOW,HIGH,HIGH,accept,,False
training_tfexample.tfrecord-00004-of-01000#405__t30__194_202,training_tfexample.tfrecord-00004-of-01000#405__t30__194_202,6c6586974c907f9a,training_tfexample.tfrecord-00004-of-01000#405,WOMD,training,training_tfexample.tfrecord-00004-of-01000,405,training,B,SUPPORT,MERGE_CONTEXT_ELIGIBLE,MEDIUM,1,SAFETY_CRITICAL_UNCERTAIN,LOW,LOW,HIGH,accept,,False
training_tfexample.tfrecord-00004-of-01000#413__t11__233_170,training_tfexample.tfrecord-00004-of-01000#413__t11__233_170,9a2471510e476f10,training_tfexample.tfrecord-00004-of-01000#413,WOMD,training,training_tfexample.tfrecord-00004-of-01000,413,training,B,SUPPORT,MERGE_CONTEXT_ELIGIBLE,MEDIUM,1,SAFETY_CRITICAL_UNCERTAIN,LOW,LOW,HIGH,accept,,False
training_tfexample.tfrecord-00004-of-01000#417__t28__764_769,training_tfexample.tfrecord-00004-of-01000#417__t28__764_769,ceca20e506b441f3,training_tfexample.tfrecord-00004-of-01000#417,WOMD,training,training_tfexample.tfrecord-00004-of-01000,417,training,B,SUPPORT,MERGE_CONTEXT_ELIGIBLE,MEDIUM,1,REAR_PRESSURE,LOW,LOW,MEDIUM,accept,,False
training_tfexample.tfrecord-00004-of-01000#417__t59__339_313,training_tfexample.tfrecord-00004-of-01000#417__t59__339_313,ceca20e506b441f3,training_tfexample.tfrecord-00004-of-01000#417,WOMD,training,training_tfexample.tfrecord-00004-of-01000,417,training,B,SUPPORT,MERGE_CONTEXT_ELIGIBLE,MEDIUM,1,FRONT_CONSTRAINED,LOW,LOW,MEDIUM,accept,,False
training_tfexample.tfrecord-00004-of-01000#419__t75__233_231,training_tfexample.tfrecord-00004-of-01000#419__t75__233_231,ce978170422c23d5,training_tfexample.tfrecord-00004-of-01000#419,WOMD,training,training_tfexample.tfrecord-00004-of-01000,419,training,B,SUPPORT,MERGE_CONTEXT_ELIGIBLE,MEDIUM,1,FRONT_CONSTRAINED,LOW,LOW,MEDIUM,accept,,False
training_tfexample.tfrecord-00004-of-01000#422__t21__241_235,training_tfexample.tfrecord-00004-of-01000#422__t21__241_235,b54581c9f5c3c66a,training_tfexample.tfrecord-00004-of-01000#422,WOMD,training,training_tfexample.tfrecord-00004-of-01000,422,training,B,SUPPORT,MERGE_CONTEXT_ELIGIBLE,MEDIUM,1,FRONT_CONSTRAINED,LOW,LOW,HIGH,accept,,False
training_tfexample.tfrecord-00004-of-01000#424__t28__571_616,training_tfexample.tfrecord-00004-of-01000#424__t28__571_616,4fd786f857e9d082,training_tfexample.tfrecord-00004-of-01000#424,WOMD,training,training_tfexample.tfrecord-00004-of-01000,424,training,B,SUPPORT,MERGE_CONTEXT_ELIGIBLE,MEDIUM,1,SAFETY_CRITICAL_UNCERTAIN,LOW,LOW,HIGH,reject,gap_order_not_persistent,False
training_tfexample.tfrecord-00004-of-01000#424__t69__630_656,training_tfexample.tfrecord-00004-of-01000#424__t69__630_656,4fd786f857e9d082,training_tfexample.tfrecord-00004-of-01000#424,WOMD,training,training_tfexample.tfrecord-00004-of-01000,424,training,A,CORE,MERGE_CONTEXT_ELIGIBLE,HIGH,2,BOTH_SIDES_CONSTRAINED,LOW,HIGH,HIGH,accept,,False
training_tfexample.tfrecord-00004-of-01000#425__t31__605_631,training_tfexample.tfrecord-00004-of-01000#425__t31__605_631,61750e2356e7b102,training_tfexample.tfrecord-00004-of-01000#425,WOMD,training,training_tfexample.tfrecord-00004-of-01000,425,training,A,CORE,MERGE_CONTEXT_ELIGIBLE,MEDIUM,2,FRONT_CONSTRAINED,MEDIUM,LOW,MEDIUM,accept,,False
training_tfexample.tfrecord-00004-of-01000#426__t62__106_97,training_tfexample.tfrecord-00004-of-01000#426__t62__106_97,f429ce9ec9800a73,training_tfexample.tfrecord-00004-of-01000#426,WOMD,training,training_tfexample.tfrecord-00004-of-01000,426,training,A,CORE,MERGE_CONTEXT_ELIGIBLE,MEDIUM,2,FRONT_CONSTRAINED,MEDIUM,LOW,MEDIUM,accept,,False
training_tfexample.tfrecord-00004-of-01000#427__t70__492_506,training_tfexample.tfrecord-00004-of-01000#427__t70__492_506,f1a8bc99c822433,training_tfexample.tfrecord-00004-of-01000#427,WOMD,training,training_tfexample.tfrecord-00004-of-01000,427,training,A,CORE,MERGE_CONTEXT_ELIGIBLE,MEDIUM,2,FRONT_CONSTRAINED,HIGH,LOW,MEDIUM,accept,,False
training_tfexample.tfrecord-00004-of-01000#437__t73__406_396,training_tfexample.tfrecord-00004-of-01000#437__t73__406_396,d6a854126396b51a,training_tfexample.tfrecord-00004-of-01000#437,WOMD,training,training_tfexample.tfrecord-00004-of-01000,437,training,A,CORE,MERGE_CONTEXT_ELIGIBLE,HIGH,2,SAFETY_CRITICAL_UNCERTAIN,LOW,HIGH,HIGH,accept,,False
training_tfexample.tfrecord-00004-of-01000#439__t40__187_193,training_tfexample.tfrecord-00004-of-01000#439__t40__187_193,c5d4782beb907039,training_tfexample.tfrecord-00004-of-01000#439,WOMD,training,training_tfexample.tfrecord-00004-of-01000,439,training,A,CORE,MERGE_CONTEXT_ELIGIBLE,HIGH,2,BOTH_SIDES_CONSTRAINED,LOW,HIGH,HIGH,accept,,False
training_tfexample.tfrecord-00004-of-01000#440__t88__223_118,training_tfexample.tfrecord-00004-of-01000#440__t88__223_118,55725d6bf07e55de,training_tfexample.tfrecord-00004-of-01000#440,WOMD,training,training_tfexample.tfrecord-00004-of-01000,440,training,A,CORE,MERGE_CONTEXT_ELIGIBLE,HIGH,2,SAFETY_CRITICAL_UNCERTAIN,LOW,HIGH,HIGH,reject,target_not_stable,False
training_tfexample.tfrecord-00004-of-01000#447__t39__933_910,training_tfexample.tfrecord-00004-of-01000#447__t39__933_910,efbee8d092dd5124,training_tfexample.tfrecord-00004-of-01000#447,WOMD,training,training_tfexample.tfrecord-00004-of-01000,447,training,A,CORE,MERGE_CONTEXT_ELIGIBLE,HIGH,2,SAFETY_CRITICAL_UNCERTAIN,LOW,HIGH,HIGH,accept,,False
training_tfexample.tfrecord-00004-of-01000#449__t25__862_948,training_tfexample.tfrecord-00004-of-01000#449__t25__862_948,ee78b2d3c49f7cd2,training_tfexample.tfrecord-00004-of-01000#449,WOMD,training,training_tfexample.tfrecord-00004-of-01000,449,training,B,SUPPORT,MERGE_CONTEXT_ELIGIBLE,MEDIUM,1,REAR_PRESSURE,LOW,LOW,HIGH,accept,,False
training_tfexample.tfrecord-00004-of-01000#449__t82__939_446,training_tfexample.tfrecord-00004-of-01000#449__t82__939_446,ee78b2d3c49f7cd2,training_tfexample.tfrecord-00004-of-01000#449,WOMD,training,training_tfexample.tfrecord-00004-of-01000,449,training,A,CORE,MERGE_CONTEXT_ELIGIBLE,HIGH,2,SAFETY_CRITICAL_UNCERTAIN,LOW,HIGH,HIGH,accept,,False
training_tfexample.tfrecord-00004-of-01000#451__t18__250_273,training_tfexample.tfrecord-00004-of-01000#451__t18__250_273,3156e43e736a331b,training_tfexample.tfrecord-00004-of-01000#451,WOMD,training,training_tfexample.tfrecord-00004-of-01000,451,training,B,SUPPORT,MERGE_CONTEXT_ELIGIBLE,LOW,1,WEAK_INTERACTION,LOW,LOW,MEDIUM,accept,,False
training_tfexample.tfrecord-00004-of-01000#459__t84__264_225,training_tfexample.tfrecord-00004-of-01000#459__t84__264_225,2d90561da63c3ace,training_tfexample.tfrecord-00004-of-01000#459,WOMD,training,training_tfexample.tfrecord-00004-of-01000,459,training,A,CORE,MERGE_CONTEXT_ELIGIBLE,HIGH,2,SAFETY_CRITICAL_UNCERTAIN,LOW,HIGH,HIGH,accept,,False
training_tfexample.tfrecord-00004-of-01000#461__t66__339_346,training_tfexample.tfrecord-00004-of-01000#461__t66__339_346,5b7c1dd16924d221,training_tfexample.tfrecord-00004-of-01000#461,WOMD,training,training_tfexample.tfrecord-00004-of-01000,461,training,A,CORE,MERGE_CONTEXT_ELIGIBLE,MEDIUM,2,FRONT_CONSTRAINED,MEDIUM,LOW,MEDIUM,accept,,False
training_tfexample.tfrecord-00004-of-01000#467__t28__138_127,training_tfexample.tfrecord-00004-of-01000#467__t28__138_127,e3c793eb60a42fb,training_tfexample.tfrecord-00004-of-01000#467,WOMD,training,training_tfexample.tfrecord-00004-of-01000,467,training,A,CORE,MERGE_CONTEXT_ELIGIBLE,MEDIUM,2,WEAK_INTERACTION,MEDIUM,LOW,MEDIUM,accept,,False
training_tfexample.tfrecord-00004-of-01000#474__t35__970_953,training_tfexample.tfrecord-00004-of-01000#474__t35__970_953,beb70145d55b14b8,training_tfexample.tfrecord-00004-of-01000#474,WOMD,training,training_tfexample.tfrecord-00004-of-01000,474,training,B,SUPPORT,MERGE_CONTEXT_ELIGIBLE,LOW,1,WEAK_INTERACTION,LOW,LOW,MEDIUM,accept,,False
training_tfexample.tfrecord-00004-of-01000#475__t20__209_195,training_tfexample.tfrecord-00004-of-01000#475__t20__209_195,e953728a3de55ac0,training_tfexample.tfrecord-00004-of-01000#475,WOMD,training,training_tfexample.tfrecord-00004-of-01000,475,training,A,CORE,MERGE_CONTEXT_ELIGIBLE,HIGH,2,SAFETY_CRITICAL_UNCERTAIN,LOW,HIGH,HIGH,accept,,True
training_tfexample.tfrecord-00004-of-01000#478__t90__179_252,training_tfexample.tfrecord-00004-of-01000#478__t90__179_252,56bbca990d448cea,training_tfexample.tfrecord-00004-of-01000#478,WOMD,training,training_tfexample.tfrecord-00004-of-01000,478,training,A,CORE,MERGE_CONTEXT_ELIGIBLE,HIGH,2,BOTH_SIDES_CONSTRAINED,LOW,HIGH,HIGH,reject,target_not_stable,False
training_tfexample.tfrecord-00004-of-01000#479__t31__195_210,training_tfexample.tfrecord-00004-of-01000#479__t31__195_210,cac0ff0648ceb1f1,training_tfexample.tfrecord-00004-of-01000#479,WOMD,training,training_tfexample.tfrecord-00004-of-01000,479,training,A,CORE,MERGE_CONTEXT_ELIGIBLE,HIGH,3,BOTH_SIDES_CONSTRAINED,MEDIUM,HIGH,MEDIUM,accept,,False
training_tfexample.tfrecord-00004-of-01000#479__t87__132_282,training_tfexample.tfrecord-00004-of-01000#479__t87__132_282,cac0ff0648ceb1f1,training_tfexample.tfrecord-00004-of-01000#479,WOMD,training,training_tfexample.tfrecord-00004-of-01000,479,training,A,CORE,MERGE_CONTEXT_ELIGIBLE,MEDIUM,2,FRONT_CONSTRAINED,MEDIUM,LOW,MEDIUM,reject,target_not_stable,False
training_tfexample.tfrecord-00005-of-01000#1__t90__315_321,training_tfexample.tfrecord-00005-of-01000#1__t90__315_321,8147718aebf877cb,training_tfexample.tfrecord-00005-of-01000#1,WOMD,training,training_tfexample.tfrecord-00005-of-01000,1,training,A,CORE,MERGE_CONTEXT_ELIGIBLE,MEDIUM,2,FRONT_CONSTRAINED,MEDIUM,LOW,MEDIUM,reject,target_not_stable,False
training_tfexample.tfrecord-00005-of-01000#4__t50__166_259,training_tfexample.tfrecord-00005-of-01000#4__t50__166_259,10541890310e3b41,training_tfexample.tfrecord-00005-of-01000#4,WOMD,training,training_tfexample.tfrecord-00005-of-01000,4,training,A,CORE,MERGE_CONTEXT_ELIGIBLE,HIGH,2,BOTH_SIDES_CONSTRAINED,LOW,MEDIUM,HIGH,accept,,False
training_tfexample.tfrecord-00005-of-01000#8__t10__694_680,training_tfexample.tfrecord-00005-of-01000#8__t10__694_680,1968b4e9c990fd03,training_tfexample.tfrecord-00005-of-01000#8,WOMD,training,training_tfexample.tfrecord-00005-of-01000,8,training,A,CORE,MERGE_CONTEXT_ELIGIBLE,HIGH,2,SAFETY_CRITICAL_UNCERTAIN,LOW,HIGH,HIGH,accept,,False
training_tfexample.tfrecord-00005-of-01000#18__t61__155_156,training_tfexample.tfrecord-00005-of-01000#18__t61__155_156,ac6aa286977c8c10,training_tfexample.tfrecord-00005-of-01000#18,WOMD,training,training_tfexample.tfrecord-00005-of-01000,18,training,B,SUPPORT,MERGE_CONTEXT_ELIGIBLE,MEDIUM,1,FRONT_CONSTRAINED,LOW,LOW,MEDIUM,accept,,False
training_tfexample.tfrecord-00005-of-01000#19__t5__786_799,training_tfexample.tfrecord-00005-of-01000#19__t5__786_799,45a3187a7ef09821,training_tfexample.tfrecord-00005-of-01000#19,WOMD,training,training_tfexample.tfrecord-00005-of-01000,19,training,B,SUPPORT,MERGE_CONTEXT_ELIGIBLE,MEDIUM,1,SAFETY_CRITICAL_UNCERTAIN,LOW,LOW,HIGH,accept,,False
training_tfexample.tfrecord-00005-of-01000#24__t42__320_322,training_tfexample.tfrecord-00005-of-01000#24__t42__320_322,2cab44077c8729b9,training_tfexample.tfrecord-00005-of-01000#24,WOMD,training,training_tfexample.tfrecord-00005-of-01000,24,training,A,CORE,MERGE_CONTEXT_ELIGIBLE,MEDIUM,2,FRONT_CONSTRAINED,MEDIUM,LOW,MEDIUM,accept,,False
training_tfexample.tfrecord-00005-of-01000#27__t58__242_235,training_tfexample.tfrecord-00005-of-01000#27__t58__242_235,3b6d7a71a52a0b62,training_tfexample.tfrecord-00005-of-01000#27,WOMD,training,training_tfexample.tfrecord-00005-of-01000,27,training,A,CORE,MERGE_CONTEXT_ELIGIBLE,HIGH,2,BOTH_SIDES_CONSTRAINED,LOW,HIGH,HIGH,accept,,False
training_tfexample.tfrecord-00005-of-01000#35__t58__566_534,training_tfexample.tfrecord-00005-of-01000#35__t58__566_534,ea37f0eafe42f51a,training_tfexample.tfrecord-00005-of-01000#35,WOMD,training,training_tfexample.tfrecord-00005-of-01000,35,training,B,SUPPORT,MERGE_CONTEXT_ELIGIBLE,LOW,1,WEAK_INTERACTION,LOW,LOW,MEDIUM,accept,,False
training_tfexample.tfrecord-00005-of-01000#37__t45__325_354,training_tfexample.tfrecord-00005-of-01000#37__t45__325_354,f066878bd7faa8c3,training_tfexample.tfrecord-00005-of-01000#37,WOMD,training,training_tfexample.tfrecord-00005-of-01000,37,training,A,CORE,MERGE_CONTEXT_ELIGIBLE,MEDIUM,2,FRONT_CONSTRAINED,HIGH,LOW,MEDIUM,accept,,False
training_tfexample.tfrecord-00005-of-01000#42__t17__377_603,training_tfexample.tfrecord-00005-of-01000#42__t17__377_603,b9a2d76300b045f1,training_tfexample.tfrecord-00005-of-01000#42,WOMD,training,training_tfexample.tfrecord-00005-of-01000,42,training,B,SUPPORT,MERGE_CONTEXT_ELIGIBLE,MEDIUM,1,SAFETY_CRITICAL_UNCERTAIN,LOW,LOW,HIGH,accept,,False
training_tfexample.tfrecord-00005-of-01000#42__t66__613_641,training_tfexample.tfrecord-00005-of-01000#42__t66__613_641,b9a2d76300b045f1,training_tfexample.tfrecord-00005-of-01000#42,WOMD,training,training_tfexample.tfrecord-00005-of-01000,42,training,B,SUPPORT,MERGE_CONTEXT_ELIGIBLE,MEDIUM,1,SAFETY_CRITICAL_UNCERTAIN,LOW,LOW,HIGH,accept,,False
training_tfexample.tfrecord-00005-of-01000#47__t53__238_265,training_tfexample.tfrecord-00005-of-01000#47__t53__238_265,7bf68d95c3264edb,training_tfexample.tfrecord-00005-of-01000#47,WOMD,training,training_tfexample.tfrecord-00005-of-01000,47,training,B,SUPPORT,MERGE_CONTEXT_ELIGIBLE,MEDIUM,1,SAFETY_CRITICAL_UNCERTAIN,LOW,LOW,HIGH,accept,,False
training_tfexample.tfrecord-00005-of-01000#59__t30__836_823,training_tfexample.tfrecord-00005-of-01000#59__t30__836_823,6155e71d67fbaf56,training_tfexample.tfrecord-00005-of-01000#59,WOMD,training,training_tfexample.tfrecord-00005-of-01000,59,training,A,CORE,MERGE_CONTEXT_ELIGIBLE,MEDIUM,2,BOTH_SIDES_CONSTRAINED,LOW,HIGH,MEDIUM,accept,,False
training_tfexample.tfrecord-00005-of-01000#59__t69__809_806,training_tfexample.tfrecord-00005-of-01000#59__t69__809_806,6155e71d67fbaf56,training_tfexample.tfrecord-00005-of-01000#59,WOMD,training,training_tfexample.tfrecord-00005-of-01000,59,training,B,SUPPORT,MERGE_CONTEXT_ELIGIBLE,MEDIUM,1,FRONT_CONSTRAINED,LOW,LOW,MEDIUM,accept,,False
training_tfexample.tfrecord-00005-of-01000#61__t50__417_456,training_tfexample.tfrecord-00005-of-01000#61__t50__417_456,bb823f1b529b587b,training_tfexample.tfrecord-00005-of-01000#61,WOMD,training,training_tfexample.tfrecord-00005-of-01000,61,training,A,CORE,MERGE_CONTEXT_ELIGIBLE,MEDIUM,2,BOTH_SIDES_CONSTRAINED,LOW,HIGH,MEDIUM,accept,,False
training_tfexample.tfrecord-00005-of-01000#66__t31__348_345,training_tfexample.tfrecord-00005-of-01000#66__t31__348_345,a4378f5020a516d1,training_tfexample.tfrecord-00005-of-01000#66,WOMD,training,training_tfexample.tfrecord-00005-of-01000,66,training,A,CORE,MERGE_CONTEXT_ELIGIBLE,HIGH,2,BOTH_SIDES_CONSTRAINED,LOW,HIGH,HIGH,accept,,False
training_tfexample.tfrecord-00005-of-01000#81__t32__109_104,training_tfexample.tfrecord-00005-of-01000#81__t32__109_104,bfee4152b972163,training_tfexample.tfrecord-00005-of-01000#81,WOMD,training,training_tfexample.tfrecord-00005-of-01000,81,training,B,SUPPORT,MERGE_CONTEXT_ELIGIBLE,MEDIUM,1,FRONT_CONSTRAINED,LOW,LOW,HIGH,accept,,False
training_tfexample.tfrecord-00005-of-01000#84__t74__209_125,training_tfexample.tfrecord-00005-of-01000#84__t74__209_125,6f3b3eac1f783731,training_tfexample.tfrecord-00005-of-01000#84,WOMD,training,training_tfexample.tfrecord-00005-of-01000,84,training,B,SUPPORT,MERGE_CONTEXT_ELIGIBLE,MEDIUM,1,FRONT_CONSTRAINED,LOW,LOW,HIGH,accept,,False
training_tfexample.tfrecord-00005-of-01000#86__t51__248_245,training_tfexample.tfrecord-00005-of-01000#86__t51__248_245,6339bf8279afb722,training_tfexample.tfrecord-00005-of-01000#86,WOMD,training,training_tfexample.tfrecord-00005-of-01000,86,training,A,CORE,MERGE_CONTEXT_ELIGIBLE,HIGH,2,SAFETY_CRITICAL_UNCERTAIN,LOW,HIGH,HIGH,accept,,False
training_tfexample.tfrecord-00005-of-01000#91__t86__117_107,training_tfexample.tfrecord-00005-of-01000#91__t86__117_107,813328dda1b900cc,training_tfexample.tfrecord-00005-of-01000#91,WOMD,training,training_tfexample.tfrecord-00005-of-01000,91,training,B,SUPPORT,MERGE_CONTEXT_ELIGIBLE,MEDIUM,1,FRONT_CONSTRAINED,LOW,LOW,HIGH,accept,,False
training_tfexample.tfrecord-00005-of-01000#97__t78__273_279,training_tfexample.tfrecord-00005-of-01000#97__t78__273_279,cefb552f59f8da35,training_tfexample.tfrecord-00005-of-01000#97,WOMD,training,training_tfexample.tfrecord-00005-of-01000,97,training,B,SUPPORT,MERGE_CONTEXT_ELIGIBLE,MEDIUM,1,SAFETY_CRITICAL_UNCERTAIN,LOW,LOW,HIGH,accept,,False
training_tfexample.tfrecord-00005-of-01000#98__t27__423_406,training_tfexample.tfrecord-00005-of-01000#98__t27__423_406,a4532f387f05b9b9,training_tfexample.tfrecord-00005-of-01000#98,WOMD,training,training_tfexample.tfrecord-00005-of-01000,98,training,A,CORE,MERGE_CONTEXT_ELIGIBLE,HIGH,2,SAFETY_CRITICAL_UNCERTAIN,LOW,HIGH,HIGH,accept,,False
training_tfexample.tfrecord-00005-of-01000#101__t84__303_280,training_tfexample.tfrecord-00005-of-01000#101__t84__303_280,e2b8bccc1b7036e0,training_tfexample.tfrecord-00005-of-01000#101,WOMD,training,training_tfexample.tfrecord-00005-of-01000,101,training,A,CORE,MERGE_CONTEXT_ELIGIBLE,HIGH,2,SAFETY_CRITICAL_UNCERTAIN,LOW,HIGH,HIGH,accept,,False
training_tfexample.tfrecord-00005-of-01000#104__t49__35_44,training_tfexample.tfrecord-00005-of-01000#104__t49__35_44,2d2633106bc9a436,training_tfexample.tfrecord-00005-of-01000#104,WOMD,training,training_tfexample.tfrecord-00005-of-01000,104,training,B,SUPPORT,MERGE_CONTEXT_ELIGIBLE,MEDIUM,1,SAFETY_CRITICAL_UNCERTAIN,LOW,LOW,HIGH,accept,,False
training_tfexample.tfrecord-00005-of-01000#108__t22__151_379,training_tfexample.tfrecord-00005-of-01000#108__t22__151_379,c7f5b3fc321cbc15,training_tfexample.tfrecord-00005-of-01000#108,WOMD,training,training_tfexample.tfrecord-00005-of-01000,108,training,A,CORE,MERGE_CONTEXT_ELIGIBLE,HIGH,2,SAFETY_CRITICAL_UNCERTAIN,LOW,HIGH,HIGH,accept,,False
training_tfexample.tfrecord-00005-of-01000#110__t48__175_186,training_tfexample.tfrecord-00005-of-01000#110__t48__175_186,739b24c6ce17ef8e,training_tfexample.tfrecord-00005-of-01000#110,WOMD,training,training_tfexample.tfrecord-00005-of-01000,110,training,A,CORE,MERGE_CONTEXT_ELIGIBLE,HIGH,2,BOTH_SIDES_CONSTRAINED,LOW,HIGH,HIGH,accept,,False
training_tfexample.tfrecord-00005-of-01000#115__t86__165_161,training_tfexample.tfrecord-00005-of-01000#115__t86__165_161,2d9255f306db0f99,training_tfexample.tfrecord-00005-of-01000#115,WOMD,training,training_tfexample.tfrecord-00005-of-01000,115,training,B,SUPPORT,MERGE_CONTEXT_ELIGIBLE,MEDIUM,1,SAFETY_CRITICAL_UNCERTAIN,LOW,LOW,HIGH,accept,,False
training_tfexample.tfrecord-00005-of-01000#116__t18__452_473,training_tfexample.tfrecord-00005-of-01000#116__t18__452_473,72a769ecdc59615c,training_tfexample.tfrecord-00005-of-01000#116,WOMD,training,training_tfexample.tfrecord-00005-of-01000,116,training,B,SUPPORT,MERGE_CONTEXT_ELIGIBLE,MEDIUM,1,FRONT_CONSTRAINED,LOW,LOW,MEDIUM,accept,,False
training_tfexample.tfrecord-00005-of-01000#130__t49__358_328,training_tfexample.tfrecord-00005-of-01000#130__t49__358_328,5e0710829bb4bd9f,training_tfexample.tfrecord-00005-of-01000#130,WOMD,training,training_tfexample.tfrecord-00005-of-01000,130,training,A,CORE,MERGE_CONTEXT_ELIGIBLE,HIGH,2,SAFETY_CRITICAL_UNCERTAIN,LOW,HIGH,HIGH,accept,,False
training_tfexample.tfrecord-00005-of-01000#133__t86__313_318,training_tfexample.tfrecord-00005-of-01000#133__t86__313_318,ede084f48ed54a35,training_tfexample.tfrecord-00005-of-01000#133,WOMD,training,training_tfexample.tfrecord-00005-of-01000,133,training,A,CORE,MERGE_CONTEXT_ELIGIBLE,HIGH,2,SAFETY_CRITICAL_UNCERTAIN,LOW,HIGH,HIGH,accept,,True
training_tfexample.tfrecord-00005-of-01000#142__t14__922_934,training_tfexample.tfrecord-00005-of-01000#142__t14__922_934,b892f78de42c1bc1,training_tfexample.tfrecord-00005-of-01000#142,WOMD,training,training_tfexample.tfrecord-00005-of-01000,142,training,A,CORE,MERGE_CONTEXT_ELIGIBLE,HIGH,2,SAFETY_CRITICAL_UNCERTAIN,LOW,HIGH,HIGH,accept,,False
training_tfexample.tfrecord-00005-of-01000#142__t51__948_956,training_tfexample.tfrecord-00005-of-01000#142__t51__948_956,b892f78de42c1bc1,training_tfexample.tfrecord-00005-of-01000#142,WOMD,training,training_tfexample.tfrecord-00005-of-01000,142,training,A,CORE,MERGE_CONTEXT_ELIGIBLE,HIGH,2,SAFETY_CRITICAL_UNCERTAIN,LOW,HIGH,HIGH,accept,,False
training_tfexample.tfrecord-00005-of-01000#165__t29__267_261,training_tfexample.tfrecord-00005-of-01000#165__t29__267_261,f97d0e8a658d42d7,training_tfexample.tfrecord-00005-of-01000#165,WOMD,training,training_tfexample.tfrecord-00005-of-01000,165,training,A,CORE,MERGE_CONTEXT_ELIGIBLE,MEDIUM,2,FRONT_CONSTRAINED,MEDIUM,LOW,MEDIUM,accept,,False
training_tfexample.tfrecord-00005-of-01000#167__t9__285_284,training_tfexample.tfrecord-00005-of-01000#167__t9__285_284,defa49b49ff6569b,training_tfexample.tfrecord-00005-of-01000#167,WOMD,training,training_tfexample.tfrecord-00005-of-01000,167,training,B,SUPPORT,MERGE_CONTEXT_ELIGIBLE,MEDIUM,1,FRONT_CONSTRAINED,LOW,LOW,MEDIUM,accept,,False
training_tfexample.tfrecord-00005-of-01000#167__t39__345_336,training_tfexample.tfrecord-00005-of-01000#167__t39__345_336,defa49b49ff6569b,training_tfexample.tfrecord-00005-of-01000#167,WOMD,training,training_tfexample.tfrecord-00005-of-01000,167,training,B,SUPPORT,MERGE_CONTEXT_ELIGIBLE,MEDIUM,1,BOTH_SIDES_CONSTRAINED,LOW,LOW,HIGH,accept,,False
training_tfexample.tfrecord-00005-of-01000#167__t65__336_485,training_tfexample.tfrecord-00005-of-01000#167__t65__336_485,defa49b49ff6569b,training_tfexample.tfrecord-00005-of-01000#167,WOMD,training,training_tfexample.tfrecord-00005-of-01000,167,training,A,CORE,MERGE_CONTEXT_ELIGIBLE,HIGH,2,SAFETY_CRITICAL_UNCERTAIN,LOW,MEDIUM,HIGH,accept,,False
training_tfexample.tfrecord-00005-of-01000#169__t49__359_351,training_tfexample.tfrecord-00005-of-01000#169__t49__359_351,fc9bf0064a4c9033,training_tfexample.tfrecord-00005-of-01000#169,WOMD,training,training_tfexample.tfrecord-00005-of-01000,169,training,B,SUPPORT,MERGE_CONTEXT_ELIGIBLE,MEDIUM,1,FRONT_CONSTRAINED,LOW,LOW,HIGH,accept,,False
training_tfexample.tfrecord-00005-of-01000#173__t31__239_236,training_tfexample.tfrecord-00005-of-01000#173__t31__239_236,a5c9b108a05e0e58,training_tfexample.tfrecord-00005-of-01000#173,WOMD,training,training_tfexample.tfrecord-00005-of-01000,173,training,A,CORE,MERGE_CONTEXT_ELIGIBLE,MEDIUM,2,FRONT_CONSTRAINED,MEDIUM,LOW,MEDIUM,accept,,False
training_tfexample.tfrecord-00005-of-01000#174__t70__119_112,training_tfexample.tfrecord-00005-of-01000#174__t70__119_112,9d2439807656716c,training_tfexample.tfrecord-00005-of-01000#174,WOMD,training,training_tfexample.tfrecord-00005-of-01000,174,training,A,CORE,MERGE_CONTEXT_ELIGIBLE,HIGH,2,SAFETY_CRITICAL_UNCERTAIN,LOW,HIGH,HIGH,accept,,False
training_tfexample.tfrecord-00005-of-01000#178__t31__336_354,training_tfexample.tfrecord-00005-of-01000#178__t31__336_354,db2c85109eb4fc0e,training_tfexample.tfrecord-00005-of-01000#178,WOMD,training,training_tfexample.tfrecord-00005-of-01000,178,training,B,SUPPORT,MERGE_CONTEXT_ELIGIBLE,MEDIUM,1,SAFETY_CRITICAL_UNCERTAIN,LOW,LOW,HIGH,accept,,False
training_tfexample.tfrecord-00005-of-01000#181__t26__191_194,training_tfexample.tfrecord-00005-of-01000#181__t26__191_194,864eaff11d9d97a2,training_tfexample.tfrecord-00005-of-01000#181,WOMD,training,training_tfexample.tfrecord-00005-of-01000,181,training,A,CORE,MERGE_CONTEXT_ELIGIBLE,HIGH,2,SAFETY_CRITICAL_UNCERTAIN,LOW,HIGH,HIGH,accept,,True
training_tfexample.tfrecord-00005-of-01000#183__t5__88_86,training_tfexample.tfrecord-00005-of-01000#183__t5__88_86,bdd33da346464957,training_tfexample.tfrecord-00005-of-01000#183,WOMD,training,training_tfexample.tfrecord-00005-of-01000,183,training,B,SUPPORT,MERGE_CONTEXT_ELIGIBLE,MEDIUM,1,SAFETY_CRITICAL_UNCERTAIN,LOW,LOW,HIGH,accept,,False
training_tfexample.tfrecord-00005-of-01000#189__t18__507_512,training_tfexample.tfrecord-00005-of-01000#189__t18__507_512,d4ea231aca219683,training_tfexample.tfrecord-00005-of-01000#189,WOMD,training,training_tfexample.tfrecord-00005-of-01000,189,training,B,SUPPORT,MERGE_CONTEXT_ELIGIBLE,LOW,1,WEAK_INTERACTION,LOW,LOW,MEDIUM,accept,,False
training_tfexample.tfrecord-00005-of-01000#193__t7__621_611,training_tfexample.tfrecord-00005-of-01000#193__t7__621_611,be6b044a0a569f,training_tfexample.tfrecord-00005-of-01000#193,WOMD,training,training_tfexample.tfrecord-00005-of-01000,193,training,B,SUPPORT,MERGE_CONTEXT_ELIGIBLE,MEDIUM,1,SAFETY_CRITICAL_UNCERTAIN,LOW,LOW,HIGH,accept,,False
training_tfexample.tfrecord-00005-of-01000#193__t81__1191_1186,training_tfexample.tfrecord-00005-of-01000#193__t81__1191_1186,be6b044a0a569f,training_tfexample.tfrecord-00005-of-01000#193,WOMD,training,training_tfexample.tfrecord-00005-of-01000,193,training,A,CORE,MERGE_CONTEXT_ELIGIBLE,MEDIUM,2,SAFETY_CRITICAL_UNCERTAIN,MEDIUM,LOW,MEDIUM,accept,,False
training_tfexample.tfrecord-00005-of-01000#196__t32__377_360,training_tfexample.tfrecord-00005-of-01000#196__t32__377_360,b50885f11f77ce8c,training_tfexample.tfrecord-00005-of-01000#196,WOMD,training,training_tfexample.tfrecord-00005-of-01000,196,training,B,SUPPORT,MERGE_CONTEXT_ELIGIBLE,MEDIUM,1,SAFETY_CRITICAL_UNCERTAIN,LOW,LOW,HIGH,accept,,False
training_tfexample.tfrecord-00005-of-01000#199__t54__222_149,training_tfexample.tfrecord-00005-of-01000#199__t54__222_149,8c9f70ed1f2b5776,training_tfexample.tfrecord-00005-of-01000#199,WOMD,training,training_tfexample.tfrecord-00005-of-01000,199,training,A,CORE,MERGE_CONTEXT_ELIGIBLE,HIGH,2,SAFETY_CRITICAL_UNCERTAIN,LOW,HIGH,HIGH,accept,,False
training_tfexample.tfrecord-00005-of-01000#200__t71__163_158,training_tfexample.tfrecord-00005-of-01000#200__t71__163_158,14be78c87772b209,training_tfexample.tfrecord-00005-of-01000#200,WOMD,training,training_tfexample.tfrecord-00005-of-01000,200,training,B,SUPPORT,MERGE_CONTEXT_ELIGIBLE,MEDIUM,1,SAFETY_CRITICAL_UNCERTAIN,LOW,LOW,HIGH,accept,,False
training_tfexample.tfrecord-00005-of-01000#202__t32__536_529,training_tfexample.tfrecord-00005-of-01000#202__t32__536_529,6ceaa19bc29f184d,training_tfexample.tfrecord-00005-of-01000#202,WOMD,training,training_tfexample.tfrecord-00005-of-01000,202,training,A,CORE,MERGE_CONTEXT_ELIGIBLE,HIGH,2,SAFETY_CRITICAL_UNCERTAIN,LOW,HIGH,HIGH,accept,,False
training_tfexample.tfrecord-00005-of-01000#218__t63__58_94,training_tfexample.tfrecord-00005-of-01000#218__t63__58_94,2d75ead9aafb8ca7,training_tfexample.tfrecord-00005-of-01000#218,WOMD,training,training_tfexample.tfrecord-00005-of-01000,218,training,B,SUPPORT,MERGE_CONTEXT_ELIGIBLE,MEDIUM,1,SAFETY_CRITICAL_UNCERTAIN,LOW,LOW,HIGH,accept,,False
training_tfexample.tfrecord-00005-of-01000#219__t87__101_89,training_tfexample.tfrecord-00005-of-01000#219__t87__101_89,33bc81ae880ffbfa,training_tfexample.tfrecord-00005-of-01000#219,WOMD,training,training_tfexample.tfrecord-00005-of-01000,219,training,A,CORE,MERGE_CONTEXT_ELIGIBLE,MEDIUM,2,FRONT_CONSTRAINED,MEDIUM,LOW,MEDIUM,reject,target_not_stable,False
training_tfexample.tfrecord-00005-of-01000#226__t12__438_440,training_tfexample.tfrecord-00005-of-01000#226__t12__438_440,a8aca1772bd03abc,training_tfexample.tfrecord-00005-of-01000#226,WOMD,training,training_tfexample.tfrecord-00005-of-01000,226,training,A,CORE,MERGE_CONTEXT_ELIGIBLE,HIGH,2,SAFETY_CRITICAL_UNCERTAIN,LOW,HIGH,HIGH,accept,,False
training_tfexample.tfrecord-00005-of-01000#228__t25__205_160,training_tfexample.tfrecord-00005-of-01000#228__t25__205_160,f3d99586ade77f62,training_tfexample.tfrecord-00005-of-01000#228,WOMD,training,training_tfexample.tfrecord-00005-of-01000,228,training,B,SUPPORT,MERGE_CONTEXT_ELIGIBLE,LOW,1,WEAK_INTERACTION,LOW,LOW,MEDIUM,accept,,False
training_tfexample.tfrecord-00005-of-01000#230__t88__459_496,training_tfexample.tfrecord-00005-of-01000#230__t88__459_496,f677e5c6a9341300,training_tfexample.tfrecord-00005-of-01000#230,WOMD,training,training_tfexample.tfrecord-00005-of-01000,230,training,A,CORE,MERGE_CONTEXT_ELIGIBLE,HIGH,2,SAFETY_CRITICAL_UNCERTAIN,LOW,HIGH,HIGH,reject,target_not_stable,False
training_tfexample.tfrecord-00005-of-01000#231__t68__117_116,training_tfexample.tfrecord-00005-of-01000#231__t68__117_116,574e16bf75a452e1,training_tfexample.tfrecord-00005-of-01000#231,WOMD,training,training_tfexample.tfrecord-00005-of-01000,231,training,B,SUPPORT,MERGE_CONTEXT_ELIGIBLE,LOW,1,WEAK_INTERACTION,LOW,LOW,MEDIUM,accept,,False
training_tfexample.tfrecord-00005-of-01000#232__t72__212_159,training_tfexample.tfrecord-00005-of-01000#232__t72__212_159,a824befedd9bd871,training_tfexample.tfrecord-00005-of-01000#232,WOMD,training,training_tfexample.tfrecord-00005-of-01000,232,training,A,CORE,MERGE_CONTEXT_ELIGIBLE,HIGH,2,SAFETY_CRITICAL_UNCERTAIN,LOW,HIGH,HIGH,accept,,True
training_tfexample.tfrecord-00005-of-01000#234__t35__203_180,training_tfexample.tfrecord-00005-of-01000#234__t35__203_180,44e7c8a6069e72ae,training_tfexample.tfrecord-00005-of-01000#234,WOMD,training,training_tfexample.tfrecord-00005-of-01000,234,training,B,SUPPORT,MERGE_CONTEXT_ELIGIBLE,LOW,1,WEAK_INTERACTION,LOW,LOW,MEDIUM,accept,,False
training_tfexample.tfrecord-00005-of-01000#236__t34__132_138,training_tfexample.tfrecord-00005-of-01000#236__t34__132_138,b1ba780c63ab0da1,training_tfexample.tfrecord-00005-of-01000#236,WOMD,training,training_tfexample.tfrecord-00005-of-01000,236,training,B,SUPPORT,MERGE_CONTEXT_ELIGIBLE,LOW,1,WEAK_INTERACTION,LOW,LOW,MEDIUM,accept,,False
training_tfexample.tfrecord-00005-of-01000#240__t77__94_98,training_tfexample.tfrecord-00005-of-01000#240__t77__94_98,f58bc856a32c02c8,training_tfexample.tfrecord-00005-of-01000#240,WOMD,training,training_tfexample.tfrecord-00005-of-01000,240,training,B,SUPPORT,MERGE_CONTEXT_ELIGIBLE,MEDIUM,1,FRONT_CONSTRAINED,LOW,LOW,MEDIUM,accept,,False
training_tfexample.tfrecord-00005-of-01000#247__t14__475_462,training_tfexample.tfrecord-00005-of-01000#247__t14__475_462,1ee0f9b30215e4cf,training_tfexample.tfrecord-00005-of-01000#247,WOMD,training,training_tfexample.tfrecord-00005-of-01000,247,training,A,CORE,MERGE_CONTEXT_ELIGIBLE,HIGH,2,SAFETY_CRITICAL_UNCERTAIN,LOW,HIGH,HIGH,accept,,False
training_tfexample.tfrecord-00005-of-01000#251__t62__316_324,training_tfexample.tfrecord-00005-of-01000#251__t62__316_324,e7decfb48032a097,training_tfexample.tfrecord-00005-of-01000#251,WOMD,training,training_tfexample.tfrecord-00005-of-01000,251,training,A,CORE,MERGE_CONTEXT_ELIGIBLE,MEDIUM,2,BOTH_SIDES_CONSTRAINED,LOW,HIGH,MEDIUM,accept,,False
training_tfexample.tfrecord-00005-of-01000#259__t47__414_421,training_tfexample.tfrecord-00005-of-01000#259__t47__414_421,9877c28f2c22a8f4,training_tfexample.tfrecord-00005-of-01000#259,WOMD,training,training_tfexample.tfrecord-00005-of-01000,259,training,A,CORE,MERGE_CONTEXT_ELIGIBLE,HIGH,2,SAFETY_CRITICAL_UNCERTAIN,LOW,HIGH,HIGH,accept,,False
training_tfexample.tfrecord-00005-of-01000#265__t81__314_306,training_tfexample.tfrecord-00005-of-01000#265__t81__314_306,c51b06249c26e436,training_tfexample.tfrecord-00005-of-01000#265,WOMD,training,training_tfexample.tfrecord-00005-of-01000,265,training,B,SUPPORT,MERGE_CONTEXT_ELIGIBLE,MEDIUM,1,SAFETY_CRITICAL_UNCERTAIN,LOW,LOW,HIGH,accept,,False
training_tfexample.tfrecord-00005-of-01000#271__t22__434_442,training_tfexample.tfrecord-00005-of-01000#271__t22__434_442,f43873632aa0a975,training_tfexample.tfrecord-00005-of-01000#271,WOMD,training,training_tfexample.tfrecord-00005-of-01000,271,training,B,SUPPORT,MERGE_CONTEXT_ELIGIBLE,MEDIUM,1,SAFETY_CRITICAL_UNCERTAIN,LOW,LOW,HIGH,accept,,False
training_tfexample.tfrecord-00005-of-01000#280__t61__1017_1026,training_tfexample.tfrecord-00005-of-01000#280__t61__1017_1026,1a0152938b9b6452,training_tfexample.tfrecord-00005-of-01000#280,WOMD,training,training_tfexample.tfrecord-00005-of-01000,280,training,A,CORE,MERGE_CONTEXT_ELIGIBLE,HIGH,2,BOTH_SIDES_CONSTRAINED,LOW,MEDIUM,HIGH,accept,,False
training_tfexample.tfrecord-00005-of-01000#280__t89__838_832,training_tfexample.tfrecord-00005-of-01000#280__t89__838_832,1a0152938b9b6452,training_tfexample.tfrecord-00005-of-01000#280,WOMD,training,training_tfexample.tfrecord-00005-of-01000,280,training,B,SUPPORT,MERGE_CONTEXT_ELIGIBLE,MEDIUM,1,SAFETY_CRITICAL_UNCERTAIN,LOW,LOW,HIGH,reject,target_not_stable,False
training_tfexample.tfrecord-00005-of-01000#284__t66__147_138,training_tfexample.tfrecord-00005-of-01000#284__t66__147_138,3878a6b76ef53691,training_tfexample.tfrecord-00005-of-01000#284,WOMD,training,training_tfexample.tfrecord-00005-of-01000,284,training,A,CORE,MERGE_CONTEXT_ELIGIBLE,MEDIUM,2,WEAK_INTERACTION,MEDIUM,LOW,MEDIUM,accept,,False
training_tfexample.tfrecord-00005-of-01000#288__t13__227_239,training_tfexample.tfrecord-00005-of-01000#288__t13__227_239,9e340849e6807323,training_tfexample.tfrecord-00005-of-01000#288,WOMD,training,training_tfexample.tfrecord-00005-of-01000,288,training,B,SUPPORT,MERGE_CONTEXT_ELIGIBLE,MEDIUM,1,SAFETY_CRITICAL_UNCERTAIN,LOW,LOW,HIGH,accept,,False
training_tfexample.tfrecord-00005-of-01000#289__t18__466_512,training_tfexample.tfrecord-00005-of-01000#289__t18__466_512,b50343597225bb1f,training_tfexample.tfrecord-00005-of-01000#289,WOMD,training,training_tfexample.tfrecord-00005-of-01000,289,training,A,CORE,MERGE_CONTEXT_ELIGIBLE,HIGH,2,BOTH_SIDES_CONSTRAINED,LOW,HIGH,HIGH,accept,,False
training_tfexample.tfrecord-00005-of-01000#291__t26__339_326,training_tfexample.tfrecord-00005-of-01000#291__t26__339_326,d547d210dfb89b36,training_tfexample.tfrecord-00005-of-01000#291,WOMD,training,training_tfexample.tfrecord-00005-of-01000,291,training,B,SUPPORT,MERGE_CONTEXT_ELIGIBLE,MEDIUM,1,SAFETY_CRITICAL_UNCERTAIN,LOW,LOW,HIGH,accept,,False
training_tfexample.tfrecord-00005-of-01000#300__t79__688_684,training_tfexample.tfrecord-00005-of-01000#300__t79__688_684,e717390e4ac2f6d5,training_tfexample.tfrecord-00005-of-01000#300,WOMD,training,training_tfexample.tfrecord-00005-of-01000,300,training,A,CORE,MERGE_CONTEXT_ELIGIBLE,HIGH,2,BOTH_SIDES_CONSTRAINED,LOW,HIGH,HIGH,accept,,False
training_tfexample.tfrecord-00005-of-01000#302__t56__584_382,training_tfexample.tfrecord-00005-of-01000#302__t56__584_382,818cd04867cdcc77,training_tfexample.tfrecord-00005-of-01000#302,WOMD,training,training_tfexample.tfrecord-00005-of-01000,302,training,A,CORE,MERGE_CONTEXT_ELIGIBLE,MEDIUM,2,FRONT_CONSTRAINED,HIGH,LOW,MEDIUM,accept,,False
training_tfexample.tfrecord-00005-of-01000#306__t25__149_151,training_tfexample.tfrecord-00005-of-01000#306__t25__149_151,3efcbd87913d5bbc,training_tfexample.tfrecord-00005-of-01000#306,WOMD,training,training_tfexample.tfrecord-00005-of-01000,306,training,B,SUPPORT,MERGE_CONTEXT_ELIGIBLE,LOW,1,WEAK_INTERACTION,LOW,LOW,MEDIUM,accept,,False
training_tfexample.tfrecord-00005-of-01000#309__t62__315_403,training_tfexample.tfrecord-00005-of-01000#309__t62__315_403,a48b8374b4d251f3,training_tfexample.tfrecord-00005-of-01000#309,WOMD,training,training_tfexample.tfrecord-00005-of-01000,309,training,B,SUPPORT,MERGE_CONTEXT_ELIGIBLE,MEDIUM,1,SAFETY_CRITICAL_UNCERTAIN,LOW,LOW,HIGH,accept,,False
training_tfexample.tfrecord-00005-of-01000#313__t54__96_83,training_tfexample.tfrecord-00005-of-01000#313__t54__96_83,bc68d7c3bc8c6bee,training_tfexample.tfrecord-00005-of-01000#313,WOMD,training,training_tfexample.tfrecord-00005-of-01000,313,training,A,CORE,MERGE_CONTEXT_ELIGIBLE,MEDIUM,2,FRONT_CONSTRAINED,MEDIUM,LOW,MEDIUM,accept,,False
training_tfexample.tfrecord-00005-of-01000#314__t56__737_745,training_tfexample.tfrecord-00005-of-01000#314__t56__737_745,3c84b9067362be99,training_tfexample.tfrecord-00005-of-01000#314,WOMD,training,training_tfexample.tfrecord-00005-of-01000,314,training,A,CORE,MERGE_CONTEXT_ELIGIBLE,HIGH,2,SAFETY_CRITICAL_UNCERTAIN,LOW,HIGH,HIGH,accept,,False
training_tfexample.tfrecord-00005-of-01000#316__t30__358_366,training_tfexample.tfrecord-00005-of-01000#316__t30__358_366,51ca33b75d13a400,training_tfexample.tfrecord-00005-of-01000#316,WOMD,training,training_tfexample.tfrecord-00005-of-01000,316,training,A,CORE,MERGE_CONTEXT_ELIGIBLE,HIGH,3,BOTH_SIDES_CONSTRAINED,MEDIUM,HIGH,MEDIUM,accept,,False
training_tfexample.tfrecord-00005-of-01000#319__t39__920_903,training_tfexample.tfrecord-00005-of-01000#319__t39__920_903,722a98494fce149b,training_tfexample.tfrecord-00005-of-01000#319,WOMD,training,training_tfexample.tfrecord-00005-of-01000,319,training,A,CORE,MERGE_CONTEXT_ELIGIBLE,HIGH,2,SAFETY_CRITICAL_UNCERTAIN,LOW,HIGH,HIGH,accept,,False
training_tfexample.tfrecord-00005-of-01000#319__t88__803_786,training_tfexample.tfrecord-00005-of-01000#319__t88__803_786,722a98494fce149b,training_tfexample.tfrecord-00005-of-01000#319,WOMD,training,training_tfexample.tfrecord-00005-of-01000,319,training,B,SUPPORT,MERGE_CONTEXT_ELIGIBLE,MEDIUM,1,SAFETY_CRITICAL_UNCERTAIN,LOW,LOW,HIGH,reject,target_not_stable,False
training_tfexample.tfrecord-00005-of-01000#324__t33__144_149,training_tfexample.tfrecord-00005-of-01000#324__t33__144_149,55fe9146fc27c7c,training_tfexample.tfrecord-00005-of-01000#324,WOMD,training,training_tfexample.tfrecord-00005-of-01000,324,training,B,SUPPORT,MERGE_CONTEXT_ELIGIBLE,MEDIUM,1,SAFETY_CRITICAL_UNCERTAIN,LOW,LOW,HIGH,accept,,False
training_tfexample.tfrecord-00005-of-01000#348__t22__371_383,training_tfexample.tfrecord-00005-of-01000#348__t22__371_383,f65c9e147f485850,training_tfexample.tfrecord-00005-of-01000#348,WOMD,training,training_tfexample.tfrecord-00005-of-01000,348,training,A,CORE,MERGE_CONTEXT_ELIGIBLE,HIGH,2,BOTH_SIDES_CONSTRAINED,LOW,HIGH,HIGH,accept,,False
training_tfexample.tfrecord-00005-of-01000#351__t26__84_50,training_tfexample.tfrecord-00005-of-01000#351__t26__84_50,b418c4365782ec7e,training_tfexample.tfrecord-00005-of-01000#351,WOMD,training,training_tfexample.tfrecord-00005-of-01000,351,training,A,CORE,MERGE_CONTEXT_ELIGIBLE,MEDIUM,2,FRONT_CONSTRAINED,MEDIUM,LOW,MEDIUM,accept,,False
training_tfexample.tfrecord-00005-of-01000#358__t8__285_188,training_tfexample.tfrecord-00005-of-01000#358__t8__285_188,43398990af1c25b0,training_tfexample.tfrecord-00005-of-01000#358,WOMD,training,training_tfexample.tfrecord-00005-of-01000,358,training,B,SUPPORT,MERGE_CONTEXT_ELIGIBLE,MEDIUM,1,SAFETY_CRITICAL_UNCERTAIN,LOW,LOW,HIGH,accept,,False
training_tfexample.tfrecord-00005-of-01000#360__t33__177_154,training_tfexample.tfrecord-00005-of-01000#360__t33__177_154,5cb901425f6af2d5,training_tfexample.tfrecord-00005-of-01000#360,WOMD,training,training_tfexample.tfrecord-00005-of-01000,360,training,A,CORE,MERGE_CONTEXT_ELIGIBLE,HIGH,2,SAFETY_CRITICAL_UNCERTAIN,LOW,HIGH,HIGH,accept,,False
training_tfexample.tfrecord-00005-of-01000#380__t49__327_321,training_tfexample.tfrecord-00005-of-01000#380__t49__327_321,e0d35428579dd1aa,training_tfexample.tfrecord-00005-of-01000#380,WOMD,training,training_tfexample.tfrecord-00005-of-01000,380,training,B,SUPPORT,MERGE_CONTEXT_ELIGIBLE,MEDIUM,1,FRONT_CONSTRAINED,LOW,LOW,MEDIUM,accept,,False
training_tfexample.tfrecord-00005-of-01000#382__t18__557_540,training_tfexample.tfrecord-00005-of-01000#382__t18__557_540,7358942ed8dafe28,training_tfexample.tfrecord-00005-of-01000#382,WOMD,training,training_tfexample.tfrecord-00005-of-01000,382,training,B,SUPPORT,MERGE_CONTEXT_ELIGIBLE,MEDIUM,1,FRONT_CONSTRAINED,LOW,LOW,MEDIUM,accept,,False
training_tfexample.tfrecord-00005-of-01000#385__t26__497_535,training_tfexample.tfrecord-00005-of-01000#385__t26__497_535,ab2d149333524a34,training_tfexample.tfrecord-00005-of-01000#385,WOMD,training,training_tfexample.tfrecord-00005-of-01000,385,training,B,SUPPORT,MERGE_CONTEXT_ELIGIBLE,MEDIUM,1,SAFETY_CRITICAL_UNCERTAIN,LOW,LOW,HIGH,accept,,False
training_tfexample.tfrecord-00005-of-01000#394__t6__395_410,training_tfexample.tfrecord-00005-of-01000#394__t6__395_410,5cfafbd002ea29a0,training_tfexample.tfrecord-00005-of-01000#394,WOMD,training,training_tfexample.tfrecord-00005-of-01000,394,training,B,SUPPORT,MERGE_CONTEXT_ELIGIBLE,MEDIUM,1,FRONT_CONSTRAINED,LOW,LOW,MEDIUM,accept,,False
training_tfexample.tfrecord-00005-of-01000#394__t70__409_193,training_tfexample.tfrecord-00005-of-01000#394__t70__409_193,5cfafbd002ea29a0,training_tfexample.tfrecord-00005-of-01000#394,WOMD,training,training_tfexample.tfrecord-00005-of-01000,394,training,A,CORE,MERGE_CONTEXT_ELIGIBLE,HIGH,2,BOTH_SIDES_CONSTRAINED,LOW,HIGH,HIGH,accept,,False
training_tfexample.tfrecord-00005-of-01000#399__t59__644_715,training_tfexample.tfrecord-00005-of-01000#399__t59__644_715,521c9b211fb2dd10,training_tfexample.tfrecord-00005-of-01000#399,WOMD,training,training_tfexample.tfrecord-00005-of-01000,399,training,A,CORE,MERGE_CONTEXT_ELIGIBLE,HIGH,3,APPROACH_KEEP_CONTEXT,HIGH,MEDIUM,MEDIUM,accept,,False
training_tfexample.tfrecord-00005-of-01000#401__t84__1045_1031,training_tfexample.tfrecord-00005-of-01000#401__t84__1045_1031,b5ab141620b23980,training_tfexample.tfrecord-00005-of-01000#401,WOMD,training,training_tfexample.tfrecord-00005-of-01000,401,training,A,CORE,MERGE_CONTEXT_ELIGIBLE,HIGH,2,BOTH_SIDES_CONSTRAINED,LOW,HIGH,HIGH,accept,,False
training_tfexample.tfrecord-00005-of-01000#413__t60__121_115,training_tfexample.tfrecord-00005-of-01000#413__t60__121_115,921bc4bcc6aab65d,training_tfexample.tfrecord-00005-of-01000#413,WOMD,training,training_tfexample.tfrecord-00005-of-01000,413,training,A,CORE,MERGE_CONTEXT_ELIGIBLE,HIGH,2,SAFETY_CRITICAL_UNCERTAIN,LOW,HIGH,HIGH,accept,,True
training_tfexample.tfrecord-00005-of-01000#415__t85__224_216,training_tfexample.tfrecord-00005-of-01000#415__t85__224_216,7dd3de1389f0e17,training_tfexample.tfrecord-00005-of-01000#415,WOMD,training,training_tfexample.tfrecord-00005-of-01000,415,training,B,SUPPORT,MERGE_CONTEXT_ELIGIBLE,MEDIUM,1,FRONT_CONSTRAINED,LOW,LOW,HIGH,accept,,False
training_tfexample.tfrecord-00005-of-01000#417__t82__209_215,training_tfexample.tfrecord-00005-of-01000#417__t82__209_215,7c5ef52e0277b250,training_tfexample.tfrecord-00005-of-01000#417,WOMD,training,training_tfexample.tfrecord-00005-of-01000,417,training,B,SUPPORT,MERGE_CONTEXT_ELIGIBLE,MEDIUM,1,FRONT_CONSTRAINED,LOW,LOW,MEDIUM,accept,,False
training_tfexample.tfrecord-00005-of-01000#419__t42__141_115,training_tfexample.tfrecord-00005-of-01000#419__t42__141_115,5f669af52e87943b,training_tfexample.tfrecord-00005-of-01000#419,WOMD,training,training_tfexample.tfrecord-00005-of-01000,419,training,A,CORE,MERGE_CONTEXT_ELIGIBLE,HIGH,2,SAFETY_CRITICAL_UNCERTAIN,LOW,HIGH,HIGH,accept,,False
training_tfexample.tfrecord-00005-of-01000#420__t89__259_223,training_tfexample.tfrecord-00005-of-01000#420__t89__259_223,c4fad06d09518173,training_tfexample.tfrecord-00005-of-01000#420,WOMD,training,training_tfexample.tfrecord-00005-of-01000,420,training,B,SUPPORT,MERGE_CONTEXT_ELIGIBLE,MEDIUM,1,FRONT_CONSTRAINED,LOW,LOW,MEDIUM,reject,target_not_stable,False
training_tfexample.tfrecord-00005-of-01000#433__t67__327_302,training_tfexample.tfrecord-00005-of-01000#433__t67__327_302,13287b3964f36896,training_tfexample.tfrecord-00005-of-01000#433,WOMD,training,training_tfexample.tfrecord-00005-of-01000,433,training,A,CORE,MERGE_CONTEXT_ELIGIBLE,HIGH,2,SAFETY_CRITICAL_UNCERTAIN,LOW,HIGH,HIGH,accept,,False
training_tfexample.tfrecord-00005-of-01000#434__t25__679_656,training_tfexample.tfrecord-00005-of-01000#434__t25__679_656,91f2d1fe5dad167e,training_tfexample.tfrecord-00005-of-01000#434,WOMD,training,training_tfexample.tfrecord-00005-of-01000,434,training,A,CORE,MERGE_CONTEXT_ELIGIBLE,HIGH,2,SAFETY_CRITICAL_UNCERTAIN,LOW,HIGH,HIGH,accept,,True
training_tfexample.tfrecord-00005-of-01000#437__t59__508_499,training_tfexample.tfrecord-00005-of-01000#437__t59__508_499,cb364a0aa1b030a9,training_tfexample.tfrecord-00005-of-01000#437,WOMD,training,training_tfexample.tfrecord-00005-of-01000,437,training,A,CORE,MERGE_CONTEXT_ELIGIBLE,HIGH,2,BOTH_SIDES_CONSTRAINED,LOW,HIGH,HIGH,accept,,False
training_tfexample.tfrecord-00005-of-01000#448__t20__450_422,training_tfexample.tfrecord-00005-of-01000#448__t20__450_422,aaa2e7c261e0e2c8,training_tfexample.tfrecord-00005-of-01000#448,WOMD,training,training_tfexample.tfrecord-00005-of-01000,448,training,B,SUPPORT,MERGE_CONTEXT_ELIGIBLE,MEDIUM,1,BOTH_SIDES_CONSTRAINED,LOW,LOW,HIGH,reject,gap_order_not_persistent,False
training_tfexample.tfrecord-00005-of-01000#448__t73__425_409,training_tfexample.tfrecord-00005-of-01000#448__t73__425_409,aaa2e7c261e0e2c8,training_tfexample.tfrecord-00005-of-01000#448,WOMD,training,training_tfexample.tfrecord-00005-of-01000,448,training,B,SUPPORT,MERGE_CONTEXT_ELIGIBLE,MEDIUM,1,SAFETY_CRITICAL_UNCERTAIN,LOW,LOW,HIGH,accept,,False
training_tfexample.tfrecord-00005-of-01000#451__t38__719_716,training_tfexample.tfrecord-00005-of-01000#451__t38__719_716,bd49fad8a866fd73,training_tfexample.tfrecord-00005-of-01000#451,WOMD,training,training_tfexample.tfrecord-00005-of-01000,451,training,A,CORE,MERGE_CONTEXT_ELIGIBLE,HIGH,2,BOTH_SIDES_CONSTRAINED,LOW,HIGH,HIGH,accept,,False
training_tfexample.tfrecord-00005-of-01000#454__t11__330_343,training_tfexample.tfrecord-00005-of-01000#454__t11__330_343,5380df302733bafc,training_tfexample.tfrecord-00005-of-01000#454,WOMD,training,training_tfexample.tfrecord-00005-of-01000,454,training,B,SUPPORT,MERGE_CONTEXT_ELIGIBLE,MEDIUM,1,BOTH_SIDES_CONSTRAINED,LOW,LOW,HIGH,accept,,False
training_tfexample.tfrecord-00005-of-01000#455__t59__794_802,training_tfexample.tfrecord-00005-of-01000#455__t59__794_802,77f13f61db2cb328,training_tfexample.tfrecord-00005-of-01000#455,WOMD,training,training_tfexample.tfrecord-00005-of-01000,455,training,B,SUPPORT,MERGE_CONTEXT_ELIGIBLE,MEDIUM,1,FRONT_CONSTRAINED,LOW,LOW,HIGH,accept,,False
training_tfexample.tfrecord-00005-of-01000#460__t73__327_313,training_tfexample.tfrecord-00005-of-01000#460__t73__327_313,1efbc967cd1cbd7b,training_tfexample.tfrecord-00005-of-01000#460,WOMD,training,training_tfexample.tfrecord-00005-of-01000,460,training,B,SUPPORT,MERGE_CONTEXT_ELIGIBLE,MEDIUM,1,FRONT_CONSTRAINED,LOW,LOW,MEDIUM,accept,,False
training_tfexample.tfrecord-00006-of-01000#1__t57__700_695,training_tfexample.tfrecord-00006-of-01000#1__t57__700_695,a1e5729b3be83d31,training_tfexample.tfrecord-00006-of-01000#1,WOMD,training,training_tfexample.tfrecord-00006-of-01000,1,training,A,CORE,MERGE_CONTEXT_ELIGIBLE,MEDIUM,2,FRONT_CONSTRAINED,HIGH,LOW,MEDIUM,accept,,False
training_tfexample.tfrecord-00006-of-01000#3__t85__331_338,training_tfexample.tfrecord-00006-of-01000#3__t85__331_338,9de21806a7345502,training_tfexample.tfrecord-00006-of-01000#3,WOMD,training,training_tfexample.tfrecord-00006-of-01000,3,training,B,SUPPORT,MERGE_CONTEXT_ELIGIBLE,MEDIUM,1,FRONT_CONSTRAINED,LOW,LOW,HIGH,accept,,False
training_tfexample.tfrecord-00006-of-01000#10__t68__340_316,training_tfexample.tfrecord-00006-of-01000#10__t68__340_316,d5dec5df8f65375b,training_tfexample.tfrecord-00006-of-01000#10,WOMD,training,training_tfexample.tfrecord-00006-of-01000,10,training,A,CORE,MERGE_CONTEXT_ELIGIBLE,HIGH,2,SAFETY_CRITICAL_UNCERTAIN,LOW,HIGH,HIGH,accept,,False
training_tfexample.tfrecord-00006-of-01000#12__t58__187_302,training_tfexample.tfrecord-00006-of-01000#12__t58__187_302,7a25c8d8a2b89bc3,training_tfexample.tfrecord-00006-of-01000#12,WOMD,training,training_tfexample.tfrecord-00006-of-01000,12,training,A,CORE,MERGE_CONTEXT_ELIGIBLE,HIGH,2,SAFETY_CRITICAL_UNCERTAIN,LOW,HIGH,HIGH,accept,,False
training_tfexample.tfrecord-00006-of-01000#16__t37__163_153,training_tfexample.tfrecord-00006-of-01000#16__t37__163_153,82a090b177fd383d,training_tfexample.tfrecord-00006-of-01000#16,WOMD,training,training_tfexample.tfrecord-00006-of-01000,16,training,B,SUPPORT,MERGE_CONTEXT_ELIGIBLE,MEDIUM,1,SAFETY_CRITICAL_UNCERTAIN,LOW,LOW,HIGH,accept,,False
training_tfexample.tfrecord-00006-of-01000#18__t70__202_205,training_tfexample.tfrecord-00006-of-01000#18__t70__202_205,35f73655fb70dc4a,training_tfexample.tfrecord-00006-of-01000#18,WOMD,training,training_tfexample.tfrecord-00006-of-01000,18,training,A,CORE,MERGE_CONTEXT_ELIGIBLE,HIGH,3,BOTH_SIDES_CONSTRAINED,HIGH,HIGH,MEDIUM,accept,,False
training_tfexample.tfrecord-00006-of-01000#25__t71__434_416,training_tfexample.tfrecord-00006-of-01000#25__t71__434_416,83e540fcb0fd4dc8,training_tfexample.tfrecord-00006-of-01000#25,WOMD,training,training_tfexample.tfrecord-00006-of-01000,25,training,B,SUPPORT,MERGE_CONTEXT_ELIGIBLE,MEDIUM,1,SAFETY_CRITICAL_UNCERTAIN,LOW,LOW,HIGH,accept,,False
training_tfexample.tfrecord-00006-of-01000#27__t58__138_96,training_tfexample.tfrecord-00006-of-01000#27__t58__138_96,947cf220246f9b41,training_tfexample.tfrecord-00006-of-01000#27,WOMD,training,training_tfexample.tfrecord-00006-of-01000,27,training,B,SUPPORT,MERGE_CONTEXT_ELIGIBLE,LOW,1,WEAK_INTERACTION,LOW,LOW,MEDIUM,accept,,False
training_tfexample.tfrecord-00006-of-01000#30__t56__732_768,training_tfexample.tfrecord-00006-of-01000#30__t56__732_768,2fe9721fb6544e69,training_tfexample.tfrecord-00006-of-01000#30,WOMD,training,training_tfexample.tfrecord-00006-of-01000,30,training,B,SUPPORT,MERGE_CONTEXT_ELIGIBLE,MEDIUM,1,FRONT_CONSTRAINED,LOW,LOW,MEDIUM,accept,,False
training_tfexample.tfrecord-00006-of-01000#32__t48__119_121,training_tfexample.tfrecord-00006-of-01000#32__t48__119_121,a215a5d53ded75fb,training_tfexample.tfrecord-00006-of-01000#32,WOMD,training,training_tfexample.tfrecord-00006-of-01000,32,training,A,CORE,MERGE_CONTEXT_ELIGIBLE,MEDIUM,2,FRONT_CONSTRAINED,MEDIUM,LOW,MEDIUM,accept,,False
training_tfexample.tfrecord-00006-of-01000#33__t47__356_325,training_tfexample.tfrecord-00006-of-01000#33__t47__356_325,e2d1c0c82fa99aa4,training_tfexample.tfrecord-00006-of-01000#33,WOMD,training,training_tfexample.tfrecord-00006-of-01000,33,training,A,CORE,MERGE_CONTEXT_ELIGIBLE,HIGH,2,SAFETY_CRITICAL_UNCERTAIN,LOW,HIGH,HIGH,accept,,False
training_tfexample.tfrecord-00006-of-01000#40__t19__685_683,training_tfexample.tfrecord-00006-of-01000#40__t19__685_683,e8be15949b8dbb94,training_tfexample.tfrecord-00006-of-01000#40,WOMD,training,training_tfexample.tfrecord-00006-of-01000,40,training,A,CORE,MERGE_CONTEXT_ELIGIBLE,HIGH,2,SAFETY_CRITICAL_UNCERTAIN,LOW,HIGH,HIGH,accept,,False
training_tfexample.tfrecord-00006-of-01000#40__t85__634_628,training_tfexample.tfrecord-00006-of-01000#40__t85__634_628,e8be15949b8dbb94,training_tfexample.tfrecord-00006-of-01000#40,WOMD,training,training_tfexample.tfrecord-00006-of-01000,40,training,B,SUPPORT,MERGE_CONTEXT_ELIGIBLE,MEDIUM,1,SAFETY_CRITICAL_UNCERTAIN,LOW,LOW,HIGH,accept,,False
training_tfexample.tfrecord-00006-of-01000#42__t13__150_153,training_tfexample.tfrecord-00006-of-01000#42__t13__150_153,747d529ac88e179e,training_tfexample.tfrecord-00006-of-01000#42,WOMD,training,training_tfexample.tfrecord-00006-of-01000,42,training,B,SUPPORT,MERGE_CONTEXT_ELIGIBLE,MEDIUM,1,SAFETY_CRITICAL_UNCERTAIN,LOW,LOW,HIGH,accept,,False
training_tfexample.tfrecord-00006-of-01000#45__t70__177_250,training_tfexample.tfrecord-00006-of-01000#45__t70__177_250,4478de443439b5e4,training_tfexample.tfrecord-00006-of-01000#45,WOMD,training,training_tfexample.tfrecord-00006-of-01000,45,training,A,CORE,MERGE_CONTEXT_ELIGIBLE,HIGH,2,SAFETY_CRITICAL_UNCERTAIN,LOW,HIGH,HIGH,accept,,False
training_tfexample.tfrecord-00006-of-01000#57__t64__179_185,training_tfexample.tfrecord-00006-of-01000#57__t64__179_185,eaeafbb174f01f6,training_tfexample.tfrecord-00006-of-01000#57,WOMD,training,training_tfexample.tfrecord-00006-of-01000,57,training,B,SUPPORT,MERGE_CONTEXT_ELIGIBLE,MEDIUM,1,SAFETY_CRITICAL_UNCERTAIN,LOW,LOW,HIGH,accept,,False
training_tfexample.tfrecord-00006-of-01000#60__t49__87_86,training_tfexample.tfrecord-00006-of-01000#60__t49__87_86,2faf26790e4f8b23,training_tfexample.tfrecord-00006-of-01000#60,WOMD,training,training_tfexample.tfrecord-00006-of-01000,60,training,A,CORE,MERGE_CONTEXT_ELIGIBLE,HIGH,2,SAFETY_CRITICAL_UNCERTAIN,LOW,HIGH,HIGH,accept,,False
training_tfexample.tfrecord-00006-of-01000#68__t70__150_188,training_tfexample.tfrecord-00006-of-01000#68__t70__150_188,adefb0ad19cfd6db,training_tfexample.tfrecord-00006-of-01000#68,WOMD,training,training_tfexample.tfrecord-00006-of-01000,68,training,A,CORE,MERGE_CONTEXT_ELIGIBLE,HIGH,2,SAFETY_CRITICAL_UNCERTAIN,LOW,HIGH,HIGH,accept,,False
training_tfexample.tfrecord-00006-of-01000#71__t7__230_245,training_tfexample.tfrecord-00006-of-01000#71__t7__230_245,441493186bd22414,training_tfexample.tfrecord-00006-of-01000#71,WOMD,training,training_tfexample.tfrecord-00006-of-01000,71,training,B,SUPPORT,MERGE_CONTEXT_ELIGIBLE,MEDIUM,1,SAFETY_CRITICAL_UNCERTAIN,LOW,LOW,HIGH,accept,,False
training_tfexample.tfrecord-00006-of-01000#73__t90__78_80,training_tfexample.tfrecord-00006-of-01000#73__t90__78_80,210e48853b92c2a5,training_tfexample.tfrecord-00006-of-01000#73,WOMD,training,training_tfexample.tfrecord-00006-of-01000,73,training,B,SUPPORT,MERGE_CONTEXT_ELIGIBLE,LOW,1,APPROACH_KEEP_CONTEXT,MEDIUM,LOW,LOW,reject,target_not_stable,False
training_tfexample.tfrecord-00006-of-01000#83__t58__1143_1131,training_tfexample.tfrecord-00006-of-01000#83__t58__1143_1131,df581fa1f9c2d9d8,training_tfexample.tfrecord-00006-of-01000#83,WOMD,training,training_tfexample.tfrecord-00006-of-01000,83,training,B,SUPPORT,MERGE_CONTEXT_ELIGIBLE,MEDIUM,1,REAR_PRESSURE,LOW,LOW,HIGH,accept,,False
training_tfexample.tfrecord-00006-of-01000#83__t87__1105_1084,training_tfexample.tfrecord-00006-of-01000#83__t87__1105_1084,df581fa1f9c2d9d8,training_tfexample.tfrecord-00006-of-01000#83,WOMD,training,training_tfexample.tfrecord-00006-of-01000,83,training,B,SUPPORT,MERGE_CONTEXT_ELIGIBLE,MEDIUM,1,REAR_PRESSURE,LOW,LOW,HIGH,reject,target_not_stable,False
training_tfexample.tfrecord-00006-of-01000#84__t23__183_152,training_tfexample.tfrecord-00006-of-01000#84__t23__183_152,5d5a83415aa965fc,training_tfexample.tfrecord-00006-of-01000#84,WOMD,training,training_tfexample.tfrecord-00006-of-01000,84,training,A,CORE,MERGE_CONTEXT_ELIGIBLE,HIGH,2,SAFETY_CRITICAL_UNCERTAIN,LOW,HIGH,HIGH,reject,gap_order_not_persistent,False
training_tfexample.tfrecord-00006-of-01000#88__t61__198_172,training_tfexample.tfrecord-00006-of-01000#88__t61__198_172,601c21fa54270222,training_tfexample.tfrecord-00006-of-01000#88,WOMD,training,training_tfexample.tfrecord-00006-of-01000,88,training,A,CORE,MERGE_CONTEXT_ELIGIBLE,MEDIUM,2,FRONT_CONSTRAINED,HIGH,LOW,MEDIUM,accept,,False
training_tfexample.tfrecord-00006-of-01000#90__t32__422_426,training_tfexample.tfrecord-00006-of-01000#90__t32__422_426,cd0d3ac4056ba2c4,training_tfexample.tfrecord-00006-of-01000#90,WOMD,training,training_tfexample.tfrecord-00006-of-01000,90,training,B,SUPPORT,MERGE_CONTEXT_ELIGIBLE,MEDIUM,1,SAFETY_CRITICAL_UNCERTAIN,LOW,LOW,HIGH,accept,,False
training_tfexample.tfrecord-00006-of-01000#101__t55__369_671,training_tfexample.tfrecord-00006-of-01000#101__t55__369_671,5be5f373bb92a7e8,training_tfexample.tfrecord-00006-of-01000#101,WOMD,training,training_tfexample.tfrecord-00006-of-01000,101,training,A,CORE,MERGE_CONTEXT_ELIGIBLE,HIGH,2,BOTH_SIDES_CONSTRAINED,LOW,HIGH,HIGH,accept,,False
training_tfexample.tfrecord-00006-of-01000#103__t31__268_279,training_tfexample.tfrecord-00006-of-01000#103__t31__268_279,9d2dcd87407d4090,training_tfexample.tfrecord-00006-of-01000#103,WOMD,training,training_tfexample.tfrecord-00006-of-01000,103,training,A,CORE,MERGE_CONTEXT_ELIGIBLE,HIGH,2,SAFETY_CRITICAL_UNCERTAIN,LOW,HIGH,HIGH,accept,,False
training_tfexample.tfrecord-00006-of-01000#103__t88__685_683,training_tfexample.tfrecord-00006-of-01000#103__t88__685_683,9d2dcd87407d4090,training_tfexample.tfrecord-00006-of-01000#103,WOMD,training,training_tfexample.tfrecord-00006-of-01000,103,training,A,CORE,MERGE_CONTEXT_ELIGIBLE,HIGH,2,SAFETY_CRITICAL_UNCERTAIN,LOW,HIGH,HIGH,reject,target_not_stable,False
training_tfexample.tfrecord-00006-of-01000#106__t67__660_325,training_tfexample.tfrecord-00006-of-01000#106__t67__660_325,8e0b1df2810bd541,training_tfexample.tfrecord-00006-of-01000#106,WOMD,training,training_tfexample.tfrecord-00006-of-01000,106,training,A,CORE,MERGE_CONTEXT_ELIGIBLE,HIGH,3,SAFETY_CRITICAL_UNCERTAIN,HIGH,MEDIUM,MEDIUM,accept,,False
training_tfexample.tfrecord-00006-of-01000#124__t66__391_413,training_tfexample.tfrecord-00006-of-01000#124__t66__391_413,d09040dad09d96dd,training_tfexample.tfrecord-00006-of-01000#124,WOMD,training,training_tfexample.tfrecord-00006-of-01000,124,training,A,CORE,MERGE_CONTEXT_ELIGIBLE,HIGH,3,BOTH_SIDES_CONSTRAINED,HIGH,HIGH,MEDIUM,accept,,False
training_tfexample.tfrecord-00006-of-01000#126__t60__211_220,training_tfexample.tfrecord-00006-of-01000#126__t60__211_220,2fe08d6b3e7f5d68,training_tfexample.tfrecord-00006-of-01000#126,WOMD,training,training_tfexample.tfrecord-00006-of-01000,126,training,A,CORE,MERGE_CONTEXT_ELIGIBLE,HIGH,2,SAFETY_CRITICAL_UNCERTAIN,LOW,HIGH,HIGH,accept,,False
training_tfexample.tfrecord-00006-of-01000#134__t41__287_292,training_tfexample.tfrecord-00006-of-01000#134__t41__287_292,cce3b0959eb88737,training_tfexample.tfrecord-00006-of-01000#134,WOMD,training,training_tfexample.tfrecord-00006-of-01000,134,training,A,CORE,MERGE_CONTEXT_ELIGIBLE,MEDIUM,2,FRONT_CONSTRAINED,HIGH,LOW,MEDIUM,accept,,False
training_tfexample.tfrecord-00006-of-01000#142__t89__405_427,training_tfexample.tfrecord-00006-of-01000#142__t89__405_427,7329d0e606329e,training_tfexample.tfrecord-00006-of-01000#142,WOMD,training,training_tfexample.tfrecord-00006-of-01000,142,training,B,SUPPORT,MERGE_CONTEXT_ELIGIBLE,LOW,1,APPROACH_KEEP_CONTEXT,MEDIUM,LOW,LOW,reject,target_not_stable,False
training_tfexample.tfrecord-00006-of-01000#144__t45__119_103,training_tfexample.tfrecord-00006-of-01000#144__t45__119_103,d12891457dd12e99,training_tfexample.tfrecord-00006-of-01000#144,WOMD,training,training_tfexample.tfrecord-00006-of-01000,144,training,A,CORE,MERGE_CONTEXT_ELIGIBLE,HIGH,2,SAFETY_CRITICAL_UNCERTAIN,LOW,HIGH,HIGH,accept,,True
training_tfexample.tfrecord-00006-of-01000#146__t90__285_253,training_tfexample.tfrecord-00006-of-01000#146__t90__285_253,936264d74ae1363f,training_tfexample.tfrecord-00006-of-01000#146,WOMD,training,training_tfexample.tfrecord-00006-of-01000,146,training,A,CORE,MERGE_CONTEXT_ELIGIBLE,MEDIUM,2,WEAK_INTERACTION,MEDIUM,LOW,MEDIUM,reject,target_not_stable,False
training_tfexample.tfrecord-00006-of-01000#149__t9__368_366,training_tfexample.tfrecord-00006-of-01000#149__t9__368_366,5f74099ba65121f0,training_tfexample.tfrecord-00006-of-01000#149,WOMD,training,training_tfexample.tfrecord-00006-of-01000,149,training,B,SUPPORT,MERGE_CONTEXT_ELIGIBLE,MEDIUM,1,REAR_PRESSURE,LOW,LOW,HIGH,accept,,False
training_tfexample.tfrecord-00006-of-01000#149__t25__334_329,training_tfexample.tfrecord-00006-of-01000#149__t25__334_329,5f74099ba65121f0,training_tfexample.tfrecord-00006-of-01000#149,WOMD,training,training_tfexample.tfrecord-00006-of-01000,149,training,B,SUPPORT,MERGE_CONTEXT_ELIGIBLE,MEDIUM,1,REAR_PRESSURE,LOW,LOW,MEDIUM,accept,,False
training_tfexample.tfrecord-00006-of-01000#149__t48__323_306,training_tfexample.tfrecord-00006-of-01000#149__t48__323_306,5f74099ba65121f0,training_tfexample.tfrecord-00006-of-01000#149,WOMD,training,training_tfexample.tfrecord-00006-of-01000,149,training,B,SUPPORT,MERGE_CONTEXT_ELIGIBLE,LOW,1,WEAK_INTERACTION,LOW,LOW,MEDIUM,accept,,False
training_tfexample.tfrecord-00006-of-01000#150__t29__252_262,training_tfexample.tfrecord-00006-of-01000#150__t29__252_262,f0f82583a560b5b4,training_tfexample.tfrecord-00006-of-01000#150,WOMD,training,training_tfexample.tfrecord-00006-of-01000,150,training,A,CORE,MERGE_CONTEXT_ELIGIBLE,HIGH,2,BOTH_SIDES_CONSTRAINED,LOW,HIGH,HIGH,accept,,False
training_tfexample.tfrecord-00006-of-01000#175__t48__747_757,training_tfexample.tfrecord-00006-of-01000#175__t48__747_757,3058e7c0ce7482ca,training_tfexample.tfrecord-00006-of-01000#175,WOMD,training,training_tfexample.tfrecord-00006-of-01000,175,training,A,CORE,MERGE_CONTEXT_ELIGIBLE,HIGH,2,BOTH_SIDES_CONSTRAINED,LOW,HIGH,HIGH,accept,,False
training_tfexample.tfrecord-00006-of-01000#178__t68__134_142,training_tfexample.tfrecord-00006-of-01000#178__t68__134_142,e35d5e47772a7e04,training_tfexample.tfrecord-00006-of-01000#178,WOMD,training,training_tfexample.tfrecord-00006-of-01000,178,training,B,SUPPORT,MERGE_CONTEXT_ELIGIBLE,MEDIUM,1,SAFETY_CRITICAL_UNCERTAIN,LOW,LOW,HIGH,accept,,False
training_tfexample.tfrecord-00006-of-01000#191__t11__358_366,training_tfexample.tfrecord-00006-of-01000#191__t11__358_366,901f47a1ea188fef,training_tfexample.tfrecord-00006-of-01000#191,WOMD,training,training_tfexample.tfrecord-00006-of-01000,191,training,B,SUPPORT,MERGE_CONTEXT_ELIGIBLE,MEDIUM,1,SAFETY_CRITICAL_UNCERTAIN,LOW,LOW,HIGH,accept,,False
training_tfexample.tfrecord-00006-of-01000#194__t78__558_686,training_tfexample.tfrecord-00006-of-01000#194__t78__558_686,c5710d942a2173fb,training_tfexample.tfrecord-00006-of-01000#194,WOMD,training,training_tfexample.tfrecord-00006-of-01000,194,training,B,SUPPORT,MERGE_CONTEXT_ELIGIBLE,MEDIUM,1,FRONT_CONSTRAINED,LOW,LOW,MEDIUM,accept,,False
training_tfexample.tfrecord-00006-of-01000#214__t38__312_365,training_tfexample.tfrecord-00006-of-01000#214__t38__312_365,c829d15a97c8dec3,training_tfexample.tfrecord-00006-of-01000#214,WOMD,training,training_tfexample.tfrecord-00006-of-01000,214,training,B,SUPPORT,MERGE_CONTEXT_ELIGIBLE,MEDIUM,1,REAR_PRESSURE,LOW,LOW,HIGH,accept,,False
training_tfexample.tfrecord-00006-of-01000#215__t17__281_269,training_tfexample.tfrecord-00006-of-01000#215__t17__281_269,86717017e919031,training_tfexample.tfrecord-00006-of-01000#215,WOMD,training,training_tfexample.tfrecord-00006-of-01000,215,training,A,CORE,MERGE_CONTEXT_ELIGIBLE,HIGH,2,SAFETY_CRITICAL_UNCERTAIN,LOW,HIGH,HIGH,accept,,False
training_tfexample.tfrecord-00006-of-01000#235__t39__655_649,training_tfexample.tfrecord-00006-of-01000#235__t39__655_649,45f5c9164f05174b,training_tfexample.tfrecord-00006-of-01000#235,WOMD,training,training_tfexample.tfrecord-00006-of-01000,235,training,A,CORE,MERGE_CONTEXT_ELIGIBLE,HIGH,2,BOTH_SIDES_CONSTRAINED,LOW,HIGH,HIGH,accept,,False
training_tfexample.tfrecord-00006-of-01000#240__t55__478_470,training_tfexample.tfrecord-00006-of-01000#240__t55__478_470,8ff934343c256fd7,training_tfexample.tfrecord-00006-of-01000#240,WOMD,training,training_tfexample.tfrecord-00006-of-01000,240,training,B,SUPPORT,MERGE_CONTEXT_ELIGIBLE,MEDIUM,1,SAFETY_CRITICAL_UNCERTAIN,LOW,LOW,HIGH,accept,,False
training_tfexample.tfrecord-00006-of-01000#242__t15__425_417,training_tfexample.tfrecord-00006-of-01000#242__t15__425_417,7a448c8450ade294,training_tfexample.tfrecord-00006-of-01000#242,WOMD,training,training_tfexample.tfrecord-00006-of-01000,242,training,B,SUPPORT,MERGE_CONTEXT_ELIGIBLE,MEDIUM,1,SAFETY_CRITICAL_UNCERTAIN,LOW,LOW,HIGH,reject,gap_order_not_persistent,False
training_tfexample.tfrecord-00006-of-01000#244__t54__376_388,training_tfexample.tfrecord-00006-of-01000#244__t54__376_388,5a5cc4f86f919f34,training_tfexample.tfrecord-00006-of-01000#244,WOMD,training,training_tfexample.tfrecord-00006-of-01000,244,training,A,CORE,MERGE_CONTEXT_ELIGIBLE,HIGH,3,BOTH_SIDES_CONSTRAINED,HIGH,MEDIUM,MEDIUM,accept,,False
training_tfexample.tfrecord-00006-of-01000#250__t77__351_339,training_tfexample.tfrecord-00006-of-01000#250__t77__351_339,645284651b1caf0f,training_tfexample.tfrecord-00006-of-01000#250,WOMD,training,training_tfexample.tfrecord-00006-of-01000,250,training,B,SUPPORT,MERGE_CONTEXT_ELIGIBLE,MEDIUM,1,FRONT_CONSTRAINED,LOW,LOW,MEDIUM,accept,,False
training_tfexample.tfrecord-00006-of-01000#256__t33__341_332,training_tfexample.tfrecord-00006-of-01000#256__t33__341_332,cf7cd1f17d16a38f,training_tfexample.tfrecord-00006-of-01000#256,WOMD,training,training_tfexample.tfrecord-00006-of-01000,256,training,B,SUPPORT,MERGE_CONTEXT_ELIGIBLE,MEDIUM,1,FRONT_CONSTRAINED,LOW,LOW,HIGH,accept,,False
training_tfexample.tfrecord-00006-of-01000#258__t34__158_170,training_tfexample.tfrecord-00006-of-01000#258__t34__158_170,311f0ab23ab0877a,training_tfexample.tfrecord-00006-of-01000#258,WOMD,training,training_tfexample.tfrecord-00006-of-01000,258,training,B,SUPPORT,MERGE_CONTEXT_ELIGIBLE,MEDIUM,1,FRONT_CONSTRAINED,LOW,LOW,HIGH,accept,,False
training_tfexample.tfrecord-00006-of-01000#260__t73__369_377,training_tfexample.tfrecord-00006-of-01000#260__t73__369_377,199793e3a5456bdd,training_tfexample.tfrecord-00006-of-01000#260,WOMD,training,training_tfexample.tfrecord-00006-of-01000,260,training,B,SUPPORT,MERGE_CONTEXT_ELIGIBLE,MEDIUM,1,SAFETY_CRITICAL_UNCERTAIN,LOW,LOW,HIGH,accept,,False
training_tfexample.tfrecord-00006-of-01000#284__t85__88_95,training_tfexample.tfrecord-00006-of-01000#284__t85__88_95,e9a7c5d657b9084f,training_tfexample.tfrecord-00006-of-01000#284,WOMD,training,training_tfexample.tfrecord-00006-of-01000,284,training,B,SUPPORT,MERGE_CONTEXT_ELIGIBLE,MEDIUM,1,FRONT_CONSTRAINED,LOW,LOW,HIGH,accept,,False
training_tfexample.tfrecord-00006-of-01000#287__t87__104_98,training_tfexample.tfrecord-00006-of-01000#287__t87__104_98,c10f1fe8e9c36cb2,training_tfexample.tfrecord-00006-of-01000#287,WOMD,training,training_tfexample.tfrecord-00006-of-01000,287,training,A,CORE,MERGE_CONTEXT_ELIGIBLE,HIGH,3,BOTH_SIDES_CONSTRAINED,HIGH,HIGH,MEDIUM,reject,target_not_stable,False
training_tfexample.tfrecord-00006-of-01000#288__t77__204_197,training_tfexample.tfrecord-00006-of-01000#288__t77__204_197,337212b4aeeed147,training_tfexample.tfrecord-00006-of-01000#288,WOMD,training,training_tfexample.tfrecord-00006-of-01000,288,training,A,CORE,MERGE_CONTEXT_ELIGIBLE,HIGH,3,BOTH_SIDES_CONSTRAINED,MEDIUM,HIGH,MEDIUM,accept,,False
training_tfexample.tfrecord-00006-of-01000#296__t51__604_611,training_tfexample.tfrecord-00006-of-01000#296__t51__604_611,aad41cf2ea34bc1c,training_tfexample.tfrecord-00006-of-01000#296,WOMD,training,training_tfexample.tfrecord-00006-of-01000,296,training,A,CORE,MERGE_CONTEXT_ELIGIBLE,HIGH,2,SAFETY_CRITICAL_UNCERTAIN,LOW,HIGH,HIGH,accept,,False
training_tfexample.tfrecord-00006-of-01000#300__t45__1074_1210,training_tfexample.tfrecord-00006-of-01000#300__t45__1074_1210,da46d5fad589a57b,training_tfexample.tfrecord-00006-of-01000#300,WOMD,training,training_tfexample.tfrecord-00006-of-01000,300,training,A,CORE,MERGE_CONTEXT_ELIGIBLE,HIGH,3,APPROACH_KEEP_CONTEXT,MEDIUM,MEDIUM,MEDIUM,accept,,False
training_tfexample.tfrecord-00006-of-01000#306__t65__406_389,training_tfexample.tfrecord-00006-of-01000#306__t65__406_389,181abed0ab168ce1,training_tfexample.tfrecord-00006-of-01000#306,WOMD,training,training_tfexample.tfrecord-00006-of-01000,306,training,A,CORE,MERGE_CONTEXT_ELIGIBLE,HIGH,2,BOTH_SIDES_CONSTRAINED,LOW,HIGH,HIGH,accept,,False
training_tfexample.tfrecord-00006-of-01000#311__t35__448_450,training_tfexample.tfrecord-00006-of-01000#311__t35__448_450,7a3a3cb808343c48,training_tfexample.tfrecord-00006-of-01000#311,WOMD,training,training_tfexample.tfrecord-00006-of-01000,311,training,A,CORE,MERGE_CONTEXT_ELIGIBLE,HIGH,2,SAFETY_CRITICAL_UNCERTAIN,LOW,HIGH,HIGH,accept,,False
training_tfexample.tfrecord-00006-of-01000#318__t16__518_523,training_tfexample.tfrecord-00006-of-01000#318__t16__518_523,d31b37f959565b31,training_tfexample.tfrecord-00006-of-01000#318,WOMD,training,training_tfexample.tfrecord-00006-of-01000,318,training,B,SUPPORT,MERGE_CONTEXT_ELIGIBLE,MEDIUM,1,FRONT_CONSTRAINED,LOW,LOW,HIGH,accept,,False
training_tfexample.tfrecord-00006-of-01000#318__t88__558_552,training_tfexample.tfrecord-00006-of-01000#318__t88__558_552,d31b37f959565b31,training_tfexample.tfrecord-00006-of-01000#318,WOMD,training,training_tfexample.tfrecord-00006-of-01000,318,training,B,SUPPORT,MERGE_CONTEXT_ELIGIBLE,MEDIUM,1,FRONT_CONSTRAINED,LOW,LOW,HIGH,reject,target_not_stable,False
training_tfexample.tfrecord-00006-of-01000#321__t14__151_140,training_tfexample.tfrecord-00006-of-01000#321__t14__151_140,e057bb66c713dfd0,training_tfexample.tfrecord-00006-of-01000#321,WOMD,training,training_tfexample.tfrecord-00006-of-01000,321,training,B,SUPPORT,MERGE_CONTEXT_ELIGIBLE,MEDIUM,1,SAFETY_CRITICAL_UNCERTAIN,LOW,LOW,HIGH,accept,,False
training_tfexample.tfrecord-00006-of-01000#323__t53__96_98,training_tfexample.tfrecord-00006-of-01000#323__t53__96_98,dc85c136ec74bacb,training_tfexample.tfrecord-00006-of-01000#323,WOMD,training,training_tfexample.tfrecord-00006-of-01000,323,training,A,CORE,MERGE_CONTEXT_ELIGIBLE,HIGH,2,BOTH_SIDES_CONSTRAINED,LOW,HIGH,HIGH,accept,,False
training_tfexample.tfrecord-00006-of-01000#328__t73__96_98,training_tfexample.tfrecord-00006-of-01000#328__t73__96_98,a8bf485d22f0a496,training_tfexample.tfrecord-00006-of-01000#328,WOMD,training,training_tfexample.tfrecord-00006-of-01000,328,training,A,CORE,MERGE_CONTEXT_ELIGIBLE,HIGH,2,BOTH_SIDES_CONSTRAINED,LOW,HIGH,HIGH,accept,,False
training_tfexample.tfrecord-00006-of-01000#329__t15__1059_1068,training_tfexample.tfrecord-00006-of-01000#329__t15__1059_1068,69cd0409ac66ccbc,training_tfexample.tfrecord-00006-of-01000#329,WOMD,training,training_tfexample.tfrecord-00006-of-01000,329,training,A,CORE,MERGE_CONTEXT_ELIGIBLE,HIGH,2,BOTH_SIDES_CONSTRAINED,LOW,HIGH,HIGH,accept,,False
training_tfexample.tfrecord-00006-of-01000#330__t70__333_326,training_tfexample.tfrecord-00006-of-01000#330__t70__333_326,160b27004fdaa7dc,training_tfexample.tfrecord-00006-of-01000#330,WOMD,training,training_tfexample.tfrecord-00006-of-01000,330,training,B,SUPPORT,MERGE_CONTEXT_ELIGIBLE,MEDIUM,1,SAFETY_CRITICAL_UNCERTAIN,LOW,LOW,HIGH,accept,,False
training_tfexample.tfrecord-00006-of-01000#332__t84__1243_1229,training_tfexample.tfrecord-00006-of-01000#332__t84__1243_1229,f57f98a68ab82ceb,training_tfexample.tfrecord-00006-of-01000#332,WOMD,training,training_tfexample.tfrecord-00006-of-01000,332,training,B,SUPPORT,MERGE_CONTEXT_ELIGIBLE,LOW,1,WEAK_INTERACTION,LOW,LOW,MEDIUM,accept,,False
training_tfexample.tfrecord-00006-of-01000#338__t84__686_387,training_tfexample.tfrecord-00006-of-01000#338__t84__686_387,b100c662704d2789,training_tfexample.tfrecord-00006-of-01000#338,WOMD,training,training_tfexample.tfrecord-00006-of-01000,338,training,A,CORE,MERGE_CONTEXT_ELIGIBLE,HIGH,3,BOTH_SIDES_CONSTRAINED,MEDIUM,MEDIUM,MEDIUM,accept,,False
training_tfexample.tfrecord-00006-of-01000#340__t40__355_256,training_tfexample.tfrecord-00006-of-01000#340__t40__355_256,3a42f44352165cf1,training_tfexample.tfrecord-00006-of-01000#340,WOMD,training,training_tfexample.tfrecord-00006-of-01000,340,training,B,SUPPORT,MERGE_CONTEXT_ELIGIBLE,LOW,1,WEAK_INTERACTION,LOW,LOW,MEDIUM,accept,,False
training_tfexample.tfrecord-00006-of-01000#342__t16__295_491,training_tfexample.tfrecord-00006-of-01000#342__t16__295_491,76644c3d6be0254b,training_tfexample.tfrecord-00006-of-01000#342,WOMD,training,training_tfexample.tfrecord-00006-of-01000,342,training,A,CORE,MERGE_CONTEXT_ELIGIBLE,HIGH,2,SAFETY_CRITICAL_UNCERTAIN,LOW,HIGH,HIGH,accept,,False
training_tfexample.tfrecord-00006-of-01000#353__t59__189_266,training_tfexample.tfrecord-00006-of-01000#353__t59__189_266,4f97d9e7cb2bb17f,training_tfexample.tfrecord-00006-of-01000#353,WOMD,training,training_tfexample.tfrecord-00006-of-01000,353,training,A,CORE,MERGE_CONTEXT_ELIGIBLE,HIGH,2,SAFETY_CRITICAL_UNCERTAIN,LOW,HIGH,HIGH,accept,,False
training_tfexample.tfrecord-00006-of-01000#353__t71__266_161,training_tfexample.tfrecord-00006-of-01000#353__t71__266_161,4f97d9e7cb2bb17f,training_tfexample.tfrecord-00006-of-01000#353,WOMD,training,training_tfexample.tfrecord-00006-of-01000,353,training,B,SUPPORT,MERGE_CONTEXT_ELIGIBLE,MEDIUM,1,SAFETY_CRITICAL_UNCERTAIN,LOW,LOW,HIGH,accept,,False
training_tfexample.tfrecord-00006-of-01000#359__t21__647_670,training_tfexample.tfrecord-00006-of-01000#359__t21__647_670,5ee7146e067fc13e,training_tfexample.tfrecord-00006-of-01000#359,WOMD,training,training_tfexample.tfrecord-00006-of-01000,359,training,B,SUPPORT,MERGE_CONTEXT_ELIGIBLE,MEDIUM,1,SAFETY_CRITICAL_UNCERTAIN,LOW,LOW,HIGH,accept,,False
training_tfexample.tfrecord-00006-of-01000#366__t77__151_267,training_tfexample.tfrecord-00006-of-01000#366__t77__151_267,257c1704431dd066,training_tfexample.tfrecord-00006-of-01000#366,WOMD,training,training_tfexample.tfrecord-00006-of-01000,366,training,B,SUPPORT,MERGE_CONTEXT_ELIGIBLE,MEDIUM,1,SAFETY_CRITICAL_UNCERTAIN,LOW,LOW,HIGH,accept,,False
training_tfexample.tfrecord-00006-of-01000#368__t72__384_380,training_tfexample.tfrecord-00006-of-01000#368__t72__384_380,a04cfbeb207a8a90,training_tfexample.tfrecord-00006-of-01000#368,WOMD,training,training_tfexample.tfrecord-00006-of-01000,368,training,B,SUPPORT,MERGE_CONTEXT_ELIGIBLE,MEDIUM,1,SAFETY_CRITICAL_UNCERTAIN,LOW,LOW,HIGH,accept,,False
training_tfexample.tfrecord-00006-of-01000#377__t33__199_238,training_tfexample.tfrecord-00006-of-01000#377__t33__199_238,6b0a53aef814ae56,training_tfexample.tfrecord-00006-of-01000#377,WOMD,training,training_tfexample.tfrecord-00006-of-01000,377,training,B,SUPPORT,MERGE_CONTEXT_ELIGIBLE,MEDIUM,1,SAFETY_CRITICAL_UNCERTAIN,LOW,LOW,HIGH,accept,,False
training_tfexample.tfrecord-00006-of-01000#381__t79__217_210,training_tfexample.tfrecord-00006-of-01000#381__t79__217_210,7a7e73cf4cab14c4,training_tfexample.tfrecord-00006-of-01000#381,WOMD,training,training_tfexample.tfrecord-00006-of-01000,381,training,B,SUPPORT,MERGE_CONTEXT_ELIGIBLE,MEDIUM,1,FRONT_CONSTRAINED,LOW,LOW,MEDIUM,accept,,False
training_tfexample.tfrecord-00006-of-01000#384__t23__652_445,training_tfexample.tfrecord-00006-of-01000#384__t23__652_445,1da97bee1bdcbbf8,training_tfexample.tfrecord-00006-of-01000#384,WOMD,training,training_tfexample.tfrecord-00006-of-01000,384,training,A,CORE,MERGE_CONTEXT_ELIGIBLE,HIGH,2,SAFETY_CRITICAL_UNCERTAIN,LOW,HIGH,HIGH,accept,,False
training_tfexample.tfrecord-00006-of-01000#391__t48__218_233,training_tfexample.tfrecord-00006-of-01000#391__t48__218_233,a2e058349b97b71,training_tfexample.tfrecord-00006-of-01000#391,WOMD,training,training_tfexample.tfrecord-00006-of-01000,391,training,A,CORE,MERGE_CONTEXT_ELIGIBLE,HIGH,3,SAFETY_CRITICAL_UNCERTAIN,HIGH,HIGH,MEDIUM,accept,,False
training_tfexample.tfrecord-00006-of-01000#393__t46__103_96,training_tfexample.tfrecord-00006-of-01000#393__t46__103_96,cf608590d35815d6,training_tfexample.tfrecord-00006-of-01000#393,WOMD,training,training_tfexample.tfrecord-00006-of-01000,393,training,B,SUPPORT,MERGE_CONTEXT_ELIGIBLE,MEDIUM,1,SAFETY_CRITICAL_UNCERTAIN,LOW,LOW,HIGH,accept,,False
training_tfexample.tfrecord-00006-of-01000#394__t25__266_390,training_tfexample.tfrecord-00006-of-01000#394__t25__266_390,77f2c0b610946249,training_tfexample.tfrecord-00006-of-01000#394,WOMD,training,training_tfexample.tfrecord-00006-of-01000,394,training,A,CORE,MERGE_CONTEXT_ELIGIBLE,HIGH,2,SAFETY_CRITICAL_UNCERTAIN,LOW,HIGH,HIGH,accept,,False
training_tfexample.tfrecord-00006-of-01000#395__t45__157_143,training_tfexample.tfrecord-00006-of-01000#395__t45__157_143,97aacb1b3fb0734e,training_tfexample.tfrecord-00006-of-01000#395,WOMD,training,training_tfexample.tfrecord-00006-of-01000,395,training,A,CORE,MERGE_CONTEXT_ELIGIBLE,MEDIUM,2,FRONT_CONSTRAINED,MEDIUM,LOW,MEDIUM,accept,,False
training_tfexample.tfrecord-00006-of-01000#396__t14__704_713,training_tfexample.tfrecord-00006-of-01000#396__t14__704_713,6290948cb0599a0e,training_tfexample.tfrecord-00006-of-01000#396,WOMD,training,training_tfexample.tfrecord-00006-of-01000,396,training,B,SUPPORT,MERGE_CONTEXT_ELIGIBLE,MEDIUM,1,SAFETY_CRITICAL_UNCERTAIN,LOW,LOW,HIGH,accept,,False
training_tfexample.tfrecord-00006-of-01000#407__t75__27_26,training_tfexample.tfrecord-00006-of-01000#407__t75__27_26,3796c464ab4e7062,training_tfexample.tfrecord-00006-of-01000#407,WOMD,training,training_tfexample.tfrecord-00006-of-01000,407,training,A,CORE,MERGE_CONTEXT_ELIGIBLE,HIGH,3,BOTH_SIDES_CONSTRAINED,HIGH,HIGH,MEDIUM,accept,,False
training_tfexample.tfrecord-00006-of-01000#411__t83__170_158,training_tfexample.tfrecord-00006-of-01000#411__t83__170_158,f00cdfd9728bf279,training_tfexample.tfrecord-00006-of-01000#411,WOMD,training,training_tfexample.tfrecord-00006-of-01000,411,training,A,CORE,MERGE_CONTEXT_ELIGIBLE,HIGH,2,SAFETY_CRITICAL_UNCERTAIN,LOW,HIGH,HIGH,accept,,False
training_tfexample.tfrecord-00006-of-01000#413__t85__48_57,training_tfexample.tfrecord-00006-of-01000#413__t85__48_57,43c1abc8e840360a,training_tfexample.tfrecord-00006-of-01000#413,WOMD,training,training_tfexample.tfrecord-00006-of-01000,413,training,A,CORE,MERGE_CONTEXT_ELIGIBLE,MEDIUM,2,FRONT_CONSTRAINED,MEDIUM,LOW,MEDIUM,accept,,False
training_tfexample.tfrecord-00006-of-01000#420__t87__162_134,training_tfexample.tfrecord-00006-of-01000#420__t87__162_134,df7a434826042c07,training_tfexample.tfrecord-00006-of-01000#420,WOMD,training,training_tfexample.tfrecord-00006-of-01000,420,training,A,CORE,MERGE_CONTEXT_ELIGIBLE,HIGH,2,SAFETY_CRITICAL_UNCERTAIN,LOW,HIGH,HIGH,reject,target_not_stable,False
training_tfexample.tfrecord-00006-of-01000#422__t24__113_118,training_tfexample.tfrecord-00006-of-01000#422__t24__113_118,5342ef3aa412a4f7,training_tfexample.tfrecord-00006-of-01000#422,WOMD,training,training_tfexample.tfrecord-00006-of-01000,422,training,B,SUPPORT,MERGE_CONTEXT_ELIGIBLE,MEDIUM,1,FRONT_CONSTRAINED,LOW,LOW,HIGH,accept,,False
training_tfexample.tfrecord-00006-of-01000#428__t60__136_133,training_tfexample.tfrecord-00006-of-01000#428__t60__136_133,5d5790a23c683702,training_tfexample.tfrecord-00006-of-01000#428,WOMD,training,training_tfexample.tfrecord-00006-of-01000,428,training,A,CORE,MERGE_CONTEXT_ELIGIBLE,HIGH,3,BOTH_SIDES_CONSTRAINED,HIGH,MEDIUM,MEDIUM,accept,,False
training_tfexample.tfrecord-00006-of-01000#430__t35__152_157,training_tfexample.tfrecord-00006-of-01000#430__t35__152_157,92d1a95d36bf92bc,training_tfexample.tfrecord-00006-of-01000#430,WOMD,training,training_tfexample.tfrecord-00006-of-01000,430,training,B,SUPPORT,MERGE_CONTEXT_ELIGIBLE,MEDIUM,1,SAFETY_CRITICAL_UNCERTAIN,LOW,LOW,HIGH,accept,,False
training_tfexample.tfrecord-00006-of-01000#435__t16__120_153,training_tfexample.tfrecord-00006-of-01000#435__t16__120_153,1f3277f5dd373da,training_tfexample.tfrecord-00006-of-01000#435,WOMD,training,training_tfexample.tfrecord-00006-of-01000,435,training,B,SUPPORT,MERGE_CONTEXT_ELIGIBLE,MEDIUM,1,FRONT_CONSTRAINED,LOW,LOW,MEDIUM,accept,,False
training_tfexample.tfrecord-00006-of-01000#438__t9__57_60,training_tfexample.tfrecord-00006-of-01000#438__t9__57_60,a986e036a4d7ebb3,training_tfexample.tfrecord-00006-of-01000#438,WOMD,training,training_tfexample.tfrecord-00006-of-01000,438,training,B,SUPPORT,MERGE_CONTEXT_ELIGIBLE,MEDIUM,1,SAFETY_CRITICAL_UNCERTAIN,LOW,LOW,HIGH,accept,,False
training_tfexample.tfrecord-00006-of-01000#449__t88__383_358,training_tfexample.tfrecord-00006-of-01000#449__t88__383_358,35e1b73be6d3ec25,training_tfexample.tfrecord-00006-of-01000#449,WOMD,training,training_tfexample.tfrecord-00006-of-01000,449,training,A,CORE,MERGE_CONTEXT_ELIGIBLE,HIGH,3,BOTH_SIDES_CONSTRAINED,HIGH,HIGH,MEDIUM,reject,target_not_stable,False
training_tfexample.tfrecord-00006-of-01000#453__t61__127_122,training_tfexample.tfrecord-00006-of-01000#453__t61__127_122,7ac4b69b18a68cae,training_tfexample.tfrecord-00006-of-01000#453,WOMD,training,training_tfexample.tfrecord-00006-of-01000,453,training,B,SUPPORT,MERGE_CONTEXT_ELIGIBLE,MEDIUM,1,SAFETY_CRITICAL_UNCERTAIN,LOW,LOW,HIGH,accept,,False
training_tfexample.tfrecord-00006-of-01000#460__t14__385_364,training_tfexample.tfrecord-00006-of-01000#460__t14__385_364,21884c90add2f127,training_tfexample.tfrecord-00006-of-01000#460,WOMD,training,training_tfexample.tfrecord-00006-of-01000,460,training,B,SUPPORT,MERGE_CONTEXT_ELIGIBLE,MEDIUM,1,SAFETY_CRITICAL_UNCERTAIN,LOW,LOW,HIGH,accept,,False
training_tfexample.tfrecord-00006-of-01000#476__t67__131_123,training_tfexample.tfrecord-00006-of-01000#476__t67__131_123,9be8a433986793c9,training_tfexample.tfrecord-00006-of-01000#476,WOMD,training,training_tfexample.tfrecord-00006-of-01000,476,training,A,CORE,MERGE_CONTEXT_ELIGIBLE,HIGH,3,BOTH_SIDES_CONSTRAINED,MEDIUM,HIGH,MEDIUM,accept,,False
training_tfexample.tfrecord-00006-of-01000#477__t62__505_531,training_tfexample.tfrecord-00006-of-01000#477__t62__505_531,b8506540a8624135,training_tfexample.tfrecord-00006-of-01000#477,WOMD,training,training_tfexample.tfrecord-00006-of-01000,477,training,A,CORE,MERGE_CONTEXT_ELIGIBLE,HIGH,2,SAFETY_CRITICAL_UNCERTAIN,LOW,HIGH,HIGH,accept,,False
training_tfexample.tfrecord-00006-of-01000#485__t21__405_427,training_tfexample.tfrecord-00006-of-01000#485__t21__405_427,e9daadc8921f1f7a,training_tfexample.tfrecord-00006-of-01000#485,WOMD,training,training_tfexample.tfrecord-00006-of-01000,485,training,A,CORE,MERGE_CONTEXT_ELIGIBLE,MEDIUM,2,FRONT_CONSTRAINED,MEDIUM,LOW,MEDIUM,accept,,False
training_tfexample.tfrecord-00006-of-01000#487__t89__188_193,training_tfexample.tfrecord-00006-of-01000#487__t89__188_193,ec84835e72bde21c,training_tfexample.tfrecord-00006-of-01000#487,WOMD,training,training_tfexample.tfrecord-00006-of-01000,487,training,A,CORE,MERGE_CONTEXT_ELIGIBLE,HIGH,2,BOTH_SIDES_CONSTRAINED,LOW,MEDIUM,HIGH,reject,target_not_stable,False
training_tfexample.tfrecord-00006-of-01000#489__t5__719_727,training_tfexample.tfrecord-00006-of-01000#489__t5__719_727,92a2fde92481f1ee,training_tfexample.tfrecord-00006-of-01000#489,WOMD,training,training_tfexample.tfrecord-00006-of-01000,489,training,A,CORE,MERGE_CONTEXT_ELIGIBLE,HIGH,2,SAFETY_CRITICAL_UNCERTAIN,LOW,HIGH,HIGH,accept,,False
training_tfexample.tfrecord-00006-of-01000#489__t49__693_686,training_tfexample.tfrecord-00006-of-01000#489__t49__693_686,92a2fde92481f1ee,training_tfexample.tfrecord-00006-of-01000#489,WOMD,training,training_tfexample.tfrecord-00006-of-01000,489,training,B,SUPPORT,MERGE_CONTEXT_ELIGIBLE,MEDIUM,1,FRONT_CONSTRAINED,LOW,LOW,HIGH,accept,,False
training_tfexample.tfrecord-00006-of-01000#489__t80__656_574,training_tfexample.tfrecord-00006-of-01000#489__t80__656_574,92a2fde92481f1ee,training_tfexample.tfrecord-00006-of-01000#489,WOMD,training,training_tfexample.tfrecord-00006-of-01000,489,training,B,SUPPORT,MERGE_CONTEXT_ELIGIBLE,MEDIUM,1,FRONT_CONSTRAINED,LOW,LOW,MEDIUM,accept,,False
training_tfexample.tfrecord-00006-of-01000#491__t81__298_303,training_tfexample.tfrecord-00006-of-01000#491__t81__298_303,fadbca1309f528e1,training_tfexample.tfrecord-00006-of-01000#491,WOMD,training,training_tfexample.tfrecord-00006-of-01000,491,training,A,CORE,MERGE_CONTEXT_ELIGIBLE,HIGH,3,BOTH_SIDES_CONSTRAINED,HIGH,MEDIUM,MEDIUM,accept,,False
training_tfexample.tfrecord-00006-of-01000#494__t49__947_948,training_tfexample.tfrecord-00006-of-01000#494__t49__947_948,3b1229c7ac920cc0,training_tfexample.tfrecord-00006-of-01000#494,WOMD,training,training_tfexample.tfrecord-00006-of-01000,494,training,B,SUPPORT,MERGE_CONTEXT_ELIGIBLE,MEDIUM,1,SAFETY_CRITICAL_UNCERTAIN,LOW,LOW,HIGH,reject,gap_order_not_persistent,False
training_tfexample.tfrecord-00006-of-01000#496__t22__350_360,training_tfexample.tfrecord-00006-of-01000#496__t22__350_360,96d8e56c479b0c18,training_tfexample.tfrecord-00006-of-01000#496,WOMD,training,training_tfexample.tfrecord-00006-of-01000,496,training,B,SUPPORT,MERGE_CONTEXT_ELIGIBLE,MEDIUM,1,FRONT_CONSTRAINED,LOW,LOW,HIGH,accept,,False
training_tfexample.tfrecord-00006-of-01000#497__t15__265_266,training_tfexample.tfrecord-00006-of-01000#497__t15__265_266,edd399a19019e22,training_tfexample.tfrecord-00006-of-01000#497,WOMD,training,training_tfexample.tfrecord-00006-of-01000,497,training,B,SUPPORT,MERGE_CONTEXT_ELIGIBLE,MEDIUM,1,SAFETY_CRITICAL_UNCERTAIN,LOW,LOW,HIGH,accept,,False
training_tfexample.tfrecord-00006-of-01000#499__t76__145_222,training_tfexample.tfrecord-00006-of-01000#499__t76__145_222,db2584fe785dca8a,training_tfexample.tfrecord-00006-of-01000#499,WOMD,training,training_tfexample.tfrecord-00006-of-01000,499,training,A,CORE,MERGE_CONTEXT_ELIGIBLE,HIGH,2,SAFETY_CRITICAL_UNCERTAIN,LOW,HIGH,HIGH,accept,,False
training_tfexample.tfrecord-00006-of-01000#504__t55__159_163,training_tfexample.tfrecord-00006-of-01000#504__t55__159_163,31fe4a8c7afb0685,training_tfexample.tfrecord-00006-of-01000#504,WOMD,training,training_tfexample.tfrecord-00006-of-01000,504,training,A,CORE,MERGE_CONTEXT_ELIGIBLE,HIGH,2,BOTH_SIDES_CONSTRAINED,LOW,HIGH,HIGH,accept,,False
training_tfexample.tfrecord-00006-of-01000#509__t54__457_467,training_tfexample.tfrecord-00006-of-01000#509__t54__457_467,d15ef5f8bc61bb1a,training_tfexample.tfrecord-00006-of-01000#509,WOMD,training,training_tfexample.tfrecord-00006-of-01000,509,training,B,SUPPORT,MERGE_CONTEXT_ELIGIBLE,MEDIUM,1,SAFETY_CRITICAL_UNCERTAIN,LOW,LOW,HIGH,accept,,False
training_tfexample.tfrecord-00006-of-01000#509__t65__467_776,training_tfexample.tfrecord-00006-of-01000#509__t65__467_776,d15ef5f8bc61bb1a,training_tfexample.tfrecord-00006-of-01000#509,WOMD,training,training_tfexample.tfrecord-00006-of-01000,509,training,A,CORE,MERGE_CONTEXT_ELIGIBLE,HIGH,2,SAFETY_CRITICAL_UNCERTAIN,LOW,HIGH,HIGH,accept,,False
training_tfexample.tfrecord-00006-of-01000#512__t44__349_342,training_tfexample.tfrecord-00006-of-01000#512__t44__349_342,e6ff53c788944e9c,training_tfexample.tfrecord-00006-of-01000#512,WOMD,training,training_tfexample.tfrecord-00006-of-01000,512,training,B,SUPPORT,MERGE_CONTEXT_ELIGIBLE,LOW,1,WEAK_INTERACTION,LOW,LOW,MEDIUM,accept,,False
training_tfexample.tfrecord-00007-of-01000#5__t72__600_616,training_tfexample.tfrecord-00007-of-01000#5__t72__600_616,6cd2c2abc768db69,training_tfexample.tfrecord-00007-of-01000#5,WOMD,training,training_tfexample.tfrecord-00007-of-01000,5,training,A,CORE,MERGE_CONTEXT_ELIGIBLE,MEDIUM,2,FRONT_CONSTRAINED,MEDIUM,LOW,MEDIUM,accept,,False
training_tfexample.tfrecord-00007-of-01000#13__t22__159_276,training_tfexample.tfrecord-00007-of-01000#13__t22__159_276,adecf321038a8f82,training_tfexample.tfrecord-00007-of-01000#13,WOMD,training,training_tfexample.tfrecord-00007-of-01000,13,training,B,SUPPORT,MERGE_CONTEXT_ELIGIBLE,LOW,1,WEAK_INTERACTION,LOW,LOW,MEDIUM,accept,,False
training_tfexample.tfrecord-00007-of-01000#15__t29__172_186,training_tfexample.tfrecord-00007-of-01000#15__t29__172_186,fd2bbc31c6b91f31,training_tfexample.tfrecord-00007-of-01000#15,WOMD,training,training_tfexample.tfrecord-00007-of-01000,15,training,A,CORE,MERGE_CONTEXT_ELIGIBLE,HIGH,2,SAFETY_CRITICAL_UNCERTAIN,LOW,MEDIUM,HIGH,accept,,False
training_tfexample.tfrecord-00007-of-01000#16__t52__199_205,training_tfexample.tfrecord-00007-of-01000#16__t52__199_205,bc8cd866e12c3f7b,training_tfexample.tfrecord-00007-of-01000#16,WOMD,training,training_tfexample.tfrecord-00007-of-01000,16,training,A,CORE,MERGE_CONTEXT_ELIGIBLE,HIGH,2,SAFETY_CRITICAL_UNCERTAIN,LOW,HIGH,HIGH,accept,,True
training_tfexample.tfrecord-00007-of-01000#20__t43__256_253,training_tfexample.tfrecord-00007-of-01000#20__t43__256_253,de7b51c0c52f1bde,training_tfexample.tfrecord-00007-of-01000#20,WOMD,training,training_tfexample.tfrecord-00007-of-01000,20,training,B,SUPPORT,MERGE_CONTEXT_ELIGIBLE,MEDIUM,1,SAFETY_CRITICAL_UNCERTAIN,LOW,LOW,HIGH,accept,,False
training_tfexample.tfrecord-00007-of-01000#42__t87__148_143,training_tfexample.tfrecord-00007-of-01000#42__t87__148_143,5c9e9397546f926e,training_tfexample.tfrecord-00007-of-01000#42,WOMD,training,training_tfexample.tfrecord-00007-of-01000,42,training,A,CORE,MERGE_CONTEXT_ELIGIBLE,HIGH,2,SAFETY_CRITICAL_UNCERTAIN,LOW,HIGH,HIGH,reject,target_not_stable,True
training_tfexample.tfrecord-00007-of-01000#45__t27__59_64,training_tfexample.tfrecord-00007-of-01000#45__t27__59_64,2958dfe77e952aed,training_tfexample.tfrecord-00007-of-01000#45,WOMD,training,training_tfexample.tfrecord-00007-of-01000,45,training,A,CORE,MERGE_CONTEXT_ELIGIBLE,MEDIUM,2,FRONT_CONSTRAINED,MEDIUM,LOW,MEDIUM,accept,,False
training_tfexample.tfrecord-00007-of-01000#53__t22__357_390,training_tfexample.tfrecord-00007-of-01000#53__t22__357_390,ce7e7a4bda1c59df,training_tfexample.tfrecord-00007-of-01000#53,WOMD,training,training_tfexample.tfrecord-00007-of-01000,53,training,A,CORE,MERGE_CONTEXT_ELIGIBLE,MEDIUM,2,WEAK_INTERACTION,MEDIUM,LOW,MEDIUM,accept,,False
training_tfexample.tfrecord-00007-of-01000#57__t15__502_497,training_tfexample.tfrecord-00007-of-01000#57__t15__502_497,9b28ec9fab7ffd94,training_tfexample.tfrecord-00007-of-01000#57,WOMD,training,training_tfexample.tfrecord-00007-of-01000,57,training,B,SUPPORT,MERGE_CONTEXT_ELIGIBLE,MEDIUM,1,FRONT_CONSTRAINED,LOW,LOW,MEDIUM,accept,,False
training_tfexample.tfrecord-00007-of-01000#58__t7__273_154,training_tfexample.tfrecord-00007-of-01000#58__t7__273_154,952237ae3150ee54,training_tfexample.tfrecord-00007-of-01000#58,WOMD,training,training_tfexample.tfrecord-00007-of-01000,58,training,B,SUPPORT,MERGE_CONTEXT_ELIGIBLE,MEDIUM,1,SAFETY_CRITICAL_UNCERTAIN,LOW,LOW,HIGH,reject,gap_order_not_persistent,False
training_tfexample.tfrecord-00007-of-01000#58__t81__207_153,training_tfexample.tfrecord-00007-of-01000#58__t81__207_153,952237ae3150ee54,training_tfexample.tfrecord-00007-of-01000#58,WOMD,training,training_tfexample.tfrecord-00007-of-01000,58,training,A,CORE,MERGE_CONTEXT_ELIGIBLE,MEDIUM,2,FRONT_CONSTRAINED,MEDIUM,LOW,MEDIUM,accept,,False
training_tfexample.tfrecord-00007-of-01000#60__t23__325_551,training_tfexample.tfrecord-00007-of-01000#60__t23__325_551,e49a97333b5b97cd,training_tfexample.tfrecord-00007-of-01000#60,WOMD,training,training_tfexample.tfrecord-00007-of-01000,60,training,A,CORE,MERGE_CONTEXT_ELIGIBLE,HIGH,2,SAFETY_CRITICAL_UNCERTAIN,LOW,HIGH,HIGH,accept,,False
training_tfexample.tfrecord-00007-of-01000#63__t88__159_155,training_tfexample.tfrecord-00007-of-01000#63__t88__159_155,5c076a872d8ed3d3,training_tfexample.tfrecord-00007-of-01000#63,WOMD,training,training_tfexample.tfrecord-00007-of-01000,63,training,B,SUPPORT,MERGE_CONTEXT_ELIGIBLE,MEDIUM,1,SAFETY_CRITICAL_UNCERTAIN,LOW,LOW,HIGH,reject,target_not_stable,False
training_tfexample.tfrecord-00007-of-01000#66__t24__300_303,training_tfexample.tfrecord-00007-of-01000#66__t24__300_303,a568f52e21a784d9,training_tfexample.tfrecord-00007-of-01000#66,WOMD,training,training_tfexample.tfrecord-00007-of-01000,66,training,B,SUPPORT,MERGE_CONTEXT_ELIGIBLE,MEDIUM,1,FRONT_CONSTRAINED,LOW,LOW,MEDIUM,accept,,False
training_tfexample.tfrecord-00007-of-01000#72__t86__216_201,training_tfexample.tfrecord-00007-of-01000#72__t86__216_201,9a2e5314a45a01bd,training_tfexample.tfrecord-00007-of-01000#72,WOMD,training,training_tfexample.tfrecord-00007-of-01000,72,training,A,CORE,MERGE_CONTEXT_ELIGIBLE,MEDIUM,2,FRONT_CONSTRAINED,MEDIUM,LOW,MEDIUM,accept,,False
training_tfexample.tfrecord-00007-of-01000#77__t40__418_638,training_tfexample.tfrecord-00007-of-01000#77__t40__418_638,3de439b9d7702e76,training_tfexample.tfrecord-00007-of-01000#77,WOMD,training,training_tfexample.tfrecord-00007-of-01000,77,training,B,SUPPORT,MERGE_CONTEXT_ELIGIBLE,MEDIUM,1,SAFETY_CRITICAL_UNCERTAIN,LOW,LOW,HIGH,accept,,False
training_tfexample.tfrecord-00007-of-01000#81__t29__373_379,training_tfexample.tfrecord-00007-of-01000#81__t29__373_379,95ee1ece2838ddb2,training_tfexample.tfrecord-00007-of-01000#81,WOMD,training,training_tfexample.tfrecord-00007-of-01000,81,training,B,SUPPORT,MERGE_CONTEXT_ELIGIBLE,LOW,1,WEAK_INTERACTION,LOW,LOW,MEDIUM,accept,,False
training_tfexample.tfrecord-00007-of-01000#88__t33__240_246,training_tfexample.tfrecord-00007-of-01000#88__t33__240_246,53d2e8b37148723a,training_tfexample.tfrecord-00007-of-01000#88,WOMD,training,training_tfexample.tfrecord-00007-of-01000,88,training,B,SUPPORT,MERGE_CONTEXT_ELIGIBLE,LOW,1,WEAK_INTERACTION,LOW,LOW,MEDIUM,accept,,False
training_tfexample.tfrecord-00007-of-01000#93__t64__277_269,training_tfexample.tfrecord-00007-of-01000#93__t64__277_269,3227d4d23f1d099a,training_tfexample.tfrecord-00007-of-01000#93,WOMD,training,training_tfexample.tfrecord-00007-of-01000,93,training,A,CORE,MERGE_CONTEXT_ELIGIBLE,MEDIUM,2,BOTH_SIDES_CONSTRAINED,LOW,HIGH,MEDIUM,accept,,False
training_tfexample.tfrecord-00007-of-01000#105__t29__270_283,training_tfexample.tfrecord-00007-of-01000#105__t29__270_283,e3c89442a6e72ecd,training_tfexample.tfrecord-00007-of-01000#105,WOMD,training,training_tfexample.tfrecord-00007-of-01000,105,training,B,SUPPORT,MERGE_CONTEXT_ELIGIBLE,MEDIUM,1,SAFETY_CRITICAL_UNCERTAIN,LOW,LOW,HIGH,accept,,False
training_tfexample.tfrecord-00007-of-01000#110__t27__503_507,training_tfexample.tfrecord-00007-of-01000#110__t27__503_507,12493274efb6ca00,training_tfexample.tfrecord-00007-of-01000#110,WOMD,training,training_tfexample.tfrecord-00007-of-01000,110,training,B,SUPPORT,MERGE_CONTEXT_ELIGIBLE,MEDIUM,1,SAFETY_CRITICAL_UNCERTAIN,LOW,LOW,HIGH,accept,,False
training_tfexample.tfrecord-00007-of-01000#111__t47__207_98,training_tfexample.tfrecord-00007-of-01000#111__t47__207_98,37b2e36f15e28c56,training_tfexample.tfrecord-00007-of-01000#111,WOMD,training,training_tfexample.tfrecord-00007-of-01000,111,training,B,SUPPORT,MERGE_CONTEXT_ELIGIBLE,LOW,1,WEAK_INTERACTION,LOW,LOW,MEDIUM,accept,,False
training_tfexample.tfrecord-00007-of-01000#119__t19__732_602,training_tfexample.tfrecord-00007-of-01000#119__t19__732_602,ddf509f55110071f,training_tfexample.tfrecord-00007-of-01000#119,WOMD,training,training_tfexample.tfrecord-00007-of-01000,119,training,A,CORE,MERGE_CONTEXT_ELIGIBLE,HIGH,2,SAFETY_CRITICAL_UNCERTAIN,LOW,HIGH,HIGH,reject,gap_order_not_persistent,False
training_tfexample.tfrecord-00007-of-01000#119__t56__626_641,training_tfexample.tfrecord-00007-of-01000#119__t56__626_641,ddf509f55110071f,training_tfexample.tfrecord-00007-of-01000#119,WOMD,training,training_tfexample.tfrecord-00007-of-01000,119,training,A,CORE,MERGE_CONTEXT_ELIGIBLE,HIGH,2,SAFETY_CRITICAL_UNCERTAIN,LOW,HIGH,HIGH,accept,,False
training_tfexample.tfrecord-00007-of-01000#129__t33__285_304,training_tfexample.tfrecord-00007-of-01000#129__t33__285_304,96204d4d6539fb53,training_tfexample.tfrecord-00007-of-01000#129,WOMD,training,training_tfexample.tfrecord-00007-of-01000,129,training,A,CORE,MERGE_CONTEXT_ELIGIBLE,HIGH,2,SAFETY_CRITICAL_UNCERTAIN,LOW,HIGH,HIGH,accept,,False
training_tfexample.tfrecord-00007-of-01000#130__t40__540_306,training_tfexample.tfrecord-00007-of-01000#130__t40__540_306,f3a2bbc2697e3318,training_tfexample.tfrecord-00007-of-01000#130,WOMD,training,training_tfexample.tfrecord-00007-of-01000,130,training,B,SUPPORT,MERGE_CONTEXT_ELIGIBLE,MEDIUM,1,FRONT_CONSTRAINED,LOW,LOW,HIGH,accept,,False
training_tfexample.tfrecord-00007-of-01000#132__t55__257_120,training_tfexample.tfrecord-00007-of-01000#132__t55__257_120,198c3f1533fae646,training_tfexample.tfrecord-00007-of-01000#132,WOMD,training,training_tfexample.tfrecord-00007-of-01000,132,training,B,SUPPORT,MERGE_CONTEXT_ELIGIBLE,MEDIUM,1,SAFETY_CRITICAL_UNCERTAIN,LOW,LOW,HIGH,accept,,False
training_tfexample.tfrecord-00007-of-01000#135__t62__212_225,training_tfexample.tfrecord-00007-of-01000#135__t62__212_225,ee760484ad7073e1,training_tfexample.tfrecord-00007-of-01000#135,WOMD,training,training_tfexample.tfrecord-00007-of-01000,135,training,A,CORE,MERGE_CONTEXT_ELIGIBLE,HIGH,2,SAFETY_CRITICAL_UNCERTAIN,LOW,HIGH,HIGH,accept,,False
training_tfexample.tfrecord-00007-of-01000#136__t5__311_304,training_tfexample.tfrecord-00007-of-01000#136__t5__311_304,496ea02dfed1c797,training_tfexample.tfrecord-00007-of-01000#136,WOMD,training,training_tfexample.tfrecord-00007-of-01000,136,training,B,SUPPORT,MERGE_CONTEXT_ELIGIBLE,MEDIUM,1,SAFETY_CRITICAL_UNCERTAIN,LOW,LOW,HIGH,accept,,False
training_tfexample.tfrecord-00007-of-01000#136__t83__331_330,training_tfexample.tfrecord-00007-of-01000#136__t83__331_330,496ea02dfed1c797,training_tfexample.tfrecord-00007-of-01000#136,WOMD,training,training_tfexample.tfrecord-00007-of-01000,136,training,A,CORE,MERGE_CONTEXT_ELIGIBLE,HIGH,2,SAFETY_CRITICAL_UNCERTAIN,LOW,HIGH,HIGH,accept,,False
training_tfexample.tfrecord-00007-of-01000#140__t43__158_174,training_tfexample.tfrecord-00007-of-01000#140__t43__158_174,b615f6b34625b2d4,training_tfexample.tfrecord-00007-of-01000#140,WOMD,training,training_tfexample.tfrecord-00007-of-01000,140,training,B,SUPPORT,MERGE_CONTEXT_ELIGIBLE,MEDIUM,1,SAFETY_CRITICAL_UNCERTAIN,LOW,LOW,HIGH,accept,,False
training_tfexample.tfrecord-00007-of-01000#141__t74__168_176,training_tfexample.tfrecord-00007-of-01000#141__t74__168_176,2fbf4ee04e5ae6f5,training_tfexample.tfrecord-00007-of-01000#141,WOMD,training,training_tfexample.tfrecord-00007-of-01000,141,training,A,CORE,MERGE_CONTEXT_ELIGIBLE,HIGH,3,BOTH_SIDES_CONSTRAINED,HIGH,HIGH,MEDIUM,accept,,False
training_tfexample.tfrecord-00007-of-01000#145__t88__242_252,training_tfexample.tfrecord-00007-of-01000#145__t88__242_252,ba5628ceecf1a03e,training_tfexample.tfrecord-00007-of-01000#145,WOMD,training,training_tfexample.tfrecord-00007-of-01000,145,training,A,CORE,MERGE_CONTEXT_ELIGIBLE,HIGH,2,BOTH_SIDES_CONSTRAINED,LOW,HIGH,HIGH,reject,target_not_stable,False
training_tfexample.tfrecord-00007-of-01000#151__t7__440_433,training_tfexample.tfrecord-00007-of-01000#151__t7__440_433,de734119b687e085,training_tfexample.tfrecord-00007-of-01000#151,WOMD,training,training_tfexample.tfrecord-00007-of-01000,151,training,A,CORE,MERGE_CONTEXT_ELIGIBLE,HIGH,2,SAFETY_CRITICAL_UNCERTAIN,LOW,HIGH,HIGH,accept,,False
training_tfexample.tfrecord-00007-of-01000#157__t58__376_324,training_tfexample.tfrecord-00007-of-01000#157__t58__376_324,b22aab3cabd3018b,training_tfexample.tfrecord-00007-of-01000#157,WOMD,training,training_tfexample.tfrecord-00007-of-01000,157,training,A,CORE,MERGE_CONTEXT_ELIGIBLE,HIGH,2,BOTH_SIDES_CONSTRAINED,LOW,HIGH,HIGH,accept,,False
training_tfexample.tfrecord-00007-of-01000#186__t61__239_362,training_tfexample.tfrecord-00007-of-01000#186__t61__239_362,f75e6136aa559ff5,training_tfexample.tfrecord-00007-of-01000#186,WOMD,training,training_tfexample.tfrecord-00007-of-01000,186,training,A,CORE,MERGE_CONTEXT_ELIGIBLE,HIGH,2,BOTH_SIDES_CONSTRAINED,LOW,HIGH,HIGH,reject,gap_order_not_persistent,False
training_tfexample.tfrecord-00007-of-01000#195__t80__236_221,training_tfexample.tfrecord-00007-of-01000#195__t80__236_221,78deb92026fde4b1,training_tfexample.tfrecord-00007-of-01000#195,WOMD,training,training_tfexample.tfrecord-00007-of-01000,195,training,B,SUPPORT,MERGE_CONTEXT_ELIGIBLE,MEDIUM,1,FRONT_CONSTRAINED,LOW,LOW,HIGH,accept,,False
training_tfexample.tfrecord-00007-of-01000#196__t78__120_53,training_tfexample.tfrecord-00007-of-01000#196__t78__120_53,dcc876dab86d51bf,training_tfexample.tfrecord-00007-of-01000#196,WOMD,training,training_tfexample.tfrecord-00007-of-01000,196,training,A,CORE,MERGE_CONTEXT_ELIGIBLE,MEDIUM,2,FRONT_CONSTRAINED,MEDIUM,LOW,MEDIUM,accept,,False
training_tfexample.tfrecord-00007-of-01000#197__t47__276_305,training_tfexample.tfrecord-00007-of-01000#197__t47__276_305,621898fe3af47d5e,training_tfexample.tfrecord-00007-of-01000#197,WOMD,training,training_tfexample.tfrecord-00007-of-01000,197,training,A,CORE,MERGE_CONTEXT_ELIGIBLE,MEDIUM,2,FRONT_CONSTRAINED,MEDIUM,LOW,MEDIUM,accept,,False
training_tfexample.tfrecord-00007-of-01000#212__t6__212_201,training_tfexample.tfrecord-00007-of-01000#212__t6__212_201,6628ad771cdef9a9,training_tfexample.tfrecord-00007-of-01000#212,WOMD,training,training_tfexample.tfrecord-00007-of-01000,212,training,B,SUPPORT,MERGE_CONTEXT_ELIGIBLE,MEDIUM,1,SAFETY_CRITICAL_UNCERTAIN,LOW,LOW,HIGH,accept,,False
training_tfexample.tfrecord-00007-of-01000#214__t87__310_322,training_tfexample.tfrecord-00007-of-01000#214__t87__310_322,266a0f4e6044e618,training_tfexample.tfrecord-00007-of-01000#214,WOMD,training,training_tfexample.tfrecord-00007-of-01000,214,training,B,SUPPORT,MERGE_CONTEXT_ELIGIBLE,LOW,1,APPROACH_KEEP_CONTEXT,HIGH,LOW,LOW,reject,target_not_stable,False
training_tfexample.tfrecord-00007-of-01000#215__t48__285_358,training_tfexample.tfrecord-00007-of-01000#215__t48__285_358,bc2166dfa8345b17,training_tfexample.tfrecord-00007-of-01000#215,WOMD,training,training_tfexample.tfrecord-00007-of-01000,215,training,A,CORE,MERGE_CONTEXT_ELIGIBLE,HIGH,2,BOTH_SIDES_CONSTRAINED,LOW,HIGH,HIGH,accept,,False
training_tfexample.tfrecord-00007-of-01000#219__t35__309_318,training_tfexample.tfrecord-00007-of-01000#219__t35__309_318,5500bf46273cfde3,training_tfexample.tfrecord-00007-of-01000#219,WOMD,training,training_tfexample.tfrecord-00007-of-01000,219,training,B,SUPPORT,MERGE_CONTEXT_ELIGIBLE,MEDIUM,1,SAFETY_CRITICAL_UNCERTAIN,LOW,LOW,HIGH,accept,,False
training_tfexample.tfrecord-00007-of-01000#223__t80__227_234,training_tfexample.tfrecord-00007-of-01000#223__t80__227_234,6d281fef1561e2cf,training_tfexample.tfrecord-00007-of-01000#223,WOMD,training,training_tfexample.tfrecord-00007-of-01000,223,training,A,CORE,MERGE_CONTEXT_ELIGIBLE,MEDIUM,2,FRONT_CONSTRAINED,MEDIUM,LOW,MEDIUM,accept,,False
training_tfexample.tfrecord-00007-of-01000#230__t19__208_194,training_tfexample.tfrecord-00007-of-01000#230__t19__208_194,f907fe5f198c6956,training_tfexample.tfrecord-00007-of-01000#230,WOMD,training,training_tfexample.tfrecord-00007-of-01000,230,training,A,CORE,MERGE_CONTEXT_ELIGIBLE,HIGH,2,SAFETY_CRITICAL_UNCERTAIN,LOW,HIGH,HIGH,accept,,False
training_tfexample.tfrecord-00007-of-01000#233__t89__141_154,training_tfexample.tfrecord-00007-of-01000#233__t89__141_154,be69f0887851d6f5,training_tfexample.tfrecord-00007-of-01000#233,WOMD,training,training_tfexample.tfrecord-00007-of-01000,233,training,B,SUPPORT,MERGE_CONTEXT_ELIGIBLE,LOW,1,APPROACH_KEEP_CONTEXT,HIGH,LOW,LOW,reject,target_not_stable,False
training_tfexample.tfrecord-00007-of-01000#234__t30__267_277,training_tfexample.tfrecord-00007-of-01000#234__t30__267_277,8906deedf0d7bf5f,training_tfexample.tfrecord-00007-of-01000#234,WOMD,training,training_tfexample.tfrecord-00007-of-01000,234,training,B,SUPPORT,MERGE_CONTEXT_ELIGIBLE,MEDIUM,1,FRONT_CONSTRAINED,LOW,LOW,HIGH,accept,,False
training_tfexample.tfrecord-00007-of-01000#238__t89__148_200,training_tfexample.tfrecord-00007-of-01000#238__t89__148_200,4c87851274578c7e,training_tfexample.tfrecord-00007-of-01000#238,WOMD,training,training_tfexample.tfrecord-00007-of-01000,238,training,B,SUPPORT,MERGE_CONTEXT_ELIGIBLE,LOW,1,APPROACH_KEEP_CONTEXT,MEDIUM,LOW,LOW,reject,target_not_stable,False
training_tfexample.tfrecord-00007-of-01000#261__t55__98_103,training_tfexample.tfrecord-00007-of-01000#261__t55__98_103,5758e69dcf44afcb,training_tfexample.tfrecord-00007-of-01000#261,WOMD,training,training_tfexample.tfrecord-00007-of-01000,261,training,A,CORE,MERGE_CONTEXT_ELIGIBLE,MEDIUM,2,FRONT_CONSTRAINED,HIGH,LOW,MEDIUM,accept,,False
training_tfexample.tfrecord-00007-of-01000#262__t59__247_226,training_tfexample.tfrecord-00007-of-01000#262__t59__247_226,9fd2a647079ac090,training_tfexample.tfrecord-00007-of-01000#262,WOMD,training,training_tfexample.tfrecord-00007-of-01000,262,training,B,SUPPORT,MERGE_CONTEXT_ELIGIBLE,MEDIUM,1,FRONT_CONSTRAINED,LOW,LOW,HIGH,accept,,False
training_tfexample.tfrecord-00007-of-01000#268__t36__951_937,training_tfexample.tfrecord-00007-of-01000#268__t36__951_937,935530bf978ddfdd,training_tfexample.tfrecord-00007-of-01000#268,WOMD,training,training_tfexample.tfrecord-00007-of-01000,268,training,A,CORE,MERGE_CONTEXT_ELIGIBLE,HIGH,2,SAFETY_CRITICAL_UNCERTAIN,LOW,HIGH,HIGH,accept,,False
training_tfexample.tfrecord-00007-of-01000#268__t69__937_889,training_tfexample.tfrecord-00007-of-01000#268__t69__937_889,935530bf978ddfdd,training_tfexample.tfrecord-00007-of-01000#268,WOMD,training,training_tfexample.tfrecord-00007-of-01000,268,training,A,CORE,MERGE_CONTEXT_ELIGIBLE,HIGH,2,SAFETY_CRITICAL_UNCERTAIN,LOW,HIGH,HIGH,accept,,False
training_tfexample.tfrecord-00007-of-01000#269__t38__195_189,training_tfexample.tfrecord-00007-of-01000#269__t38__195_189,1dd24948721d114e,training_tfexample.tfrecord-00007-of-01000#269,WOMD,training,training_tfexample.tfrecord-00007-of-01000,269,training,A,CORE,MERGE_CONTEXT_ELIGIBLE,MEDIUM,2,FRONT_CONSTRAINED,MEDIUM,LOW,MEDIUM,accept,,False
training_tfexample.tfrecord-00007-of-01000#272__t22__337_274,training_tfexample.tfrecord-00007-of-01000#272__t22__337_274,6442136c983d503e,training_tfexample.tfrecord-00007-of-01000#272,WOMD,training,training_tfexample.tfrecord-00007-of-01000,272,training,B,SUPPORT,MERGE_CONTEXT_ELIGIBLE,MEDIUM,1,FRONT_CONSTRAINED,LOW,LOW,MEDIUM,accept,,False
training_tfexample.tfrecord-00007-of-01000#273__t41__340_347,training_tfexample.tfrecord-00007-of-01000#273__t41__340_347,a31ac1e1ae8094da,training_tfexample.tfrecord-00007-of-01000#273,WOMD,training,training_tfexample.tfrecord-00007-of-01000,273,training,B,SUPPORT,MERGE_CONTEXT_ELIGIBLE,MEDIUM,1,SAFETY_CRITICAL_UNCERTAIN,LOW,LOW,HIGH,accept,,False
training_tfexample.tfrecord-00007-of-01000#274__t60__395_378,training_tfexample.tfrecord-00007-of-01000#274__t60__395_378,9d47fb7348395799,training_tfexample.tfrecord-00007-of-01000#274,WOMD,training,training_tfexample.tfrecord-00007-of-01000,274,training,A,CORE,MERGE_CONTEXT_ELIGIBLE,MEDIUM,2,FRONT_CONSTRAINED,MEDIUM,LOW,MEDIUM,accept,,False
training_tfexample.tfrecord-00007-of-01000#277__t55__242_204,training_tfexample.tfrecord-00007-of-01000#277__t55__242_204,505fa26955102464,training_tfexample.tfrecord-00007-of-01000#277,WOMD,training,training_tfexample.tfrecord-00007-of-01000,277,training,B,SUPPORT,MERGE_CONTEXT_ELIGIBLE,MEDIUM,1,FRONT_CONSTRAINED,LOW,LOW,HIGH,accept,,False
training_tfexample.tfrecord-00007-of-01000#286__t88__195_156,training_tfexample.tfrecord-00007-of-01000#286__t88__195_156,871c0fb74d44ea3f,training_tfexample.tfrecord-00007-of-01000#286,WOMD,training,training_tfexample.tfrecord-00007-of-01000,286,training,A,CORE,MERGE_CONTEXT_ELIGIBLE,HIGH,2,SAFETY_CRITICAL_UNCERTAIN,LOW,HIGH,HIGH,reject,target_not_stable,False
training_tfexample.tfrecord-00007-of-01000#297__t63__95_97,training_tfexample.tfrecord-00007-of-01000#297__t63__95_97,88e92a0bff6a030f,training_tfexample.tfrecord-00007-of-01000#297,WOMD,training,training_tfexample.tfrecord-00007-of-01000,297,training,A,CORE,MERGE_CONTEXT_ELIGIBLE,MEDIUM,2,FRONT_CONSTRAINED,MEDIUM,LOW,MEDIUM,accept,,False
training_tfexample.tfrecord-00007-of-01000#305__t69__87_95,training_tfexample.tfrecord-00007-of-01000#305__t69__87_95,df10994bcc5acfaf,training_tfexample.tfrecord-00007-of-01000#305,WOMD,training,training_tfexample.tfrecord-00007-of-01000,305,training,B,SUPPORT,MERGE_CONTEXT_ELIGIBLE,MEDIUM,1,FRONT_CONSTRAINED,LOW,LOW,HIGH,accept,,False
training_tfexample.tfrecord-00007-of-01000#306__t25__478_497,training_tfexample.tfrecord-00007-of-01000#306__t25__478_497,dd953149ae47eb68,training_tfexample.tfrecord-00007-of-01000#306,WOMD,training,training_tfexample.tfrecord-00007-of-01000,306,training,A,CORE,MERGE_CONTEXT_ELIGIBLE,HIGH,2,BOTH_SIDES_CONSTRAINED,LOW,HIGH,HIGH,accept,,False
training_tfexample.tfrecord-00007-of-01000#312__t65__197_181,training_tfexample.tfrecord-00007-of-01000#312__t65__197_181,d52bc6b534101d17,training_tfexample.tfrecord-00007-of-01000#312,WOMD,training,training_tfexample.tfrecord-00007-of-01000,312,training,B,SUPPORT,MERGE_CONTEXT_ELIGIBLE,LOW,1,WEAK_INTERACTION,LOW,LOW,MEDIUM,accept,,False
training_tfexample.tfrecord-00007-of-01000#313__t86__260_226,training_tfexample.tfrecord-00007-of-01000#313__t86__260_226,5bf0e35caa2e9da5,training_tfexample.tfrecord-00007-of-01000#313,WOMD,training,training_tfexample.tfrecord-00007-of-01000,313,training,A,CORE,MERGE_CONTEXT_ELIGIBLE,HIGH,3,APPROACH_KEEP_CONTEXT,MEDIUM,HIGH,MEDIUM,accept,,False
training_tfexample.tfrecord-00007-of-01000#330__t16__227_233,training_tfexample.tfrecord-00007-of-01000#330__t16__227_233,c2d6d303d982faa2,training_tfexample.tfrecord-00007-of-01000#330,WOMD,training,training_tfexample.tfrecord-00007-of-01000,330,training,B,SUPPORT,MERGE_CONTEXT_ELIGIBLE,MEDIUM,1,SAFETY_CRITICAL_UNCERTAIN,LOW,LOW,HIGH,accept,,False
training_tfexample.tfrecord-00007-of-01000#333__t25__160_159,training_tfexample.tfrecord-00007-of-01000#333__t25__160_159,aec2d4f2acd7a0d8,training_tfexample.tfrecord-00007-of-01000#333,WOMD,training,training_tfexample.tfrecord-00007-of-01000,333,training,B,SUPPORT,MERGE_CONTEXT_ELIGIBLE,MEDIUM,1,SAFETY_CRITICAL_UNCERTAIN,LOW,LOW,HIGH,accept,,False
training_tfexample.tfrecord-00007-of-01000#340__t43__395_382,training_tfexample.tfrecord-00007-of-01000#340__t43__395_382,bd9897fafd8b8032,training_tfexample.tfrecord-00007-of-01000#340,WOMD,training,training_tfexample.tfrecord-00007-of-01000,340,training,B,SUPPORT,MERGE_CONTEXT_ELIGIBLE,MEDIUM,1,SAFETY_CRITICAL_UNCERTAIN,LOW,LOW,HIGH,accept,,False
training_tfexample.tfrecord-00007-of-01000#344__t12__211_190,training_tfexample.tfrecord-00007-of-01000#344__t12__211_190,6838a8942ed807fe,training_tfexample.tfrecord-00007-of-01000#344,WOMD,training,training_tfexample.tfrecord-00007-of-01000,344,training,B,SUPPORT,MERGE_CONTEXT_ELIGIBLE,MEDIUM,1,SAFETY_CRITICAL_UNCERTAIN,LOW,LOW,MEDIUM,accept,,False
training_tfexample.tfrecord-00007-of-01000#349__t31__189_186,training_tfexample.tfrecord-00007-of-01000#349__t31__189_186,134c38b2fad8a0e0,training_tfexample.tfrecord-00007-of-01000#349,WOMD,training,training_tfexample.tfrecord-00007-of-01000,349,training,B,SUPPORT,MERGE_CONTEXT_ELIGIBLE,MEDIUM,1,FRONT_CONSTRAINED,LOW,LOW,HIGH,accept,,False
training_tfexample.tfrecord-00007-of-01000#353__t39__229_236,training_tfexample.tfrecord-00007-of-01000#353__t39__229_236,6da6bd5302f9229d,training_tfexample.tfrecord-00007-of-01000#353,WOMD,training,training_tfexample.tfrecord-00007-of-01000,353,training,A,CORE,MERGE_CONTEXT_ELIGIBLE,HIGH,2,SAFETY_CRITICAL_UNCERTAIN,LOW,HIGH,HIGH,reject,gap_order_not_persistent,False
training_tfexample.tfrecord-00007-of-01000#354__t11__156_152,training_tfexample.tfrecord-00007-of-01000#354__t11__156_152,9c3c19777f0cb3b,training_tfexample.tfrecord-00007-of-01000#354,WOMD,training,training_tfexample.tfrecord-00007-of-01000,354,training,B,SUPPORT,MERGE_CONTEXT_ELIGIBLE,MEDIUM,1,SAFETY_CRITICAL_UNCERTAIN,LOW,LOW,HIGH,accept,,False
training_tfexample.tfrecord-00007-of-01000#358__t24__253_243,training_tfexample.tfrecord-00007-of-01000#358__t24__253_243,bc75b173cd40f090,training_tfexample.tfrecord-00007-of-01000#358,WOMD,training,training_tfexample.tfrecord-00007-of-01000,358,training,B,SUPPORT,MERGE_CONTEXT_ELIGIBLE,MEDIUM,1,SAFETY_CRITICAL_UNCERTAIN,LOW,LOW,HIGH,accept,,False
training_tfexample.tfrecord-00007-of-01000#363__t39__554_538,training_tfexample.tfrecord-00007-of-01000#363__t39__554_538,635b21165e09fe32,training_tfexample.tfrecord-00007-of-01000#363,WOMD,training,training_tfexample.tfrecord-00007-of-01000,363,training,A,CORE,MERGE_CONTEXT_ELIGIBLE,HIGH,2,BOTH_SIDES_CONSTRAINED,LOW,MEDIUM,HIGH,accept,,False
training_tfexample.tfrecord-00007-of-01000#364__t54__207_190,training_tfexample.tfrecord-00007-of-01000#364__t54__207_190,6346e82b10fcdf9d,training_tfexample.tfrecord-00007-of-01000#364,WOMD,training,training_tfexample.tfrecord-00007-of-01000,364,training,A,CORE,MERGE_CONTEXT_ELIGIBLE,HIGH,2,SAFETY_CRITICAL_UNCERTAIN,LOW,HIGH,HIGH,accept,,False
training_tfexample.tfrecord-00007-of-01000#365__t86__604_601,training_tfexample.tfrecord-00007-of-01000#365__t86__604_601,5e9acb636d49c6e2,training_tfexample.tfrecord-00007-of-01000#365,WOMD,training,training_tfexample.tfrecord-00007-of-01000,365,training,B,SUPPORT,MERGE_CONTEXT_ELIGIBLE,LOW,1,WEAK_INTERACTION,LOW,LOW,MEDIUM,accept,,False
training_tfexample.tfrecord-00007-of-01000#366__t37__939_932,training_tfexample.tfrecord-00007-of-01000#366__t37__939_932,f65f8add33f0262,training_tfexample.tfrecord-00007-of-01000#366,WOMD,training,training_tfexample.tfrecord-00007-of-01000,366,training,B,SUPPORT,MERGE_CONTEXT_ELIGIBLE,MEDIUM,1,FRONT_CONSTRAINED,LOW,LOW,MEDIUM,accept,,False
training_tfexample.tfrecord-00007-of-01000#373__t12__254_238,training_tfexample.tfrecord-00007-of-01000#373__t12__254_238,afa12b4298b1c6c,training_tfexample.tfrecord-00007-of-01000#373,WOMD,training,training_tfexample.tfrecord-00007-of-01000,373,training,B,SUPPORT,MERGE_CONTEXT_ELIGIBLE,MEDIUM,1,SAFETY_CRITICAL_UNCERTAIN,LOW,LOW,HIGH,accept,,False
training_tfexample.tfrecord-00007-of-01000#374__t83__257_256,training_tfexample.tfrecord-00007-of-01000#374__t83__257_256,efd6cba9e3bd52e8,training_tfexample.tfrecord-00007-of-01000#374,WOMD,training,training_tfexample.tfrecord-00007-of-01000,374,training,B,SUPPORT,MERGE_CONTEXT_ELIGIBLE,MEDIUM,1,FRONT_CONSTRAINED,LOW,LOW,MEDIUM,accept,,False
training_tfexample.tfrecord-00007-of-01000#382__t32__528_550,training_tfexample.tfrecord-00007-of-01000#382__t32__528_550,dca8e8c16c1f3d1a,training_tfexample.tfrecord-00007-of-01000#382,WOMD,training,training_tfexample.tfrecord-00007-of-01000,382,training,A,CORE,MERGE_CONTEXT_ELIGIBLE,HIGH,2,SAFETY_CRITICAL_UNCERTAIN,LOW,HIGH,HIGH,accept,,False
training_tfexample.tfrecord-00007-of-01000#383__t85__225_226,training_tfexample.tfrecord-00007-of-01000#383__t85__225_226,614fcc7e03dec844,training_tfexample.tfrecord-00007-of-01000#383,WOMD,training,training_tfexample.tfrecord-00007-of-01000,383,training,B,SUPPORT,MERGE_CONTEXT_ELIGIBLE,MEDIUM,1,SAFETY_CRITICAL_UNCERTAIN,LOW,LOW,HIGH,accept,,False
training_tfexample.tfrecord-00007-of-01000#386__t74__362_367,training_tfexample.tfrecord-00007-of-01000#386__t74__362_367,dafde81abed36d6e,training_tfexample.tfrecord-00007-of-01000#386,WOMD,training,training_tfexample.tfrecord-00007-of-01000,386,training,A,CORE,MERGE_CONTEXT_ELIGIBLE,HIGH,3,BOTH_SIDES_CONSTRAINED,HIGH,MEDIUM,MEDIUM,accept,,False
training_tfexample.tfrecord-00007-of-01000#388__t59__193_201,training_tfexample.tfrecord-00007-of-01000#388__t59__193_201,ca9e97e4b4b09f5b,training_tfexample.tfrecord-00007-of-01000#388,WOMD,training,training_tfexample.tfrecord-00007-of-01000,388,training,B,SUPPORT,MERGE_CONTEXT_ELIGIBLE,MEDIUM,1,SAFETY_CRITICAL_UNCERTAIN,LOW,LOW,HIGH,accept,,False
training_tfexample.tfrecord-00007-of-01000#394__t11__293_246,training_tfexample.tfrecord-00007-of-01000#394__t11__293_246,93ce3bc386fdf901,training_tfexample.tfrecord-00007-of-01000#394,WOMD,training,training_tfexample.tfrecord-00007-of-01000,394,training,B,SUPPORT,MERGE_CONTEXT_ELIGIBLE,MEDIUM,1,SAFETY_CRITICAL_UNCERTAIN,LOW,LOW,HIGH,accept,,False
training_tfexample.tfrecord-00007-of-01000#398__t57__110_101,training_tfexample.tfrecord-00007-of-01000#398__t57__110_101,7d09d943a10bb3da,training_tfexample.tfrecord-00007-of-01000#398,WOMD,training,training_tfexample.tfrecord-00007-of-01000,398,training,A,CORE,MERGE_CONTEXT_ELIGIBLE,HIGH,3,BOTH_SIDES_CONSTRAINED,HIGH,MEDIUM,MEDIUM,accept,,False
training_tfexample.tfrecord-00007-of-01000#411__t34__186_183,training_tfexample.tfrecord-00007-of-01000#411__t34__186_183,4d8de287947345ba,training_tfexample.tfrecord-00007-of-01000#411,WOMD,training,training_tfexample.tfrecord-00007-of-01000,411,training,A,CORE,MERGE_CONTEXT_ELIGIBLE,MEDIUM,2,FRONT_CONSTRAINED,MEDIUM,LOW,MEDIUM,accept,,False
training_tfexample.tfrecord-00007-of-01000#415__t86__256_254,training_tfexample.tfrecord-00007-of-01000#415__t86__256_254,430d2c8fad83c809,training_tfexample.tfrecord-00007-of-01000#415,WOMD,training,training_tfexample.tfrecord-00007-of-01000,415,training,A,CORE,MERGE_CONTEXT_ELIGIBLE,MEDIUM,2,FRONT_CONSTRAINED,MEDIUM,LOW,MEDIUM,accept,,False
training_tfexample.tfrecord-00007-of-01000#416__t37__280_308,training_tfexample.tfrecord-00007-of-01000#416__t37__280_308,6260ab5cb54682ee,training_tfexample.tfrecord-00007-of-01000#416,WOMD,training,training_tfexample.tfrecord-00007-of-01000,416,training,B,SUPPORT,MERGE_CONTEXT_ELIGIBLE,MEDIUM,1,SAFETY_CRITICAL_UNCERTAIN,LOW,LOW,HIGH,accept,,False
training_tfexample.tfrecord-00007-of-01000#418__t7__120_125,training_tfexample.tfrecord-00007-of-01000#418__t7__120_125,1cc6791b6c528e93,training_tfexample.tfrecord-00007-of-01000#418,WOMD,training,training_tfexample.tfrecord-00007-of-01000,418,training,B,SUPPORT,MERGE_CONTEXT_ELIGIBLE,MEDIUM,1,SAFETY_CRITICAL_UNCERTAIN,LOW,LOW,HIGH,accept,,False
training_tfexample.tfrecord-00007-of-01000#419__t45__331_338,training_tfexample.tfrecord-00007-of-01000#419__t45__331_338,d8ca682d9195ad3d,training_tfexample.tfrecord-00007-of-01000#419,WOMD,training,training_tfexample.tfrecord-00007-of-01000,419,training,B,SUPPORT,MERGE_CONTEXT_ELIGIBLE,MEDIUM,1,FRONT_CONSTRAINED,LOW,LOW,HIGH,accept,,False
training_tfexample.tfrecord-00007-of-01000#428__t69__195_186,training_tfexample.tfrecord-00007-of-01000#428__t69__195_186,3d1dcd6f7f843d8f,training_tfexample.tfrecord-00007-of-01000#428,WOMD,training,training_tfexample.tfrecord-00007-of-01000,428,training,B,SUPPORT,MERGE_CONTEXT_ELIGIBLE,MEDIUM,1,SAFETY_CRITICAL_UNCERTAIN,LOW,LOW,HIGH,accept,,False
training_tfexample.tfrecord-00007-of-01000#429__t49__279_284,training_tfexample.tfrecord-00007-of-01000#429__t49__279_284,d53a6c274e141af9,training_tfexample.tfrecord-00007-of-01000#429,WOMD,training,training_tfexample.tfrecord-00007-of-01000,429,training,A,CORE,MERGE_CONTEXT_ELIGIBLE,HIGH,3,BOTH_SIDES_CONSTRAINED,MEDIUM,MEDIUM,MEDIUM,accept,,False
training_tfexample.tfrecord-00007-of-01000#430__t81__319_565,training_tfexample.tfrecord-00007-of-01000#430__t81__319_565,bc83d9f9a08950f9,training_tfexample.tfrecord-00007-of-01000#430,WOMD,training,training_tfexample.tfrecord-00007-of-01000,430,training,A,CORE,MERGE_CONTEXT_ELIGIBLE,HIGH,3,BOTH_SIDES_CONSTRAINED,HIGH,MEDIUM,MEDIUM,accept,,False
training_tfexample.tfrecord-00007-of-01000#434__t62__841_884,training_tfexample.tfrecord-00007-of-01000#434__t62__841_884,2fccf526f0a2a9ec,training_tfexample.tfrecord-00007-of-01000#434,WOMD,training,training_tfexample.tfrecord-00007-of-01000,434,training,B,SUPPORT,MERGE_CONTEXT_ELIGIBLE,MEDIUM,1,REAR_PRESSURE,LOW,LOW,HIGH,accept,,False
training_tfexample.tfrecord-00007-of-01000#436__t21__260_247,training_tfexample.tfrecord-00007-of-01000#436__t21__260_247,a7742d33f46419a8,training_tfexample.tfrecord-00007-of-01000#436,WOMD,training,training_tfexample.tfrecord-00007-of-01000,436,training,A,CORE,MERGE_CONTEXT_ELIGIBLE,MEDIUM,2,WEAK_INTERACTION,MEDIUM,LOW,MEDIUM,accept,,False
training_tfexample.tfrecord-00007-of-01000#453__t25__142_147,training_tfexample.tfrecord-00007-of-01000#453__t25__142_147,a2d978e5fbd74973,training_tfexample.tfrecord-00007-of-01000#453,WOMD,training,training_tfexample.tfrecord-00007-of-01000,453,training,A,CORE,MERGE_CONTEXT_ELIGIBLE,HIGH,2,SAFETY_CRITICAL_UNCERTAIN,LOW,HIGH,HIGH,accept,,False
training_tfexample.tfrecord-00007-of-01000#461__t87__513_521,training_tfexample.tfrecord-00007-of-01000#461__t87__513_521,97cfe4cfda8ca873,training_tfexample.tfrecord-00007-of-01000#461,WOMD,training,training_tfexample.tfrecord-00007-of-01000,461,training,B,SUPPORT,MERGE_CONTEXT_ELIGIBLE,LOW,1,APPROACH_KEEP_CONTEXT,MEDIUM,LOW,LOW,reject,target_not_stable,False
training_tfexample.tfrecord-00007-of-01000#463__t32__201_237,training_tfexample.tfrecord-00007-of-01000#463__t32__201_237,e8e8cfdc65d0b571,training_tfexample.tfrecord-00007-of-01000#463,WOMD,training,training_tfexample.tfrecord-00007-of-01000,463,training,A,CORE,MERGE_CONTEXT_ELIGIBLE,HIGH,2,BOTH_SIDES_CONSTRAINED,LOW,HIGH,HIGH,accept,,False
training_tfexample.tfrecord-00007-of-01000#464__t89__198_314,training_tfexample.tfrecord-00007-of-01000#464__t89__198_314,93eef247de8dca29,training_tfexample.tfrecord-00007-of-01000#464,WOMD,training,training_tfexample.tfrecord-00007-of-01000,464,training,A,CORE,MERGE_CONTEXT_ELIGIBLE,HIGH,2,BOTH_SIDES_CONSTRAINED,LOW,HIGH,HIGH,reject,target_not_stable,False
training_tfexample.tfrecord-00007-of-01000#465__t8__197_192,training_tfexample.tfrecord-00007-of-01000#465__t8__197_192,2e1bc101be4e1667,training_tfexample.tfrecord-00007-of-01000#465,WOMD,training,training_tfexample.tfrecord-00007-of-01000,465,training,B,SUPPORT,MERGE_CONTEXT_ELIGIBLE,MEDIUM,1,SAFETY_CRITICAL_UNCERTAIN,LOW,LOW,HIGH,accept,,False
training_tfexample.tfrecord-00007-of-01000#465__t56__188_184,training_tfexample.tfrecord-00007-of-01000#465__t56__188_184,2e1bc101be4e1667,training_tfexample.tfrecord-00007-of-01000#465,WOMD,training,training_tfexample.tfrecord-00007-of-01000,465,training,B,SUPPORT,MERGE_CONTEXT_ELIGIBLE,MEDIUM,1,SAFETY_CRITICAL_UNCERTAIN,LOW,LOW,HIGH,accept,,False
training_tfexample.tfrecord-00007-of-01000#467__t21__109_85,training_tfexample.tfrecord-00007-of-01000#467__t21__109_85,f3793886b78d4fac,training_tfexample.tfrecord-00007-of-01000#467,WOMD,training,training_tfexample.tfrecord-00007-of-01000,467,training,B,SUPPORT,MERGE_CONTEXT_ELIGIBLE,MEDIUM,1,SAFETY_CRITICAL_UNCERTAIN,LOW,LOW,HIGH,accept,,False
training_tfexample.tfrecord-00008-of-01000#3__t65__141_126,training_tfexample.tfrecord-00008-of-01000#3__t65__141_126,f456401cd1ecf1e7,training_tfexample.tfrecord-00008-of-01000#3,WOMD,training,training_tfexample.tfrecord-00008-of-01000,3,training,A,CORE,MERGE_CONTEXT_ELIGIBLE,MEDIUM,2,FRONT_CONSTRAINED,MEDIUM,LOW,MEDIUM,accept,,False
training_tfexample.tfrecord-00008-of-01000#7__t56__733_194,training_tfexample.tfrecord-00008-of-01000#7__t56__733_194,6f46daa4661087e7,training_tfexample.tfrecord-00008-of-01000#7,WOMD,training,training_tfexample.tfrecord-00008-of-01000,7,training,A,CORE,MERGE_CONTEXT_ELIGIBLE,HIGH,2,BOTH_SIDES_CONSTRAINED,LOW,HIGH,HIGH,accept,,False
training_tfexample.tfrecord-00008-of-01000#11__t47__550_573,training_tfexample.tfrecord-00008-of-01000#11__t47__550_573,c56c6bbb01b78ef1,training_tfexample.tfrecord-00008-of-01000#11,WOMD,training,training_tfexample.tfrecord-00008-of-01000,11,training,B,SUPPORT,MERGE_CONTEXT_ELIGIBLE,MEDIUM,1,FRONT_CONSTRAINED,LOW,LOW,MEDIUM,accept,,False
training_tfexample.tfrecord-00008-of-01000#12__t42__227_270,training_tfexample.tfrecord-00008-of-01000#12__t42__227_270,a6d362601c9ee4e5,training_tfexample.tfrecord-00008-of-01000#12,WOMD,training,training_tfexample.tfrecord-00008-of-01000,12,training,A,CORE,MERGE_CONTEXT_ELIGIBLE,HIGH,2,SAFETY_CRITICAL_UNCERTAIN,LOW,HIGH,HIGH,accept,,False
training_tfexample.tfrecord-00008-of-01000#16__t83__692_666,training_tfexample.tfrecord-00008-of-01000#16__t83__692_666,48e85bce8c122674,training_tfexample.tfrecord-00008-of-01000#16,WOMD,training,training_tfexample.tfrecord-00008-of-01000,16,training,A,CORE,MERGE_CONTEXT_ELIGIBLE,HIGH,2,SAFETY_CRITICAL_UNCERTAIN,LOW,MEDIUM,HIGH,accept,,False
training_tfexample.tfrecord-00008-of-01000#22__t8__211_213,training_tfexample.tfrecord-00008-of-01000#22__t8__211_213,96e4174bf95ce0e9,training_tfexample.tfrecord-00008-of-01000#22,WOMD,training,training_tfexample.tfrecord-00008-of-01000,22,training,B,SUPPORT,MERGE_CONTEXT_ELIGIBLE,MEDIUM,1,SAFETY_CRITICAL_UNCERTAIN,LOW,LOW,HIGH,accept,,False
training_tfexample.tfrecord-00008-of-01000#25__t75__194_199,training_tfexample.tfrecord-00008-of-01000#25__t75__194_199,fa6e8fd5f078075d,training_tfexample.tfrecord-00008-of-01000#25,WOMD,training,training_tfexample.tfrecord-00008-of-01000,25,training,A,CORE,MERGE_CONTEXT_ELIGIBLE,MEDIUM,2,FRONT_CONSTRAINED,MEDIUM,LOW,MEDIUM,accept,,False
training_tfexample.tfrecord-00008-of-01000#26__t87__183_156,training_tfexample.tfrecord-00008-of-01000#26__t87__183_156,50d821dd9698b064,training_tfexample.tfrecord-00008-of-01000#26,WOMD,training,training_tfexample.tfrecord-00008-of-01000,26,training,B,SUPPORT,MERGE_CONTEXT_ELIGIBLE,LOW,1,APPROACH_KEEP_CONTEXT,HIGH,LOW,LOW,reject,target_not_stable,False
training_tfexample.tfrecord-00008-of-01000#29__t37__480_493,training_tfexample.tfrecord-00008-of-01000#29__t37__480_493,3aceed7cc0e25e31,training_tfexample.tfrecord-00008-of-01000#29,WOMD,training,training_tfexample.tfrecord-00008-of-01000,29,training,A,CORE,MERGE_CONTEXT_ELIGIBLE,HIGH,2,SAFETY_CRITICAL_UNCERTAIN,LOW,HIGH,HIGH,accept,,False
training_tfexample.tfrecord-00008-of-01000#35__t78__114_106,training_tfexample.tfrecord-00008-of-01000#35__t78__114_106,d280ad81717e05d9,training_tfexample.tfrecord-00008-of-01000#35,WOMD,training,training_tfexample.tfrecord-00008-of-01000,35,training,A,CORE,MERGE_CONTEXT_ELIGIBLE,HIGH,2,BOTH_SIDES_CONSTRAINED,LOW,HIGH,HIGH,accept,,False
training_tfexample.tfrecord-00008-of-01000#40__t81__364_379,training_tfexample.tfrecord-00008-of-01000#40__t81__364_379,24e85c313a66ad48,training_tfexample.tfrecord-00008-of-01000#40,WOMD,training,training_tfexample.tfrecord-00008-of-01000,40,training,A,CORE,MERGE_CONTEXT_ELIGIBLE,HIGH,3,BOTH_SIDES_CONSTRAINED,MEDIUM,MEDIUM,MEDIUM,accept,,False
training_tfexample.tfrecord-00008-of-01000#42__t85__259_271,training_tfexample.tfrecord-00008-of-01000#42__t85__259_271,f268e9c5ee078995,training_tfexample.tfrecord-00008-of-01000#42,WOMD,training,training_tfexample.tfrecord-00008-of-01000,42,training,A,CORE,MERGE_CONTEXT_ELIGIBLE,HIGH,2,SAFETY_CRITICAL_UNCERTAIN,LOW,HIGH,HIGH,accept,,False
training_tfexample.tfrecord-00008-of-01000#43__t82__252_230,training_tfexample.tfrecord-00008-of-01000#43__t82__252_230,3874454c83165dbd,training_tfexample.tfrecord-00008-of-01000#43,WOMD,training,training_tfexample.tfrecord-00008-of-01000,43,training,B,SUPPORT,MERGE_CONTEXT_ELIGIBLE,MEDIUM,1,FRONT_CONSTRAINED,LOW,LOW,HIGH,accept,,False
training_tfexample.tfrecord-00008-of-01000#47__t43__149_142,training_tfexample.tfrecord-00008-of-01000#47__t43__149_142,de949c5d91f03661,training_tfexample.tfrecord-00008-of-01000#47,WOMD,training,training_tfexample.tfrecord-00008-of-01000,47,training,B,SUPPORT,MERGE_CONTEXT_ELIGIBLE,MEDIUM,1,SAFETY_CRITICAL_UNCERTAIN,LOW,LOW,HIGH,accept,,False
training_tfexample.tfrecord-00008-of-01000#57__t35__131_129,training_tfexample.tfrecord-00008-of-01000#57__t35__131_129,b4b6ce5401eb2513,training_tfexample.tfrecord-00008-of-01000#57,WOMD,training,training_tfexample.tfrecord-00008-of-01000,57,training,B,SUPPORT,MERGE_CONTEXT_ELIGIBLE,MEDIUM,1,SAFETY_CRITICAL_UNCERTAIN,LOW,LOW,HIGH,accept,,False
training_tfexample.tfrecord-00008-of-01000#64__t40__178_187,training_tfexample.tfrecord-00008-of-01000#64__t40__178_187,dba19c8ebca1f1c3,training_tfexample.tfrecord-00008-of-01000#64,WOMD,training,training_tfexample.tfrecord-00008-of-01000,64,training,B,SUPPORT,MERGE_CONTEXT_ELIGIBLE,MEDIUM,1,SAFETY_CRITICAL_UNCERTAIN,LOW,LOW,HIGH,accept,,False
training_tfexample.tfrecord-00008-of-01000#67__t34__396_387,training_tfexample.tfrecord-00008-of-01000#67__t34__396_387,fe0c2306e5c5d620,training_tfexample.tfrecord-00008-of-01000#67,WOMD,training,training_tfexample.tfrecord-00008-of-01000,67,training,A,CORE,MERGE_CONTEXT_ELIGIBLE,HIGH,2,SAFETY_CRITICAL_UNCERTAIN,LOW,HIGH,HIGH,accept,,False
training_tfexample.tfrecord-00008-of-01000#74__t88__98_112,training_tfexample.tfrecord-00008-of-01000#74__t88__98_112,f87ea02b1a7ce370,training_tfexample.tfrecord-00008-of-01000#74,WOMD,training,training_tfexample.tfrecord-00008-of-01000,74,training,A,CORE,MERGE_CONTEXT_ELIGIBLE,HIGH,2,SAFETY_CRITICAL_UNCERTAIN,LOW,HIGH,HIGH,reject,target_not_stable,False
training_tfexample.tfrecord-00008-of-01000#75__t58__471_467,training_tfexample.tfrecord-00008-of-01000#75__t58__471_467,f0f57a3e1b5a2211,training_tfexample.tfrecord-00008-of-01000#75,WOMD,training,training_tfexample.tfrecord-00008-of-01000,75,training,B,SUPPORT,MERGE_CONTEXT_ELIGIBLE,MEDIUM,1,SAFETY_CRITICAL_UNCERTAIN,LOW,LOW,HIGH,accept,,False
training_tfexample.tfrecord-00008-of-01000#77__t79__309_312,training_tfexample.tfrecord-00008-of-01000#77__t79__309_312,996f0e36c3ec2af5,training_tfexample.tfrecord-00008-of-01000#77,WOMD,training,training_tfexample.tfrecord-00008-of-01000,77,training,A,CORE,MERGE_CONTEXT_ELIGIBLE,HIGH,2,SAFETY_CRITICAL_UNCERTAIN,LOW,HIGH,HIGH,accept,,False
training_tfexample.tfrecord-00008-of-01000#81__t58__179_184,training_tfexample.tfrecord-00008-of-01000#81__t58__179_184,6643bdc0d606d5ea,training_tfexample.tfrecord-00008-of-01000#81,WOMD,training,training_tfexample.tfrecord-00008-of-01000,81,training,A,CORE,MERGE_CONTEXT_ELIGIBLE,MEDIUM,2,FRONT_CONSTRAINED,MEDIUM,LOW,MEDIUM,accept,,False
training_tfexample.tfrecord-00008-of-01000#93__t88__166_174,training_tfexample.tfrecord-00008-of-01000#93__t88__166_174,e90dc585b3e7adbe,training_tfexample.tfrecord-00008-of-01000#93,WOMD,training,training_tfexample.tfrecord-00008-of-01000,93,training,B,SUPPORT,MERGE_CONTEXT_ELIGIBLE,MEDIUM,1,SAFETY_CRITICAL_UNCERTAIN,LOW,LOW,HIGH,reject,target_not_stable,False
training_tfexample.tfrecord-00008-of-01000#100__t41__98_67,training_tfexample.tfrecord-00008-of-01000#100__t41__98_67,d9c9adcd879a31e9,training_tfexample.tfrecord-00008-of-01000#100,WOMD,training,training_tfexample.tfrecord-00008-of-01000,100,training,A,CORE,MERGE_CONTEXT_ELIGIBLE,HIGH,2,BOTH_SIDES_CONSTRAINED,LOW,HIGH,HIGH,accept,,False
training_tfexample.tfrecord-00008-of-01000#101__t55__381_331,training_tfexample.tfrecord-00008-of-01000#101__t55__381_331,cd9faf51f38c6d4a,training_tfexample.tfrecord-00008-of-01000#101,WOMD,training,training_tfexample.tfrecord-00008-of-01000,101,training,A,CORE,MERGE_CONTEXT_ELIGIBLE,HIGH,3,BOTH_SIDES_CONSTRAINED,HIGH,MEDIUM,MEDIUM,accept,,False
training_tfexample.tfrecord-00008-of-01000#107__t67__106_115,training_tfexample.tfrecord-00008-of-01000#107__t67__106_115,3b54774561676006,training_tfexample.tfrecord-00008-of-01000#107,WOMD,training,training_tfexample.tfrecord-00008-of-01000,107,training,A,CORE,MERGE_CONTEXT_ELIGIBLE,MEDIUM,2,FRONT_CONSTRAINED,MEDIUM,LOW,MEDIUM,accept,,False
training_tfexample.tfrecord-00008-of-01000#113__t72__273_218,training_tfexample.tfrecord-00008-of-01000#113__t72__273_218,7b521330e2ef9c03,training_tfexample.tfrecord-00008-of-01000#113,WOMD,training,training_tfexample.tfrecord-00008-of-01000,113,training,A,CORE,MERGE_CONTEXT_ELIGIBLE,HIGH,2,SAFETY_CRITICAL_UNCERTAIN,LOW,HIGH,HIGH,accept,,False
training_tfexample.tfrecord-00008-of-01000#126__t28__295_304,training_tfexample.tfrecord-00008-of-01000#126__t28__295_304,6da64425738f8f65,training_tfexample.tfrecord-00008-of-01000#126,WOMD,training,training_tfexample.tfrecord-00008-of-01000,126,training,A,CORE,MERGE_CONTEXT_ELIGIBLE,MEDIUM,2,WEAK_INTERACTION,MEDIUM,LOW,MEDIUM,accept,,False
training_tfexample.tfrecord-00008-of-01000#129__t30__467_506,training_tfexample.tfrecord-00008-of-01000#129__t30__467_506,2202da8f9c628898,training_tfexample.tfrecord-00008-of-01000#129,WOMD,training,training_tfexample.tfrecord-00008-of-01000,129,training,A,CORE,MERGE_CONTEXT_ELIGIBLE,HIGH,2,BOTH_SIDES_CONSTRAINED,LOW,HIGH,HIGH,accept,,False
training_tfexample.tfrecord-00008-of-01000#147__t80__312_300,training_tfexample.tfrecord-00008-of-01000#147__t80__312_300,1e8eb78c0d644794,training_tfexample.tfrecord-00008-of-01000#147,WOMD,training,training_tfexample.tfrecord-00008-of-01000,147,training,A,CORE,MERGE_CONTEXT_ELIGIBLE,HIGH,3,BOTH_SIDES_CONSTRAINED,MEDIUM,HIGH,MEDIUM,accept,,False
training_tfexample.tfrecord-00008-of-01000#152__t54__756_800,training_tfexample.tfrecord-00008-of-01000#152__t54__756_800,e8ed072bfaf698a0,training_tfexample.tfrecord-00008-of-01000#152,WOMD,training,training_tfexample.tfrecord-00008-of-01000,152,training,A,CORE,MERGE_CONTEXT_ELIGIBLE,HIGH,2,SAFETY_CRITICAL_UNCERTAIN,LOW,HIGH,HIGH,accept,,False
training_tfexample.tfrecord-00008-of-01000#153__t29__612_605,training_tfexample.tfrecord-00008-of-01000#153__t29__612_605,9fcef55e6f52f279,training_tfexample.tfrecord-00008-of-01000#153,WOMD,training,training_tfexample.tfrecord-00008-of-01000,153,training,B,SUPPORT,MERGE_CONTEXT_ELIGIBLE,MEDIUM,1,SAFETY_CRITICAL_UNCERTAIN,LOW,LOW,HIGH,accept,,False
training_tfexample.tfrecord-00008-of-01000#153__t72__208_214,training_tfexample.tfrecord-00008-of-01000#153__t72__208_214,9fcef55e6f52f279,training_tfexample.tfrecord-00008-of-01000#153,WOMD,training,training_tfexample.tfrecord-00008-of-01000,153,training,A,CORE,MERGE_CONTEXT_ELIGIBLE,MEDIUM,2,FRONT_CONSTRAINED,MEDIUM,LOW,MEDIUM,accept,,False
training_tfexample.tfrecord-00008-of-01000#160__t47__227_229,training_tfexample.tfrecord-00008-of-01000#160__t47__227_229,65eda12ec7e4504f,training_tfexample.tfrecord-00008-of-01000#160,WOMD,training,training_tfexample.tfrecord-00008-of-01000,160,training,A,CORE,MERGE_CONTEXT_ELIGIBLE,HIGH,2,SAFETY_CRITICAL_UNCERTAIN,LOW,HIGH,HIGH,reject,gap_order_not_persistent,False
training_tfexample.tfrecord-00008-of-01000#166__t80__290_291,training_tfexample.tfrecord-00008-of-01000#166__t80__290_291,a65dbdf3908017ff,training_tfexample.tfrecord-00008-of-01000#166,WOMD,training,training_tfexample.tfrecord-00008-of-01000,166,training,A,CORE,MERGE_CONTEXT_ELIGIBLE,HIGH,2,SAFETY_CRITICAL_UNCERTAIN,LOW,HIGH,HIGH,accept,,False
training_tfexample.tfrecord-00008-of-01000#167__t90__486_494,training_tfexample.tfrecord-00008-of-01000#167__t90__486_494,b9c6a0651052e5f6,training_tfexample.tfrecord-00008-of-01000#167,WOMD,training,training_tfexample.tfrecord-00008-of-01000,167,training,B,SUPPORT,MERGE_CONTEXT_ELIGIBLE,LOW,1,WEAK_INTERACTION,LOW,LOW,MEDIUM,reject,target_not_stable,False
training_tfexample.tfrecord-00008-of-01000#169__t44__314_308,training_tfexample.tfrecord-00008-of-01000#169__t44__314_308,fd6a73f7987745dc,training_tfexample.tfrecord-00008-of-01000#169,WOMD,training,training_tfexample.tfrecord-00008-of-01000,169,training,B,SUPPORT,MERGE_CONTEXT_ELIGIBLE,MEDIUM,1,FRONT_CONSTRAINED,LOW,LOW,MEDIUM,accept,,False
training_tfexample.tfrecord-00008-of-01000#174__t57__201_224,training_tfexample.tfrecord-00008-of-01000#174__t57__201_224,d098cea84ab23c53,training_tfexample.tfrecord-00008-of-01000#174,WOMD,training,training_tfexample.tfrecord-00008-of-01000,174,training,A,CORE,MERGE_CONTEXT_ELIGIBLE,MEDIUM,2,FRONT_CONSTRAINED,MEDIUM,LOW,MEDIUM,accept,,False
training_tfexample.tfrecord-00008-of-01000#178__t64__165_128,training_tfexample.tfrecord-00008-of-01000#178__t64__165_128,9284fa5ad607b1f0,training_tfexample.tfrecord-00008-of-01000#178,WOMD,training,training_tfexample.tfrecord-00008-of-01000,178,training,A,CORE,MERGE_CONTEXT_ELIGIBLE,HIGH,3,BOTH_SIDES_CONSTRAINED,HIGH,MEDIUM,MEDIUM,accept,,False
training_tfexample.tfrecord-00008-of-01000#186__t66__406_404,training_tfexample.tfrecord-00008-of-01000#186__t66__406_404,254eff5bae557b9e,training_tfexample.tfrecord-00008-of-01000#186,WOMD,training,training_tfexample.tfrecord-00008-of-01000,186,training,B,SUPPORT,MERGE_CONTEXT_ELIGIBLE,LOW,1,WEAK_INTERACTION,LOW,LOW,MEDIUM,accept,,False
training_tfexample.tfrecord-00008-of-01000#196__t9__263_261,training_tfexample.tfrecord-00008-of-01000#196__t9__263_261,1419e04dd886e846,training_tfexample.tfrecord-00008-of-01000#196,WOMD,training,training_tfexample.tfrecord-00008-of-01000,196,training,B,SUPPORT,MERGE_CONTEXT_ELIGIBLE,MEDIUM,1,FRONT_CONSTRAINED,LOW,LOW,HIGH,accept,,False
training_tfexample.tfrecord-00008-of-01000#198__t76__304_320,training_tfexample.tfrecord-00008-of-01000#198__t76__304_320,a56f90fcc93eecc7,training_tfexample.tfrecord-00008-of-01000#198,WOMD,training,training_tfexample.tfrecord-00008-of-01000,198,training,A,CORE,MERGE_CONTEXT_ELIGIBLE,HIGH,3,BOTH_SIDES_CONSTRAINED,MEDIUM,HIGH,MEDIUM,accept,,False
training_tfexample.tfrecord-00008-of-01000#199__t77__96_90,training_tfexample.tfrecord-00008-of-01000#199__t77__96_90,24760d807b73cd4c,training_tfexample.tfrecord-00008-of-01000#199,WOMD,training,training_tfexample.tfrecord-00008-of-01000,199,training,A,CORE,MERGE_CONTEXT_ELIGIBLE,MEDIUM,2,FRONT_CONSTRAINED,HIGH,LOW,MEDIUM,accept,,False
training_tfexample.tfrecord-00008-of-01000#203__t87__98_111,training_tfexample.tfrecord-00008-of-01000#203__t87__98_111,6cb74bf5ffed5023,training_tfexample.tfrecord-00008-of-01000#203,WOMD,training,training_tfexample.tfrecord-00008-of-01000,203,training,A,CORE,MERGE_CONTEXT_ELIGIBLE,HIGH,2,SAFETY_CRITICAL_UNCERTAIN,LOW,HIGH,HIGH,reject,target_not_stable,False
training_tfexample.tfrecord-00008-of-01000#206__t88__95_104,training_tfexample.tfrecord-00008-of-01000#206__t88__95_104,c72bade03069df76,training_tfexample.tfrecord-00008-of-01000#206,WOMD,training,training_tfexample.tfrecord-00008-of-01000,206,training,B,SUPPORT,MERGE_CONTEXT_ELIGIBLE,MEDIUM,1,SAFETY_CRITICAL_UNCERTAIN,LOW,LOW,HIGH,reject,target_not_stable,False
training_tfexample.tfrecord-00008-of-01000#207__t81__320_241,training_tfexample.tfrecord-00008-of-01000#207__t81__320_241,eeec96a66db09b2e,training_tfexample.tfrecord-00008-of-01000#207,WOMD,training,training_tfexample.tfrecord-00008-of-01000,207,training,B,SUPPORT,MERGE_CONTEXT_ELIGIBLE,MEDIUM,1,FRONT_CONSTRAINED,LOW,LOW,MEDIUM,accept,,False
training_tfexample.tfrecord-00008-of-01000#217__t86__173_185,training_tfexample.tfrecord-00008-of-01000#217__t86__173_185,e76d66f2c7ec724e,training_tfexample.tfrecord-00008-of-01000#217,WOMD,training,training_tfexample.tfrecord-00008-of-01000,217,training,A,CORE,MERGE_CONTEXT_ELIGIBLE,HIGH,2,SAFETY_CRITICAL_UNCERTAIN,LOW,HIGH,HIGH,accept,,False
training_tfexample.tfrecord-00008-of-01000#222__t90__362_349,training_tfexample.tfrecord-00008-of-01000#222__t90__362_349,a976ee7a75aae5ac,training_tfexample.tfrecord-00008-of-01000#222,WOMD,training,training_tfexample.tfrecord-00008-of-01000,222,training,A,CORE,MERGE_CONTEXT_ELIGIBLE,MEDIUM,2,WEAK_INTERACTION,MEDIUM,LOW,MEDIUM,reject,target_not_stable,False
training_tfexample.tfrecord-00008-of-01000#233__t37__213_119,training_tfexample.tfrecord-00008-of-01000#233__t37__213_119,647ca0ad5e1173ff,training_tfexample.tfrecord-00008-of-01000#233,WOMD,training,training_tfexample.tfrecord-00008-of-01000,233,training,B,SUPPORT,MERGE_CONTEXT_ELIGIBLE,MEDIUM,1,SAFETY_CRITICAL_UNCERTAIN,LOW,LOW,HIGH,accept,,False
training_tfexample.tfrecord-00008-of-01000#236__t90__114_92,training_tfexample.tfrecord-00008-of-01000#236__t90__114_92,93c92f57cff4913e,training_tfexample.tfrecord-00008-of-01000#236,WOMD,training,training_tfexample.tfrecord-00008-of-01000,236,training,A,CORE,MERGE_CONTEXT_ELIGIBLE,HIGH,2,BOTH_SIDES_CONSTRAINED,LOW,HIGH,HIGH,reject,target_not_stable,False
training_tfexample.tfrecord-00008-of-01000#241__t26__444_437,training_tfexample.tfrecord-00008-of-01000#241__t26__444_437,d985c3335aee80fb,training_tfexample.tfrecord-00008-of-01000#241,WOMD,training,training_tfexample.tfrecord-00008-of-01000,241,training,A,CORE,MERGE_CONTEXT_ELIGIBLE,MEDIUM,2,FRONT_CONSTRAINED,MEDIUM,LOW,MEDIUM,accept,,False
training_tfexample.tfrecord-00008-of-01000#242__t6__655_664,training_tfexample.tfrecord-00008-of-01000#242__t6__655_664,55be27c7b042c0f0,training_tfexample.tfrecord-00008-of-01000#242,WOMD,training,training_tfexample.tfrecord-00008-of-01000,242,training,B,SUPPORT,MERGE_CONTEXT_ELIGIBLE,MEDIUM,1,REAR_PRESSURE,LOW,LOW,MEDIUM,accept,,False
training_tfexample.tfrecord-00008-of-01000#246__t64__430_426,training_tfexample.tfrecord-00008-of-01000#246__t64__430_426,b769a0f8b3651ca1,training_tfexample.tfrecord-00008-of-01000#246,WOMD,training,training_tfexample.tfrecord-00008-of-01000,246,training,B,SUPPORT,MERGE_CONTEXT_ELIGIBLE,MEDIUM,1,REAR_PRESSURE,LOW,LOW,HIGH,accept,,False
training_tfexample.tfrecord-00008-of-01000#246__t90__421_414,training_tfexample.tfrecord-00008-of-01000#246__t90__421_414,b769a0f8b3651ca1,training_tfexample.tfrecord-00008-of-01000#246,WOMD,training,training_tfexample.tfrecord-00008-of-01000,246,training,B,SUPPORT,MERGE_CONTEXT_ELIGIBLE,MEDIUM,1,SAFETY_CRITICAL_UNCERTAIN,LOW,LOW,HIGH,reject,target_not_stable,False
training_tfexample.tfrecord-00008-of-01000#259__t70__230_237,training_tfexample.tfrecord-00008-of-01000#259__t70__230_237,1d87ca1d1b76455e,training_tfexample.tfrecord-00008-of-01000#259,WOMD,training,training_tfexample.tfrecord-00008-of-01000,259,training,B,SUPPORT,MERGE_CONTEXT_ELIGIBLE,MEDIUM,1,SAFETY_CRITICAL_UNCERTAIN,LOW,LOW,HIGH,accept,,False
training_tfexample.tfrecord-00008-of-01000#260__t89__357_376,training_tfexample.tfrecord-00008-of-01000#260__t89__357_376,6a61708be0a03ad7,training_tfexample.tfrecord-00008-of-01000#260,WOMD,training,training_tfexample.tfrecord-00008-of-01000,260,training,B,SUPPORT,MERGE_CONTEXT_ELIGIBLE,LOW,1,APPROACH_KEEP_CONTEXT,HIGH,LOW,LOW,reject,target_not_stable,False
training_tfexample.tfrecord-00008-of-01000#270__t32__405_406,training_tfexample.tfrecord-00008-of-01000#270__t32__405_406,cf39eab712612ae0,training_tfexample.tfrecord-00008-of-01000#270,WOMD,training,training_tfexample.tfrecord-00008-of-01000,270,training,A,CORE,MERGE_CONTEXT_ELIGIBLE,MEDIUM,2,WEAK_INTERACTION,MEDIUM,LOW,MEDIUM,accept,,False
training_tfexample.tfrecord-00008-of-01000#274__t35__384_320,training_tfexample.tfrecord-00008-of-01000#274__t35__384_320,43eda29fc566ed74,training_tfexample.tfrecord-00008-of-01000#274,WOMD,training,training_tfexample.tfrecord-00008-of-01000,274,training,A,CORE,MERGE_CONTEXT_ELIGIBLE,HIGH,2,BOTH_SIDES_CONSTRAINED,LOW,MEDIUM,HIGH,accept,,False
training_tfexample.tfrecord-00008-of-01000#276__t54__113_130,training_tfexample.tfrecord-00008-of-01000#276__t54__113_130,dc23183c7d80c5e1,training_tfexample.tfrecord-00008-of-01000#276,WOMD,training,training_tfexample.tfrecord-00008-of-01000,276,training,A,CORE,MERGE_CONTEXT_ELIGIBLE,HIGH,2,SAFETY_CRITICAL_UNCERTAIN,LOW,HIGH,HIGH,accept,,False
training_tfexample.tfrecord-00008-of-01000#277__t33__925_902,training_tfexample.tfrecord-00008-of-01000#277__t33__925_902,1d2c824927d39679,training_tfexample.tfrecord-00008-of-01000#277,WOMD,training,training_tfexample.tfrecord-00008-of-01000,277,training,A,CORE,MERGE_CONTEXT_ELIGIBLE,HIGH,2,SAFETY_CRITICAL_UNCERTAIN,LOW,HIGH,HIGH,accept,,False
training_tfexample.tfrecord-00008-of-01000#278__t51__743_719,training_tfexample.tfrecord-00008-of-01000#278__t51__743_719,48feb9fec5770a70,training_tfexample.tfrecord-00008-of-01000#278,WOMD,training,training_tfexample.tfrecord-00008-of-01000,278,training,B,SUPPORT,MERGE_CONTEXT_ELIGIBLE,MEDIUM,1,SAFETY_CRITICAL_UNCERTAIN,LOW,LOW,HIGH,accept,,False
training_tfexample.tfrecord-00008-of-01000#280__t77__304_323,training_tfexample.tfrecord-00008-of-01000#280__t77__304_323,b367e0017bbd7f4f,training_tfexample.tfrecord-00008-of-01000#280,WOMD,training,training_tfexample.tfrecord-00008-of-01000,280,training,B,SUPPORT,MERGE_CONTEXT_ELIGIBLE,MEDIUM,1,FRONT_CONSTRAINED,LOW,LOW,HIGH,accept,,False
training_tfexample.tfrecord-00008-of-01000#281__t32__171_167,training_tfexample.tfrecord-00008-of-01000#281__t32__171_167,29575416ad63fbed,training_tfexample.tfrecord-00008-of-01000#281,WOMD,training,training_tfexample.tfrecord-00008-of-01000,281,training,B,SUPPORT,MERGE_CONTEXT_ELIGIBLE,MEDIUM,1,FRONT_CONSTRAINED,LOW,LOW,HIGH,accept,,False
training_tfexample.tfrecord-00008-of-01000#288__t68__167_157,training_tfexample.tfrecord-00008-of-01000#288__t68__167_157,f9461f199b0b8cd4,training_tfexample.tfrecord-00008-of-01000#288,WOMD,training,training_tfexample.tfrecord-00008-of-01000,288,training,B,SUPPORT,MERGE_CONTEXT_ELIGIBLE,MEDIUM,1,FRONT_CONSTRAINED,LOW,LOW,HIGH,accept,,False
training_tfexample.tfrecord-00008-of-01000#296__t72__178_186,training_tfexample.tfrecord-00008-of-01000#296__t72__178_186,441bad531e836081,training_tfexample.tfrecord-00008-of-01000#296,WOMD,training,training_tfexample.tfrecord-00008-of-01000,296,training,A,CORE,MERGE_CONTEXT_ELIGIBLE,HIGH,2,BOTH_SIDES_CONSTRAINED,LOW,HIGH,HIGH,accept,,False
training_tfexample.tfrecord-00008-of-01000#306__t42__97_104,training_tfexample.tfrecord-00008-of-01000#306__t42__97_104,58af3c1c3981ebe4,training_tfexample.tfrecord-00008-of-01000#306,WOMD,training,training_tfexample.tfrecord-00008-of-01000,306,training,B,SUPPORT,MERGE_CONTEXT_ELIGIBLE,MEDIUM,1,FRONT_CONSTRAINED,LOW,LOW,HIGH,accept,,False
training_tfexample.tfrecord-00008-of-01000#310__t85__854_984,training_tfexample.tfrecord-00008-of-01000#310__t85__854_984,6c8291d18f4d510,training_tfexample.tfrecord-00008-of-01000#310,WOMD,training,training_tfexample.tfrecord-00008-of-01000,310,training,A,CORE,MERGE_CONTEXT_ELIGIBLE,HIGH,2,SAFETY_CRITICAL_UNCERTAIN,LOW,HIGH,HIGH,accept,,False
training_tfexample.tfrecord-00008-of-01000#321__t8__282_235,training_tfexample.tfrecord-00008-of-01000#321__t8__282_235,2dd828b6937cf35b,training_tfexample.tfrecord-00008-of-01000#321,WOMD,training,training_tfexample.tfrecord-00008-of-01000,321,training,B,SUPPORT,MERGE_CONTEXT_ELIGIBLE,MEDIUM,1,SAFETY_CRITICAL_UNCERTAIN,LOW,LOW,HIGH,accept,,False
training_tfexample.tfrecord-00008-of-01000#332__t18__107_102,training_tfexample.tfrecord-00008-of-01000#332__t18__107_102,5a2bea34901f036a,training_tfexample.tfrecord-00008-of-01000#332,WOMD,training,training_tfexample.tfrecord-00008-of-01000,332,training,B,SUPPORT,MERGE_CONTEXT_ELIGIBLE,MEDIUM,1,FRONT_CONSTRAINED,LOW,LOW,HIGH,accept,,False
training_tfexample.tfrecord-00008-of-01000#333__t70__300_293,training_tfexample.tfrecord-00008-of-01000#333__t70__300_293,e9672199223276ac,training_tfexample.tfrecord-00008-of-01000#333,WOMD,training,training_tfexample.tfrecord-00008-of-01000,333,training,B,SUPPORT,MERGE_CONTEXT_ELIGIBLE,MEDIUM,1,FRONT_CONSTRAINED,LOW,LOW,MEDIUM,accept,,False
training_tfexample.tfrecord-00008-of-01000#336__t12__95_119,training_tfexample.tfrecord-00008-of-01000#336__t12__95_119,7af725b512534e42,training_tfexample.tfrecord-00008-of-01000#336,WOMD,training,training_tfexample.tfrecord-00008-of-01000,336,training,A,CORE,MERGE_CONTEXT_ELIGIBLE,HIGH,2,BOTH_SIDES_CONSTRAINED,LOW,HIGH,HIGH,accept,,False
training_tfexample.tfrecord-00008-of-01000#342__t45__155_176,training_tfexample.tfrecord-00008-of-01000#342__t45__155_176,677f0fc1cee1da13,training_tfexample.tfrecord-00008-of-01000#342,WOMD,training,training_tfexample.tfrecord-00008-of-01000,342,training,B,SUPPORT,MERGE_CONTEXT_ELIGIBLE,MEDIUM,1,FRONT_CONSTRAINED,LOW,LOW,HIGH,accept,,False
training_tfexample.tfrecord-00008-of-01000#343__t89__95_97,training_tfexample.tfrecord-00008-of-01000#343__t89__95_97,68e8715a5140888a,training_tfexample.tfrecord-00008-of-01000#343,WOMD,training,training_tfexample.tfrecord-00008-of-01000,343,training,B,SUPPORT,MERGE_CONTEXT_ELIGIBLE,LOW,1,APPROACH_KEEP_CONTEXT,MEDIUM,LOW,LOW,reject,target_not_stable,False
training_tfexample.tfrecord-00008-of-01000#347__t9__282_281,training_tfexample.tfrecord-00008-of-01000#347__t9__282_281,90712a2b5d9703bf,training_tfexample.tfrecord-00008-of-01000#347,WOMD,training,training_tfexample.tfrecord-00008-of-01000,347,training,B,SUPPORT,MERGE_CONTEXT_ELIGIBLE,MEDIUM,1,FRONT_CONSTRAINED,LOW,LOW,MEDIUM,accept,,False
training_tfexample.tfrecord-00008-of-01000#358__t71__126_92,training_tfexample.tfrecord-00008-of-01000#358__t71__126_92,a492811fc930894e,training_tfexample.tfrecord-00008-of-01000#358,WOMD,training,training_tfexample.tfrecord-00008-of-01000,358,training,A,CORE,MERGE_CONTEXT_ELIGIBLE,HIGH,2,SAFETY_CRITICAL_UNCERTAIN,LOW,HIGH,HIGH,accept,,False
training_tfexample.tfrecord-00008-of-01000#359__t49__405_408,training_tfexample.tfrecord-00008-of-01000#359__t49__405_408,45ef18ab65c6b5b8,training_tfexample.tfrecord-00008-of-01000#359,WOMD,training,training_tfexample.tfrecord-00008-of-01000,359,training,B,SUPPORT,MERGE_CONTEXT_ELIGIBLE,MEDIUM,1,FRONT_CONSTRAINED,LOW,LOW,HIGH,accept,,False
training_tfexample.tfrecord-00008-of-01000#362__t73__270_286,training_tfexample.tfrecord-00008-of-01000#362__t73__270_286,cd68db7f20873b49,training_tfexample.tfrecord-00008-of-01000#362,WOMD,training,training_tfexample.tfrecord-00008-of-01000,362,training,B,SUPPORT,MERGE_CONTEXT_ELIGIBLE,MEDIUM,1,FRONT_CONSTRAINED,LOW,LOW,HIGH,accept,,False
training_tfexample.tfrecord-00008-of-01000#363__t10__100_118,training_tfexample.tfrecord-00008-of-01000#363__t10__100_118,3aa56b25611c7d55,training_tfexample.tfrecord-00008-of-01000#363,WOMD,training,training_tfexample.tfrecord-00008-of-01000,363,training,B,SUPPORT,MERGE_CONTEXT_ELIGIBLE,MEDIUM,1,SAFETY_CRITICAL_UNCERTAIN,LOW,LOW,HIGH,accept,,False
training_tfexample.tfrecord-00008-of-01000#363__t77__372_378,training_tfexample.tfrecord-00008-of-01000#363__t77__372_378,3aa56b25611c7d55,training_tfexample.tfrecord-00008-of-01000#363,WOMD,training,training_tfexample.tfrecord-00008-of-01000,363,training,A,CORE,MERGE_CONTEXT_ELIGIBLE,HIGH,2,SAFETY_CRITICAL_UNCERTAIN,LOW,HIGH,HIGH,accept,,False
training_tfexample.tfrecord-00008-of-01000#368__t33__158_162,training_tfexample.tfrecord-00008-of-01000#368__t33__158_162,a77858821b410f7d,training_tfexample.tfrecord-00008-of-01000#368,WOMD,training,training_tfexample.tfrecord-00008-of-01000,368,training,A,CORE,MERGE_CONTEXT_ELIGIBLE,MEDIUM,2,WEAK_INTERACTION,MEDIUM,LOW,MEDIUM,accept,,False
training_tfexample.tfrecord-00008-of-01000#377__t33__914_786,training_tfexample.tfrecord-00008-of-01000#377__t33__914_786,c02de6f3278cfb43,training_tfexample.tfrecord-00008-of-01000#377,WOMD,training,training_tfexample.tfrecord-00008-of-01000,377,training,A,CORE,MERGE_CONTEXT_ELIGIBLE,HIGH,2,SAFETY_CRITICAL_UNCERTAIN,LOW,HIGH,HIGH,accept,,False
training_tfexample.tfrecord-00008-of-01000#387__t86__337_290,training_tfexample.tfrecord-00008-of-01000#387__t86__337_290,529b7e01acbd2b2c,training_tfexample.tfrecord-00008-of-01000#387,WOMD,training,training_tfexample.tfrecord-00008-of-01000,387,training,B,SUPPORT,MERGE_CONTEXT_ELIGIBLE,MEDIUM,1,SAFETY_CRITICAL_UNCERTAIN,LOW,LOW,HIGH,accept,,False
training_tfexample.tfrecord-00008-of-01000#399__t56__655_664,training_tfexample.tfrecord-00008-of-01000#399__t56__655_664,72fd0ce972ad7582,training_tfexample.tfrecord-00008-of-01000#399,WOMD,training,training_tfexample.tfrecord-00008-of-01000,399,training,A,CORE,MERGE_CONTEXT_ELIGIBLE,HIGH,3,BOTH_SIDES_CONSTRAINED,MEDIUM,MEDIUM,MEDIUM,accept,,False
training_tfexample.tfrecord-00008-of-01000#400__t44__149_125,training_tfexample.tfrecord-00008-of-01000#400__t44__149_125,c803f92544500e1d,training_tfexample.tfrecord-00008-of-01000#400,WOMD,training,training_tfexample.tfrecord-00008-of-01000,400,training,A,CORE,MERGE_CONTEXT_ELIGIBLE,MEDIUM,2,WEAK_INTERACTION,MEDIUM,LOW,MEDIUM,accept,,False
training_tfexample.tfrecord-00008-of-01000#411__t40__225_238,training_tfexample.tfrecord-00008-of-01000#411__t40__225_238,b547ef15dc9b9fcd,training_tfexample.tfrecord-00008-of-01000#411,WOMD,training,training_tfexample.tfrecord-00008-of-01000,411,training,B,SUPPORT,MERGE_CONTEXT_ELIGIBLE,MEDIUM,1,SAFETY_CRITICAL_UNCERTAIN,LOW,LOW,HIGH,accept,,False
training_tfexample.tfrecord-00008-of-01000#413__t67__1451_1453,training_tfexample.tfrecord-00008-of-01000#413__t67__1451_1453,a5cd29d1714ba731,training_tfexample.tfrecord-00008-of-01000#413,WOMD,training,training_tfexample.tfrecord-00008-of-01000,413,training,B,SUPPORT,MERGE_CONTEXT_ELIGIBLE,LOW,1,WEAK_INTERACTION,LOW,LOW,MEDIUM,accept,,False
training_tfexample.tfrecord-00008-of-01000#433__t37__195_187,training_tfexample.tfrecord-00008-of-01000#433__t37__195_187,6279ab65aefb0c89,training_tfexample.tfrecord-00008-of-01000#433,WOMD,training,training_tfexample.tfrecord-00008-of-01000,433,training,B,SUPPORT,MERGE_CONTEXT_ELIGIBLE,MEDIUM,1,SAFETY_CRITICAL_UNCERTAIN,LOW,LOW,HIGH,accept,,False
training_tfexample.tfrecord-00008-of-01000#436__t26__100_92,training_tfexample.tfrecord-00008-of-01000#436__t26__100_92,ef5474d707b151b,training_tfexample.tfrecord-00008-of-01000#436,WOMD,training,training_tfexample.tfrecord-00008-of-01000,436,training,B,SUPPORT,MERGE_CONTEXT_ELIGIBLE,MEDIUM,1,FRONT_CONSTRAINED,LOW,LOW,HIGH,accept,,False
training_tfexample.tfrecord-00008-of-01000#448__t43__174_162,training_tfexample.tfrecord-00008-of-01000#448__t43__174_162,60afb460d6fe4bdd,training_tfexample.tfrecord-00008-of-01000#448,WOMD,training,training_tfexample.tfrecord-00008-of-01000,448,training,B,SUPPORT,MERGE_CONTEXT_ELIGIBLE,MEDIUM,1,SAFETY_CRITICAL_UNCERTAIN,LOW,LOW,HIGH,accept,,False
training_tfexample.tfrecord-00008-of-01000#456__t58__441_451,training_tfexample.tfrecord-00008-of-01000#456__t58__441_451,31cfe6b294c18600,training_tfexample.tfrecord-00008-of-01000#456,WOMD,training,training_tfexample.tfrecord-00008-of-01000,456,training,B,SUPPORT,MERGE_CONTEXT_ELIGIBLE,MEDIUM,1,SAFETY_CRITICAL_UNCERTAIN,LOW,LOW,HIGH,accept,,False
training_tfexample.tfrecord-00008-of-01000#457__t35__129_124,training_tfexample.tfrecord-00008-of-01000#457__t35__129_124,dba620fd8e118db5,training_tfexample.tfrecord-00008-of-01000#457,WOMD,training,training_tfexample.tfrecord-00008-of-01000,457,training,A,CORE,MERGE_CONTEXT_ELIGIBLE,HIGH,2,SAFETY_CRITICAL_UNCERTAIN,LOW,HIGH,HIGH,accept,,False
training_tfexample.tfrecord-00008-of-01000#465__t89__148_164,training_tfexample.tfrecord-00008-of-01000#465__t89__148_164,6edff297cd7418d3,training_tfexample.tfrecord-00008-of-01000#465,WOMD,training,training_tfexample.tfrecord-00008-of-01000,465,training,B,SUPPORT,MERGE_CONTEXT_ELIGIBLE,MEDIUM,1,SAFETY_CRITICAL_UNCERTAIN,LOW,LOW,HIGH,reject,target_not_stable,False
training_tfexample.tfrecord-00008-of-01000#470__t64__176_177,training_tfexample.tfrecord-00008-of-01000#470__t64__176_177,c19531fcddaf91ec,training_tfexample.tfrecord-00008-of-01000#470,WOMD,training,training_tfexample.tfrecord-00008-of-01000,470,training,A,CORE,MERGE_CONTEXT_ELIGIBLE,HIGH,2,SAFETY_CRITICAL_UNCERTAIN,LOW,HIGH,HIGH,accept,,False
training_tfexample.tfrecord-00008-of-01000#482__t46__140_126,training_tfexample.tfrecord-00008-of-01000#482__t46__140_126,dc4b224e558a2eda,training_tfexample.tfrecord-00008-of-01000#482,WOMD,training,training_tfexample.tfrecord-00008-of-01000,482,training,A,CORE,MERGE_CONTEXT_ELIGIBLE,HIGH,2,BOTH_SIDES_CONSTRAINED,LOW,HIGH,HIGH,accept,,False
training_tfexample.tfrecord-00008-of-01000#483__t73__380_787,training_tfexample.tfrecord-00008-of-01000#483__t73__380_787,a79b0885f2e92f44,training_tfexample.tfrecord-00008-of-01000#483,WOMD,training,training_tfexample.tfrecord-00008-of-01000,483,training,B,SUPPORT,MERGE_CONTEXT_ELIGIBLE,MEDIUM,1,FRONT_CONSTRAINED,LOW,LOW,HIGH,accept,,False
training_tfexample.tfrecord-00008-of-01000#489__t42__117_115,training_tfexample.tfrecord-00008-of-01000#489__t42__117_115,a278dd81ea06e228,training_tfexample.tfrecord-00008-of-01000#489,WOMD,training,training_tfexample.tfrecord-00008-of-01000,489,training,A,CORE,MERGE_CONTEXT_ELIGIBLE,MEDIUM,2,WEAK_INTERACTION,HIGH,LOW,MEDIUM,accept,,False
training_tfexample.tfrecord-00008-of-01000#490__t66__66_123,training_tfexample.tfrecord-00008-of-01000#490__t66__66_123,1cf1dbd5c1070cd8,training_tfexample.tfrecord-00008-of-01000#490,WOMD,training,training_tfexample.tfrecord-00008-of-01000,490,training,B,SUPPORT,MERGE_CONTEXT_ELIGIBLE,MEDIUM,1,SAFETY_CRITICAL_UNCERTAIN,LOW,LOW,HIGH,accept,,False
training_tfexample.tfrecord-00008-of-01000#496__t6__200_207,training_tfexample.tfrecord-00008-of-01000#496__t6__200_207,e5af38cea1e5b540,training_tfexample.tfrecord-00008-of-01000#496,WOMD,training,training_tfexample.tfrecord-00008-of-01000,496,training,B,SUPPORT,MERGE_CONTEXT_ELIGIBLE,LOW,1,WEAK_INTERACTION,LOW,LOW,MEDIUM,accept,,False
training_tfexample.tfrecord-00008-of-01000#496__t64__214_230,training_tfexample.tfrecord-00008-of-01000#496__t64__214_230,e5af38cea1e5b540,training_tfexample.tfrecord-00008-of-01000#496,WOMD,training,training_tfexample.tfrecord-00008-of-01000,496,training,B,SUPPORT,MERGE_CONTEXT_ELIGIBLE,MEDIUM,1,FRONT_CONSTRAINED,LOW,LOW,MEDIUM,accept,,False
training_tfexample.tfrecord-00009-of-01000#0__t64__193_204,training_tfexample.tfrecord-00009-of-01000#0__t64__193_204,219bdb1e0f472b5a,training_tfexample.tfrecord-00009-of-01000#0,WOMD,training,training_tfexample.tfrecord-00009-of-01000,0,training,A,CORE,MERGE_CONTEXT_ELIGIBLE,HIGH,2,SAFETY_CRITICAL_UNCERTAIN,LOW,HIGH,HIGH,accept,,False
training_tfexample.tfrecord-00009-of-01000#14__t20__635_681,training_tfexample.tfrecord-00009-of-01000#14__t20__635_681,d32195e81468d717,training_tfexample.tfrecord-00009-of-01000#14,WOMD,training,training_tfexample.tfrecord-00009-of-01000,14,training,B,SUPPORT,MERGE_CONTEXT_ELIGIBLE,MEDIUM,1,FRONT_CONSTRAINED,LOW,LOW,HIGH,accept,,False
training_tfexample.tfrecord-00009-of-01000#16__t20__361_373,training_tfexample.tfrecord-00009-of-01000#16__t20__361_373,1ab9c13728bfc883,training_tfexample.tfrecord-00009-of-01000#16,WOMD,training,training_tfexample.tfrecord-00009-of-01000,16,training,A,CORE,MERGE_CONTEXT_ELIGIBLE,MEDIUM,2,SAFETY_CRITICAL_UNCERTAIN,MEDIUM,LOW,MEDIUM,accept,,False
training_tfexample.tfrecord-00009-of-01000#18__t74__203_204,training_tfexample.tfrecord-00009-of-01000#18__t74__203_204,f5d097f871d09759,training_tfexample.tfrecord-00009-of-01000#18,WOMD,training,training_tfexample.tfrecord-00009-of-01000,18,training,A,CORE,MERGE_CONTEXT_ELIGIBLE,MEDIUM,2,FRONT_CONSTRAINED,MEDIUM,LOW,MEDIUM,accept,,False
training_tfexample.tfrecord-00009-of-01000#20__t70__116_103,training_tfexample.tfrecord-00009-of-01000#20__t70__116_103,f9d00ec358bad419,training_tfexample.tfrecord-00009-of-01000#20,WOMD,training,training_tfexample.tfrecord-00009-of-01000,20,training,B,SUPPORT,MERGE_CONTEXT_ELIGIBLE,MEDIUM,1,FRONT_CONSTRAINED,LOW,LOW,HIGH,accept,,False
training_tfexample.tfrecord-00009-of-01000#25__t35__515_506,training_tfexample.tfrecord-00009-of-01000#25__t35__515_506,d969eca64f60ebc9,training_tfexample.tfrecord-00009-of-01000#25,WOMD,training,training_tfexample.tfrecord-00009-of-01000,25,training,A,CORE,MERGE_CONTEXT_ELIGIBLE,HIGH,2,SAFETY_CRITICAL_UNCERTAIN,LOW,HIGH,HIGH,accept,,False
training_tfexample.tfrecord-00009-of-01000#28__t90__306_302,training_tfexample.tfrecord-00009-of-01000#28__t90__306_302,e404e370d971bba3,training_tfexample.tfrecord-00009-of-01000#28,WOMD,training,training_tfexample.tfrecord-00009-of-01000,28,training,A,CORE,MERGE_CONTEXT_ELIGIBLE,MEDIUM,2,WEAK_INTERACTION,MEDIUM,LOW,MEDIUM,reject,target_not_stable,False
training_tfexample.tfrecord-00009-of-01000#36__t17__124_287,training_tfexample.tfrecord-00009-of-01000#36__t17__124_287,c4b1be5e667ef28f,training_tfexample.tfrecord-00009-of-01000#36,WOMD,training,training_tfexample.tfrecord-00009-of-01000,36,training,B,SUPPORT,MERGE_CONTEXT_ELIGIBLE,MEDIUM,1,FRONT_CONSTRAINED,LOW,LOW,MEDIUM,accept,,False
training_tfexample.tfrecord-00009-of-01000#37__t18__81_67,training_tfexample.tfrecord-00009-of-01000#37__t18__81_67,29b90b42a704cadf,training_tfexample.tfrecord-00009-of-01000#37,WOMD,training,training_tfexample.tfrecord-00009-of-01000,37,training,B,SUPPORT,MERGE_CONTEXT_ELIGIBLE,MEDIUM,1,FRONT_CONSTRAINED,LOW,LOW,MEDIUM,accept,,False
training_tfexample.tfrecord-00009-of-01000#38__t28__451_449,training_tfexample.tfrecord-00009-of-01000#38__t28__451_449,de7b6948ccac4b75,training_tfexample.tfrecord-00009-of-01000#38,WOMD,training,training_tfexample.tfrecord-00009-of-01000,38,training,A,CORE,MERGE_CONTEXT_ELIGIBLE,HIGH,2,SAFETY_CRITICAL_UNCERTAIN,LOW,HIGH,HIGH,accept,,False
training_tfexample.tfrecord-00009-of-01000#38__t58__446_434,training_tfexample.tfrecord-00009-of-01000#38__t58__446_434,de7b6948ccac4b75,training_tfexample.tfrecord-00009-of-01000#38,WOMD,training,training_tfexample.tfrecord-00009-of-01000,38,training,A,CORE,MERGE_CONTEXT_ELIGIBLE,HIGH,2,BOTH_SIDES_CONSTRAINED,LOW,HIGH,HIGH,accept,,False
training_tfexample.tfrecord-00009-of-01000#40__t81__1000_1005,training_tfexample.tfrecord-00009-of-01000#40__t81__1000_1005,a84e4f5c08f216ec,training_tfexample.tfrecord-00009-of-01000#40,WOMD,training,training_tfexample.tfrecord-00009-of-01000,40,training,B,SUPPORT,MERGE_CONTEXT_ELIGIBLE,LOW,1,WEAK_INTERACTION,LOW,LOW,MEDIUM,accept,,False
training_tfexample.tfrecord-00009-of-01000#45__t57__80_82,training_tfexample.tfrecord-00009-of-01000#45__t57__80_82,aa4e606760766e1c,training_tfexample.tfrecord-00009-of-01000#45,WOMD,training,training_tfexample.tfrecord-00009-of-01000,45,training,A,CORE,MERGE_CONTEXT_ELIGIBLE,HIGH,2,SAFETY_CRITICAL_UNCERTAIN,LOW,HIGH,HIGH,accept,,True
training_tfexample.tfrecord-00009-of-01000#47__t80__268_209,training_tfexample.tfrecord-00009-of-01000#47__t80__268_209,581862d41548c1d5,training_tfexample.tfrecord-00009-of-01000#47,WOMD,training,training_tfexample.tfrecord-00009-of-01000,47,training,A,CORE,MERGE_CONTEXT_ELIGIBLE,HIGH,2,BOTH_SIDES_CONSTRAINED,LOW,HIGH,HIGH,accept,,False
training_tfexample.tfrecord-00009-of-01000#51__t38__477_465,training_tfexample.tfrecord-00009-of-01000#51__t38__477_465,f194c6d783ca9858,training_tfexample.tfrecord-00009-of-01000#51,WOMD,training,training_tfexample.tfrecord-00009-of-01000,51,training,A,CORE,MERGE_CONTEXT_ELIGIBLE,HIGH,3,BOTH_SIDES_CONSTRAINED,MEDIUM,HIGH,MEDIUM,accept,,False
training_tfexample.tfrecord-00009-of-01000#55__t5__376_640,training_tfexample.tfrecord-00009-of-01000#55__t5__376_640,255beb3217cdcd1b,training_tfexample.tfrecord-00009-of-01000#55,WOMD,training,training_tfexample.tfrecord-00009-of-01000,55,training,B,SUPPORT,MERGE_CONTEXT_ELIGIBLE,MEDIUM,1,SAFETY_CRITICAL_UNCERTAIN,LOW,LOW,HIGH,accept,,False
training_tfexample.tfrecord-00009-of-01000#57__t56__698_872,training_tfexample.tfrecord-00009-of-01000#57__t56__698_872,93cb2ad6cadb5195,training_tfexample.tfrecord-00009-of-01000#57,WOMD,training,training_tfexample.tfrecord-00009-of-01000,57,training,A,CORE,MERGE_CONTEXT_ELIGIBLE,MEDIUM,2,FRONT_CONSTRAINED,MEDIUM,LOW,MEDIUM,accept,,False
training_tfexample.tfrecord-00009-of-01000#59__t18__221_257,training_tfexample.tfrecord-00009-of-01000#59__t18__221_257,5ef309eca8470af0,training_tfexample.tfrecord-00009-of-01000#59,WOMD,training,training_tfexample.tfrecord-00009-of-01000,59,training,A,CORE,MERGE_CONTEXT_ELIGIBLE,HIGH,2,BOTH_SIDES_CONSTRAINED,LOW,HIGH,HIGH,accept,,False
training_tfexample.tfrecord-00009-of-01000#71__t48__302_263,training_tfexample.tfrecord-00009-of-01000#71__t48__302_263,287d04482a19fcaf,training_tfexample.tfrecord-00009-of-01000#71,WOMD,training,training_tfexample.tfrecord-00009-of-01000,71,training,B,SUPPORT,MERGE_CONTEXT_ELIGIBLE,MEDIUM,1,SAFETY_CRITICAL_UNCERTAIN,LOW,LOW,HIGH,accept,,False
training_tfexample.tfrecord-00009-of-01000#76__t7__565_549,training_tfexample.tfrecord-00009-of-01000#76__t7__565_549,52734dd516b7b610,training_tfexample.tfrecord-00009-of-01000#76,WOMD,training,training_tfexample.tfrecord-00009-of-01000,76,training,B,SUPPORT,MERGE_CONTEXT_ELIGIBLE,MEDIUM,1,SAFETY_CRITICAL_UNCERTAIN,LOW,LOW,HIGH,accept,,False
training_tfexample.tfrecord-00009-of-01000#76__t16__549_560,training_tfexample.tfrecord-00009-of-01000#76__t16__549_560,52734dd516b7b610,training_tfexample.tfrecord-00009-of-01000#76,WOMD,training,training_tfexample.tfrecord-00009-of-01000,76,training,A,CORE,MERGE_CONTEXT_ELIGIBLE,HIGH,2,SAFETY_CRITICAL_UNCERTAIN,LOW,HIGH,HIGH,accept,,False
training_tfexample.tfrecord-00009-of-01000#76__t43__560_480,training_tfexample.tfrecord-00009-of-01000#76__t43__560_480,52734dd516b7b610,training_tfexample.tfrecord-00009-of-01000#76,WOMD,training,training_tfexample.tfrecord-00009-of-01000,76,training,B,SUPPORT,MERGE_CONTEXT_ELIGIBLE,MEDIUM,1,SAFETY_CRITICAL_UNCERTAIN,LOW,LOW,HIGH,accept,,False
training_tfexample.tfrecord-00009-of-01000#78__t59__226_195,training_tfexample.tfrecord-00009-of-01000#78__t59__226_195,4d5b94245b07c4c4,training_tfexample.tfrecord-00009-of-01000#78,WOMD,training,training_tfexample.tfrecord-00009-of-01000,78,training,B,SUPPORT,MERGE_CONTEXT_ELIGIBLE,MEDIUM,1,SAFETY_CRITICAL_UNCERTAIN,LOW,LOW,HIGH,accept,,False
training_tfexample.tfrecord-00009-of-01000#90__t74__161_149,training_tfexample.tfrecord-00009-of-01000#90__t74__161_149,51fb107d1d6e8697,training_tfexample.tfrecord-00009-of-01000#90,WOMD,training,training_tfexample.tfrecord-00009-of-01000,90,training,B,SUPPORT,MERGE_CONTEXT_ELIGIBLE,LOW,1,WEAK_INTERACTION,LOW,LOW,MEDIUM,accept,,False
training_tfexample.tfrecord-00009-of-01000#100__t67__799_786,training_tfexample.tfrecord-00009-of-01000#100__t67__799_786,d5926a956b935958,training_tfexample.tfrecord-00009-of-01000#100,WOMD,training,training_tfexample.tfrecord-00009-of-01000,100,training,B,SUPPORT,MERGE_CONTEXT_ELIGIBLE,MEDIUM,1,FRONT_CONSTRAINED,LOW,LOW,MEDIUM,accept,,False
training_tfexample.tfrecord-00009-of-01000#101__t80__41_67,training_tfexample.tfrecord-00009-of-01000#101__t80__41_67,a8dd90ccf5baabcf,training_tfexample.tfrecord-00009-of-01000#101,WOMD,training,training_tfexample.tfrecord-00009-of-01000,101,training,B,SUPPORT,MERGE_CONTEXT_ELIGIBLE,MEDIUM,1,SAFETY_CRITICAL_UNCERTAIN,LOW,LOW,HIGH,accept,,False
training_tfexample.tfrecord-00009-of-01000#102__t13__149_142,training_tfexample.tfrecord-00009-of-01000#102__t13__149_142,b695e0268c9a51a7,training_tfexample.tfrecord-00009-of-01000#102,WOMD,training,training_tfexample.tfrecord-00009-of-01000,102,training,B,SUPPORT,MERGE_CONTEXT_ELIGIBLE,LOW,1,WEAK_INTERACTION,LOW,LOW,MEDIUM,accept,,False
training_tfexample.tfrecord-00009-of-01000#107__t76__330_329,training_tfexample.tfrecord-00009-of-01000#107__t76__330_329,2774c5bd305cc28a,training_tfexample.tfrecord-00009-of-01000#107,WOMD,training,training_tfexample.tfrecord-00009-of-01000,107,training,B,SUPPORT,MERGE_CONTEXT_ELIGIBLE,MEDIUM,1,FRONT_CONSTRAINED,LOW,LOW,HIGH,accept,,False
training_tfexample.tfrecord-00009-of-01000#110__t47__112_120,training_tfexample.tfrecord-00009-of-01000#110__t47__112_120,acfc879542aa7f8b,training_tfexample.tfrecord-00009-of-01000#110,WOMD,training,training_tfexample.tfrecord-00009-of-01000,110,training,A,CORE,MERGE_CONTEXT_ELIGIBLE,HIGH,2,BOTH_SIDES_CONSTRAINED,LOW,HIGH,HIGH,accept,,False
training_tfexample.tfrecord-00009-of-01000#115__t13__503_496,training_tfexample.tfrecord-00009-of-01000#115__t13__503_496,91da90fa144aab6c,training_tfexample.tfrecord-00009-of-01000#115,WOMD,training,training_tfexample.tfrecord-00009-of-01000,115,training,B,SUPPORT,MERGE_CONTEXT_ELIGIBLE,MEDIUM,1,BOTH_SIDES_CONSTRAINED,LOW,LOW,HIGH,accept,,False
training_tfexample.tfrecord-00009-of-01000#115__t43__491_490,training_tfexample.tfrecord-00009-of-01000#115__t43__491_490,91da90fa144aab6c,training_tfexample.tfrecord-00009-of-01000#115,WOMD,training,training_tfexample.tfrecord-00009-of-01000,115,training,B,SUPPORT,MERGE_CONTEXT_ELIGIBLE,MEDIUM,1,SAFETY_CRITICAL_UNCERTAIN,LOW,LOW,HIGH,reject,gap_order_not_persistent,False
training_tfexample.tfrecord-00009-of-01000#118__t28__838_825,training_tfexample.tfrecord-00009-of-01000#118__t28__838_825,84bcb00fb5410b2b,training_tfexample.tfrecord-00009-of-01000#118,WOMD,training,training_tfexample.tfrecord-00009-of-01000,118,training,B,SUPPORT,MERGE_CONTEXT_ELIGIBLE,LOW,1,WEAK_INTERACTION,LOW,LOW,MEDIUM,accept,,False
training_tfexample.tfrecord-00009-of-01000#119__t25__430_426,training_tfexample.tfrecord-00009-of-01000#119__t25__430_426,c10350d98b33ff17,training_tfexample.tfrecord-00009-of-01000#119,WOMD,training,training_tfexample.tfrecord-00009-of-01000,119,training,A,CORE,MERGE_CONTEXT_ELIGIBLE,HIGH,2,SAFETY_CRITICAL_UNCERTAIN,LOW,HIGH,HIGH,accept,,False
training_tfexample.tfrecord-00009-of-01000#123__t27__372_415,training_tfexample.tfrecord-00009-of-01000#123__t27__372_415,9d468e61e557201c,training_tfexample.tfrecord-00009-of-01000#123,WOMD,training,training_tfexample.tfrecord-00009-of-01000,123,training,B,SUPPORT,MERGE_CONTEXT_ELIGIBLE,LOW,1,WEAK_INTERACTION,LOW,LOW,MEDIUM,accept,,False
training_tfexample.tfrecord-00009-of-01000#125__t56__205_166,training_tfexample.tfrecord-00009-of-01000#125__t56__205_166,6aeee4bf16aa8588,training_tfexample.tfrecord-00009-of-01000#125,WOMD,training,training_tfexample.tfrecord-00009-of-01000,125,training,A,CORE,MERGE_CONTEXT_ELIGIBLE,HIGH,2,SAFETY_CRITICAL_UNCERTAIN,LOW,HIGH,HIGH,accept,,False
training_tfexample.tfrecord-00009-of-01000#132__t85__540_532,training_tfexample.tfrecord-00009-of-01000#132__t85__540_532,ec688a56bb65d29a,training_tfexample.tfrecord-00009-of-01000#132,WOMD,training,training_tfexample.tfrecord-00009-of-01000,132,training,B,SUPPORT,MERGE_CONTEXT_ELIGIBLE,LOW,1,WEAK_INTERACTION,LOW,LOW,MEDIUM,accept,,False
training_tfexample.tfrecord-00009-of-01000#133__t66__151_155,training_tfexample.tfrecord-00009-of-01000#133__t66__151_155,410c396422ed0a2b,training_tfexample.tfrecord-00009-of-01000#133,WOMD,training,training_tfexample.tfrecord-00009-of-01000,133,training,B,SUPPORT,MERGE_CONTEXT_ELIGIBLE,MEDIUM,1,SAFETY_CRITICAL_UNCERTAIN,LOW,LOW,HIGH,accept,,False
training_tfexample.tfrecord-00009-of-01000#136__t46__578_769,training_tfexample.tfrecord-00009-of-01000#136__t46__578_769,a4b83e08e69f3d69,training_tfexample.tfrecord-00009-of-01000#136,WOMD,training,training_tfexample.tfrecord-00009-of-01000,136,training,A,CORE,MERGE_CONTEXT_ELIGIBLE,HIGH,2,BOTH_SIDES_CONSTRAINED,LOW,HIGH,HIGH,accept,,False
training_tfexample.tfrecord-00009-of-01000#137__t75__1094_387,training_tfexample.tfrecord-00009-of-01000#137__t75__1094_387,2d4d8b2cebbe9c4,training_tfexample.tfrecord-00009-of-01000#137,WOMD,training,training_tfexample.tfrecord-00009-of-01000,137,training,B,SUPPORT,MERGE_CONTEXT_ELIGIBLE,LOW,1,WEAK_INTERACTION,LOW,LOW,MEDIUM,accept,,False
training_tfexample.tfrecord-00009-of-01000#146__t28__132_139,training_tfexample.tfrecord-00009-of-01000#146__t28__132_139,1ccd73689137be97,training_tfexample.tfrecord-00009-of-01000#146,WOMD,training,training_tfexample.tfrecord-00009-of-01000,146,training,A,CORE,MERGE_CONTEXT_ELIGIBLE,HIGH,2,BOTH_SIDES_CONSTRAINED,LOW,HIGH,HIGH,accept,,False
training_tfexample.tfrecord-00009-of-01000#151__t32__109_118,training_tfexample.tfrecord-00009-of-01000#151__t32__109_118,13d89b8139a0fa2e,training_tfexample.tfrecord-00009-of-01000#151,WOMD,training,training_tfexample.tfrecord-00009-of-01000,151,training,A,CORE,MERGE_CONTEXT_ELIGIBLE,HIGH,2,SAFETY_CRITICAL_UNCERTAIN,LOW,HIGH,HIGH,accept,,False
training_tfexample.tfrecord-00009-of-01000#155__t36__804_518,training_tfexample.tfrecord-00009-of-01000#155__t36__804_518,19ce57c06d3a667f,training_tfexample.tfrecord-00009-of-01000#155,WOMD,training,training_tfexample.tfrecord-00009-of-01000,155,training,A,CORE,MERGE_CONTEXT_ELIGIBLE,HIGH,2,SAFETY_CRITICAL_UNCERTAIN,LOW,HIGH,HIGH,accept,,False
training_tfexample.tfrecord-00009-of-01000#159__t55__448_454,training_tfexample.tfrecord-00009-of-01000#159__t55__448_454,d3a6325c52df9bf8,training_tfexample.tfrecord-00009-of-01000#159,WOMD,training,training_tfexample.tfrecord-00009-of-01000,159,training,A,CORE,MERGE_CONTEXT_ELIGIBLE,HIGH,3,BOTH_SIDES_CONSTRAINED,HIGH,MEDIUM,MEDIUM,accept,,False
training_tfexample.tfrecord-00009-of-01000#162__t39__969_956,training_tfexample.tfrecord-00009-of-01000#162__t39__969_956,ebe95c401417957a,training_tfexample.tfrecord-00009-of-01000#162,WOMD,training,training_tfexample.tfrecord-00009-of-01000,162,training,A,CORE,MERGE_CONTEXT_ELIGIBLE,HIGH,2,BOTH_SIDES_CONSTRAINED,LOW,HIGH,HIGH,accept,,False
training_tfexample.tfrecord-00009-of-01000#165__t51__733_730,training_tfexample.tfrecord-00009-of-01000#165__t51__733_730,b7f7016ef36d395c,training_tfexample.tfrecord-00009-of-01000#165,WOMD,training,training_tfexample.tfrecord-00009-of-01000,165,training,B,SUPPORT,MERGE_CONTEXT_ELIGIBLE,MEDIUM,1,SAFETY_CRITICAL_UNCERTAIN,LOW,LOW,HIGH,accept,,False
training_tfexample.tfrecord-00009-of-01000#168__t90__152_154,training_tfexample.tfrecord-00009-of-01000#168__t90__152_154,380b9162e9a89434,training_tfexample.tfrecord-00009-of-01000#168,WOMD,training,training_tfexample.tfrecord-00009-of-01000,168,training,A,CORE,MERGE_CONTEXT_ELIGIBLE,MEDIUM,2,WEAK_INTERACTION,MEDIUM,LOW,MEDIUM,reject,target_not_stable,False
training_tfexample.tfrecord-00009-of-01000#176__t6__289_284,training_tfexample.tfrecord-00009-of-01000#176__t6__289_284,8d30b7b615991397,training_tfexample.tfrecord-00009-of-01000#176,WOMD,training,training_tfexample.tfrecord-00009-of-01000,176,training,B,SUPPORT,MERGE_CONTEXT_ELIGIBLE,MEDIUM,1,FRONT_CONSTRAINED,LOW,LOW,MEDIUM,accept,,False
training_tfexample.tfrecord-00009-of-01000#182__t72__244_245,training_tfexample.tfrecord-00009-of-01000#182__t72__244_245,9b443fa633389a21,training_tfexample.tfrecord-00009-of-01000#182,WOMD,training,training_tfexample.tfrecord-00009-of-01000,182,training,A,CORE,MERGE_CONTEXT_ELIGIBLE,MEDIUM,2,FRONT_CONSTRAINED,HIGH,LOW,MEDIUM,accept,,False
training_tfexample.tfrecord-00009-of-01000#187__t36__395_393,training_tfexample.tfrecord-00009-of-01000#187__t36__395_393,18955dfcc9e6542a,training_tfexample.tfrecord-00009-of-01000#187,WOMD,training,training_tfexample.tfrecord-00009-of-01000,187,training,A,CORE,MERGE_CONTEXT_ELIGIBLE,HIGH,2,BOTH_SIDES_CONSTRAINED,LOW,HIGH,HIGH,accept,,False
training_tfexample.tfrecord-00009-of-01000#193__t90__125_136,training_tfexample.tfrecord-00009-of-01000#193__t90__125_136,3af33c791fa7f52e,training_tfexample.tfrecord-00009-of-01000#193,WOMD,training,training_tfexample.tfrecord-00009-of-01000,193,training,B,SUPPORT,MERGE_CONTEXT_ELIGIBLE,MEDIUM,1,FRONT_CONSTRAINED,LOW,LOW,HIGH,reject,target_not_stable,False
training_tfexample.tfrecord-00009-of-01000#195__t19__110_94,training_tfexample.tfrecord-00009-of-01000#195__t19__110_94,e3f36b7855a3fa5,training_tfexample.tfrecord-00009-of-01000#195,WOMD,training,training_tfexample.tfrecord-00009-of-01000,195,training,B,SUPPORT,MERGE_CONTEXT_ELIGIBLE,MEDIUM,1,SAFETY_CRITICAL_UNCERTAIN,LOW,LOW,MEDIUM,accept,,False
training_tfexample.tfrecord-00009-of-01000#201__t87__249_260,training_tfexample.tfrecord-00009-of-01000#201__t87__249_260,f0863b6ba41cfac9,training_tfexample.tfrecord-00009-of-01000#201,WOMD,training,training_tfexample.tfrecord-00009-of-01000,201,training,B,SUPPORT,MERGE_CONTEXT_ELIGIBLE,LOW,1,APPROACH_KEEP_CONTEXT,MEDIUM,LOW,LOW,reject,target_not_stable,False
training_tfexample.tfrecord-00009-of-01000#203__t61__352_346,training_tfexample.tfrecord-00009-of-01000#203__t61__352_346,4330263f99133865,training_tfexample.tfrecord-00009-of-01000#203,WOMD,training,training_tfexample.tfrecord-00009-of-01000,203,training,B,SUPPORT,MERGE_CONTEXT_ELIGIBLE,MEDIUM,1,SAFETY_CRITICAL_UNCERTAIN,LOW,LOW,HIGH,accept,,False
training_tfexample.tfrecord-00009-of-01000#210__t11__157_149,training_tfexample.tfrecord-00009-of-01000#210__t11__157_149,e6ac976573d7eb7b,training_tfexample.tfrecord-00009-of-01000#210,WOMD,training,training_tfexample.tfrecord-00009-of-01000,210,training,B,SUPPORT,MERGE_CONTEXT_ELIGIBLE,MEDIUM,1,SAFETY_CRITICAL_UNCERTAIN,LOW,LOW,HIGH,accept,,False
training_tfexample.tfrecord-00009-of-01000#218__t61__350_292,training_tfexample.tfrecord-00009-of-01000#218__t61__350_292,c86bd5f99b25176b,training_tfexample.tfrecord-00009-of-01000#218,WOMD,training,training_tfexample.tfrecord-00009-of-01000,218,training,A,CORE,MERGE_CONTEXT_ELIGIBLE,HIGH,3,BOTH_SIDES_CONSTRAINED,MEDIUM,MEDIUM,MEDIUM,accept,,False
training_tfexample.tfrecord-00009-of-01000#224__t66__103_108,training_tfexample.tfrecord-00009-of-01000#224__t66__103_108,7f5f0d584e65fe94,training_tfexample.tfrecord-00009-of-01000#224,WOMD,training,training_tfexample.tfrecord-00009-of-01000,224,training,B,SUPPORT,MERGE_CONTEXT_ELIGIBLE,MEDIUM,1,FRONT_CONSTRAINED,LOW,LOW,HIGH,accept,,False
training_tfexample.tfrecord-00009-of-01000#225__t77__98_111,training_tfexample.tfrecord-00009-of-01000#225__t77__98_111,fd938ff5ae304617,training_tfexample.tfrecord-00009-of-01000#225,WOMD,training,training_tfexample.tfrecord-00009-of-01000,225,training,A,CORE,MERGE_CONTEXT_ELIGIBLE,HIGH,2,SAFETY_CRITICAL_UNCERTAIN,LOW,HIGH,HIGH,accept,,False
training_tfexample.tfrecord-00009-of-01000#245__t74__154_153,training_tfexample.tfrecord-00009-of-01000#245__t74__154_153,295ff15b30f08334,training_tfexample.tfrecord-00009-of-01000#245,WOMD,training,training_tfexample.tfrecord-00009-of-01000,245,training,A,CORE,MERGE_CONTEXT_ELIGIBLE,HIGH,2,BOTH_SIDES_CONSTRAINED,LOW,HIGH,HIGH,accept,,False
training_tfexample.tfrecord-00009-of-01000#247__t90__337_331,training_tfexample.tfrecord-00009-of-01000#247__t90__337_331,7904eecfc8ec06f1,training_tfexample.tfrecord-00009-of-01000#247,WOMD,training,training_tfexample.tfrecord-00009-of-01000,247,training,B,SUPPORT,MERGE_CONTEXT_ELIGIBLE,LOW,1,SAFETY_CRITICAL_UNCERTAIN,MEDIUM,LOW,LOW,reject,target_not_stable,False
training_tfexample.tfrecord-00009-of-01000#255__t20__399_391,training_tfexample.tfrecord-00009-of-01000#255__t20__399_391,c68d40aa0e1bc2f6,training_tfexample.tfrecord-00009-of-01000#255,WOMD,training,training_tfexample.tfrecord-00009-of-01000,255,training,B,SUPPORT,MERGE_CONTEXT_ELIGIBLE,MEDIUM,1,SAFETY_CRITICAL_UNCERTAIN,LOW,LOW,HIGH,accept,,False
training_tfexample.tfrecord-00009-of-01000#259__t11__580_667,training_tfexample.tfrecord-00009-of-01000#259__t11__580_667,db908b2f6e74fec4,training_tfexample.tfrecord-00009-of-01000#259,WOMD,training,training_tfexample.tfrecord-00009-of-01000,259,training,B,SUPPORT,MERGE_CONTEXT_ELIGIBLE,MEDIUM,1,SAFETY_CRITICAL_UNCERTAIN,LOW,LOW,HIGH,accept,,False
training_tfexample.tfrecord-00009-of-01000#263__t84__125_123,training_tfexample.tfrecord-00009-of-01000#263__t84__125_123,1ee0f77bd1c104e4,training_tfexample.tfrecord-00009-of-01000#263,WOMD,training,training_tfexample.tfrecord-00009-of-01000,263,training,B,SUPPORT,MERGE_CONTEXT_ELIGIBLE,MEDIUM,1,FRONT_CONSTRAINED,LOW,LOW,HIGH,accept,,False
training_tfexample.tfrecord-00009-of-01000#266__t64__185_173,training_tfexample.tfrecord-00009-of-01000#266__t64__185_173,3c417c9db88b6aef,training_tfexample.tfrecord-00009-of-01000#266,WOMD,training,training_tfexample.tfrecord-00009-of-01000,266,training,A,CORE,MERGE_CONTEXT_ELIGIBLE,HIGH,2,SAFETY_CRITICAL_UNCERTAIN,LOW,HIGH,HIGH,accept,,False
training_tfexample.tfrecord-00009-of-01000#267__t69__460_728,training_tfexample.tfrecord-00009-of-01000#267__t69__460_728,fc01e39ce4ffd439,training_tfexample.tfrecord-00009-of-01000#267,WOMD,training,training_tfexample.tfrecord-00009-of-01000,267,training,B,SUPPORT,MERGE_CONTEXT_ELIGIBLE,MEDIUM,1,SAFETY_CRITICAL_UNCERTAIN,LOW,LOW,HIGH,accept,,False
training_tfexample.tfrecord-00009-of-01000#268__t9__680_678,training_tfexample.tfrecord-00009-of-01000#268__t9__680_678,2cdc3b6688a8f74b,training_tfexample.tfrecord-00009-of-01000#268,WOMD,training,training_tfexample.tfrecord-00009-of-01000,268,training,B,SUPPORT,MERGE_CONTEXT_ELIGIBLE,MEDIUM,1,FRONT_CONSTRAINED,LOW,LOW,MEDIUM,accept,,False
training_tfexample.tfrecord-00009-of-01000#271__t12__175_268,training_tfexample.tfrecord-00009-of-01000#271__t12__175_268,b2c9acf7746e10a7,training_tfexample.tfrecord-00009-of-01000#271,WOMD,training,training_tfexample.tfrecord-00009-of-01000,271,training,B,SUPPORT,MERGE_CONTEXT_ELIGIBLE,MEDIUM,1,SAFETY_CRITICAL_UNCERTAIN,LOW,LOW,HIGH,accept,,False
training_tfexample.tfrecord-00009-of-01000#275__t70__179_172,training_tfexample.tfrecord-00009-of-01000#275__t70__179_172,ff56ca3573cc4eb9,training_tfexample.tfrecord-00009-of-01000#275,WOMD,training,training_tfexample.tfrecord-00009-of-01000,275,training,B,SUPPORT,MERGE_CONTEXT_ELIGIBLE,MEDIUM,1,FRONT_CONSTRAINED,LOW,LOW,HIGH,accept,,False
training_tfexample.tfrecord-00009-of-01000#277__t80__233_239,training_tfexample.tfrecord-00009-of-01000#277__t80__233_239,5efd2eee65f0f7bb,training_tfexample.tfrecord-00009-of-01000#277,WOMD,training,training_tfexample.tfrecord-00009-of-01000,277,training,A,CORE,MERGE_CONTEXT_ELIGIBLE,MEDIUM,2,FRONT_CONSTRAINED,MEDIUM,LOW,MEDIUM,accept,,False
training_tfexample.tfrecord-00009-of-01000#280__t54__774_788,training_tfexample.tfrecord-00009-of-01000#280__t54__774_788,20d3921daf8409db,training_tfexample.tfrecord-00009-of-01000#280,WOMD,training,training_tfexample.tfrecord-00009-of-01000,280,training,B,SUPPORT,MERGE_CONTEXT_ELIGIBLE,MEDIUM,1,SAFETY_CRITICAL_UNCERTAIN,LOW,LOW,HIGH,accept,,False
training_tfexample.tfrecord-00009-of-01000#282__t65__742_257,training_tfexample.tfrecord-00009-of-01000#282__t65__742_257,336d16f3751744e2,training_tfexample.tfrecord-00009-of-01000#282,WOMD,training,training_tfexample.tfrecord-00009-of-01000,282,training,B,SUPPORT,MERGE_CONTEXT_ELIGIBLE,MEDIUM,1,SAFETY_CRITICAL_UNCERTAIN,LOW,LOW,HIGH,accept,,False
training_tfexample.tfrecord-00009-of-01000#293__t37__338_293,training_tfexample.tfrecord-00009-of-01000#293__t37__338_293,16777df6da042c24,training_tfexample.tfrecord-00009-of-01000#293,WOMD,training,training_tfexample.tfrecord-00009-of-01000,293,training,B,SUPPORT,MERGE_CONTEXT_ELIGIBLE,MEDIUM,1,SAFETY_CRITICAL_UNCERTAIN,LOW,LOW,HIGH,accept,,False
training_tfexample.tfrecord-00009-of-01000#296__t57__321_320,training_tfexample.tfrecord-00009-of-01000#296__t57__321_320,651fbe6923491e82,training_tfexample.tfrecord-00009-of-01000#296,WOMD,training,training_tfexample.tfrecord-00009-of-01000,296,training,A,CORE,MERGE_CONTEXT_ELIGIBLE,MEDIUM,2,WEAK_INTERACTION,MEDIUM,LOW,MEDIUM,accept,,False
training_tfexample.tfrecord-00009-of-01000#302__t22__653_644,training_tfexample.tfrecord-00009-of-01000#302__t22__653_644,caf8abeca12631ae,training_tfexample.tfrecord-00009-of-01000#302,WOMD,training,training_tfexample.tfrecord-00009-of-01000,302,training,A,CORE,MERGE_CONTEXT_ELIGIBLE,HIGH,2,SAFETY_CRITICAL_UNCERTAIN,LOW,HIGH,HIGH,reject,gap_order_not_persistent,False
training_tfexample.tfrecord-00009-of-01000#303__t46__163_116,training_tfexample.tfrecord-00009-of-01000#303__t46__163_116,8a0b8f6b544f8542,training_tfexample.tfrecord-00009-of-01000#303,WOMD,training,training_tfexample.tfrecord-00009-of-01000,303,training,B,SUPPORT,MERGE_CONTEXT_ELIGIBLE,MEDIUM,1,FRONT_CONSTRAINED,LOW,LOW,MEDIUM,accept,,False
training_tfexample.tfrecord-00009-of-01000#315__t40__671_739,training_tfexample.tfrecord-00009-of-01000#315__t40__671_739,c129ac96fdca8a0b,training_tfexample.tfrecord-00009-of-01000#315,WOMD,training,training_tfexample.tfrecord-00009-of-01000,315,training,A,CORE,MERGE_CONTEXT_ELIGIBLE,HIGH,2,SAFETY_CRITICAL_UNCERTAIN,LOW,HIGH,HIGH,accept,,False
training_tfexample.tfrecord-00009-of-01000#325__t37__102_100,training_tfexample.tfrecord-00009-of-01000#325__t37__102_100,183d802e853f971c,training_tfexample.tfrecord-00009-of-01000#325,WOMD,training,training_tfexample.tfrecord-00009-of-01000,325,training,B,SUPPORT,MERGE_CONTEXT_ELIGIBLE,LOW,1,WEAK_INTERACTION,LOW,LOW,MEDIUM,accept,,False
training_tfexample.tfrecord-00009-of-01000#326__t21__355_369,training_tfexample.tfrecord-00009-of-01000#326__t21__355_369,f141b411695e1a9a,training_tfexample.tfrecord-00009-of-01000#326,WOMD,training,training_tfexample.tfrecord-00009-of-01000,326,training,A,CORE,MERGE_CONTEXT_ELIGIBLE,MEDIUM,2,WEAK_INTERACTION,MEDIUM,LOW,MEDIUM,accept,,False
training_tfexample.tfrecord-00009-of-01000#328__t37__919_923,training_tfexample.tfrecord-00009-of-01000#328__t37__919_923,42ab4438f886f82d,training_tfexample.tfrecord-00009-of-01000#328,WOMD,training,training_tfexample.tfrecord-00009-of-01000,328,training,A,CORE,MERGE_CONTEXT_ELIGIBLE,HIGH,2,SAFETY_CRITICAL_UNCERTAIN,LOW,HIGH,HIGH,accept,,False
training_tfexample.tfrecord-00009-of-01000#334__t22__721_734,training_tfexample.tfrecord-00009-of-01000#334__t22__721_734,7ce53ec16ddb6afa,training_tfexample.tfrecord-00009-of-01000#334,WOMD,training,training_tfexample.tfrecord-00009-of-01000,334,training,A,CORE,MERGE_CONTEXT_ELIGIBLE,HIGH,2,SAFETY_CRITICAL_UNCERTAIN,LOW,HIGH,HIGH,accept,,False
training_tfexample.tfrecord-00009-of-01000#337__t82__205_204,training_tfexample.tfrecord-00009-of-01000#337__t82__205_204,82aad81056a3522,training_tfexample.tfrecord-00009-of-01000#337,WOMD,training,training_tfexample.tfrecord-00009-of-01000,337,training,B,SUPPORT,MERGE_CONTEXT_ELIGIBLE,MEDIUM,1,SAFETY_CRITICAL_UNCERTAIN,LOW,LOW,HIGH,accept,,False
training_tfexample.tfrecord-00009-of-01000#348__t72__171_159,training_tfexample.tfrecord-00009-of-01000#348__t72__171_159,b9d748c04898fd6d,training_tfexample.tfrecord-00009-of-01000#348,WOMD,training,training_tfexample.tfrecord-00009-of-01000,348,training,B,SUPPORT,MERGE_CONTEXT_ELIGIBLE,MEDIUM,1,SAFETY_CRITICAL_UNCERTAIN,LOW,LOW,HIGH,accept,,False
training_tfexample.tfrecord-00009-of-01000#350__t34__315_318,training_tfexample.tfrecord-00009-of-01000#350__t34__315_318,5419f01ab69621e4,training_tfexample.tfrecord-00009-of-01000#350,WOMD,training,training_tfexample.tfrecord-00009-of-01000,350,training,B,SUPPORT,MERGE_CONTEXT_ELIGIBLE,MEDIUM,1,SAFETY_CRITICAL_UNCERTAIN,LOW,LOW,HIGH,accept,,False
training_tfexample.tfrecord-00009-of-01000#352__t22__420_409,training_tfexample.tfrecord-00009-of-01000#352__t22__420_409,d8ce7bb37e8464e9,training_tfexample.tfrecord-00009-of-01000#352,WOMD,training,training_tfexample.tfrecord-00009-of-01000,352,training,A,CORE,MERGE_CONTEXT_ELIGIBLE,HIGH,2,SAFETY_CRITICAL_UNCERTAIN,LOW,HIGH,HIGH,accept,,False
training_tfexample.tfrecord-00009-of-01000#353__t16__555_548,training_tfexample.tfrecord-00009-of-01000#353__t16__555_548,8e2cb3b427d45327,training_tfexample.tfrecord-00009-of-01000#353,WOMD,training,training_tfexample.tfrecord-00009-of-01000,353,training,B,SUPPORT,MERGE_CONTEXT_ELIGIBLE,LOW,1,WEAK_INTERACTION,LOW,LOW,MEDIUM,accept,,False
training_tfexample.tfrecord-00009-of-01000#359__t56__432_790,training_tfexample.tfrecord-00009-of-01000#359__t56__432_790,fa4c7b7b19f3d32c,training_tfexample.tfrecord-00009-of-01000#359,WOMD,training,training_tfexample.tfrecord-00009-of-01000,359,training,B,SUPPORT,MERGE_CONTEXT_ELIGIBLE,LOW,1,WEAK_INTERACTION,LOW,LOW,MEDIUM,accept,,False
training_tfexample.tfrecord-00009-of-01000#364__t16__249_228,training_tfexample.tfrecord-00009-of-01000#364__t16__249_228,ac8cdaf5472ad8b4,training_tfexample.tfrecord-00009-of-01000#364,WOMD,training,training_tfexample.tfrecord-00009-of-01000,364,training,A,CORE,MERGE_CONTEXT_ELIGIBLE,HIGH,2,SAFETY_CRITICAL_UNCERTAIN,LOW,HIGH,HIGH,accept,,False
training_tfexample.tfrecord-00009-of-01000#366__t25__820_809,training_tfexample.tfrecord-00009-of-01000#366__t25__820_809,86e944090f82dcf1,training_tfexample.tfrecord-00009-of-01000#366,WOMD,training,training_tfexample.tfrecord-00009-of-01000,366,training,A,CORE,MERGE_CONTEXT_ELIGIBLE,HIGH,2,SAFETY_CRITICAL_UNCERTAIN,LOW,HIGH,HIGH,accept,,False
training_tfexample.tfrecord-00009-of-01000#366__t88__230_223,training_tfexample.tfrecord-00009-of-01000#366__t88__230_223,86e944090f82dcf1,training_tfexample.tfrecord-00009-of-01000#366,WOMD,training,training_tfexample.tfrecord-00009-of-01000,366,training,B,SUPPORT,MERGE_CONTEXT_ELIGIBLE,MEDIUM,1,FRONT_CONSTRAINED,LOW,LOW,MEDIUM,reject,target_not_stable,False
training_tfexample.tfrecord-00009-of-01000#368__t27__120_70,training_tfexample.tfrecord-00009-of-01000#368__t27__120_70,97728335a595379,training_tfexample.tfrecord-00009-of-01000#368,WOMD,training,training_tfexample.tfrecord-00009-of-01000,368,training,B,SUPPORT,MERGE_CONTEXT_ELIGIBLE,MEDIUM,1,SAFETY_CRITICAL_UNCERTAIN,LOW,LOW,HIGH,accept,,False
training_tfexample.tfrecord-00009-of-01000#370__t73__203_239,training_tfexample.tfrecord-00009-of-01000#370__t73__203_239,f72ee89f728c1b48,training_tfexample.tfrecord-00009-of-01000#370,WOMD,training,training_tfexample.tfrecord-00009-of-01000,370,training,A,CORE,MERGE_CONTEXT_ELIGIBLE,HIGH,2,SAFETY_CRITICAL_UNCERTAIN,LOW,HIGH,HIGH,accept,,False
training_tfexample.tfrecord-00009-of-01000#388__t89__78_81,training_tfexample.tfrecord-00009-of-01000#388__t89__78_81,d34c8fe97bfeaf84,training_tfexample.tfrecord-00009-of-01000#388,WOMD,training,training_tfexample.tfrecord-00009-of-01000,388,training,B,SUPPORT,MERGE_CONTEXT_ELIGIBLE,MEDIUM,1,SAFETY_CRITICAL_UNCERTAIN,LOW,LOW,HIGH,reject,target_not_stable,False
training_tfexample.tfrecord-00009-of-01000#395__t48__508_370,training_tfexample.tfrecord-00009-of-01000#395__t48__508_370,5f8e280c156bed96,training_tfexample.tfrecord-00009-of-01000#395,WOMD,training,training_tfexample.tfrecord-00009-of-01000,395,training,A,CORE,MERGE_CONTEXT_ELIGIBLE,MEDIUM,2,FRONT_CONSTRAINED,HIGH,LOW,MEDIUM,accept,,False
training_tfexample.tfrecord-00009-of-01000#398__t30__234_232,training_tfexample.tfrecord-00009-of-01000#398__t30__234_232,8eed5db8dcc3c01f,training_tfexample.tfrecord-00009-of-01000#398,WOMD,training,training_tfexample.tfrecord-00009-of-01000,398,training,B,SUPPORT,MERGE_CONTEXT_ELIGIBLE,MEDIUM,1,SAFETY_CRITICAL_UNCERTAIN,LOW,LOW,HIGH,accept,,False
training_tfexample.tfrecord-00009-of-01000#401__t83__137_123,training_tfexample.tfrecord-00009-of-01000#401__t83__137_123,74bb7247c2ff4fd2,training_tfexample.tfrecord-00009-of-01000#401,WOMD,training,training_tfexample.tfrecord-00009-of-01000,401,training,B,SUPPORT,MERGE_CONTEXT_ELIGIBLE,MEDIUM,1,FRONT_CONSTRAINED,LOW,LOW,HIGH,accept,,False
training_tfexample.tfrecord-00009-of-01000#403__t47__317_299,training_tfexample.tfrecord-00009-of-01000#403__t47__317_299,e906baea50045f3b,training_tfexample.tfrecord-00009-of-01000#403,WOMD,training,training_tfexample.tfrecord-00009-of-01000,403,training,B,SUPPORT,MERGE_CONTEXT_ELIGIBLE,MEDIUM,1,SAFETY_CRITICAL_UNCERTAIN,LOW,LOW,HIGH,accept,,False
training_tfexample.tfrecord-00009-of-01000#405__t19__268_266,training_tfexample.tfrecord-00009-of-01000#405__t19__268_266,c2ff71c12eb7beea,training_tfexample.tfrecord-00009-of-01000#405,WOMD,training,training_tfexample.tfrecord-00009-of-01000,405,training,A,CORE,MERGE_CONTEXT_ELIGIBLE,HIGH,2,SAFETY_CRITICAL_UNCERTAIN,LOW,HIGH,HIGH,accept,,False
training_tfexample.tfrecord-00009-of-01000#407__t30__678_681,training_tfexample.tfrecord-00009-of-01000#407__t30__678_681,cf31675694965306,training_tfexample.tfrecord-00009-of-01000#407,WOMD,training,training_tfexample.tfrecord-00009-of-01000,407,training,A,CORE,MERGE_CONTEXT_ELIGIBLE,MEDIUM,2,FRONT_CONSTRAINED,MEDIUM,LOW,MEDIUM,accept,,False
training_tfexample.tfrecord-00009-of-01000#415__t23__601_622,training_tfexample.tfrecord-00009-of-01000#415__t23__601_622,f44724387d56ea2b,training_tfexample.tfrecord-00009-of-01000#415,WOMD,training,training_tfexample.tfrecord-00009-of-01000,415,training,A,CORE,MERGE_CONTEXT_ELIGIBLE,HIGH,2,BOTH_SIDES_CONSTRAINED,LOW,HIGH,HIGH,accept,,False
training_tfexample.tfrecord-00009-of-01000#419__t13__500_518,training_tfexample.tfrecord-00009-of-01000#419__t13__500_518,144a02fb636a409f,training_tfexample.tfrecord-00009-of-01000#419,WOMD,training,training_tfexample.tfrecord-00009-of-01000,419,training,B,SUPPORT,MERGE_CONTEXT_ELIGIBLE,MEDIUM,1,SAFETY_CRITICAL_UNCERTAIN,LOW,LOW,HIGH,accept,,False
training_tfexample.tfrecord-00009-of-01000#420__t60__437_444,training_tfexample.tfrecord-00009-of-01000#420__t60__437_444,70df004d59b97ff9,training_tfexample.tfrecord-00009-of-01000#420,WOMD,training,training_tfexample.tfrecord-00009-of-01000,420,training,A,CORE,MERGE_CONTEXT_ELIGIBLE,HIGH,3,APPROACH_KEEP_CONTEXT,MEDIUM,MEDIUM,MEDIUM,accept,,False
training_tfexample.tfrecord-00009-of-01000#422__t58__221_216,training_tfexample.tfrecord-00009-of-01000#422__t58__221_216,675477e897977258,training_tfexample.tfrecord-00009-of-01000#422,WOMD,training,training_tfexample.tfrecord-00009-of-01000,422,training,B,SUPPORT,MERGE_CONTEXT_ELIGIBLE,MEDIUM,1,FRONT_CONSTRAINED,LOW,LOW,MEDIUM,accept,,False
training_tfexample.tfrecord-00009-of-01000#424__t9__114_98,training_tfexample.tfrecord-00009-of-01000#424__t9__114_98,572de94db910b250,training_tfexample.tfrecord-00009-of-01000#424,WOMD,training,training_tfexample.tfrecord-00009-of-01000,424,training,B,SUPPORT,MERGE_CONTEXT_ELIGIBLE,MEDIUM,1,FRONT_CONSTRAINED,LOW,LOW,HIGH,accept,,False
training_tfexample.tfrecord-00009-of-01000#429__t18__447_451,training_tfexample.tfrecord-00009-of-01000#429__t18__447_451,ed3c389df975c00c,training_tfexample.tfrecord-00009-of-01000#429,WOMD,training,training_tfexample.tfrecord-00009-of-01000,429,training,B,SUPPORT,MERGE_CONTEXT_ELIGIBLE,MEDIUM,1,FRONT_CONSTRAINED,LOW,LOW,HIGH,accept,,False
training_tfexample.tfrecord-00009-of-01000#430__t25__128_151,training_tfexample.tfrecord-00009-of-01000#430__t25__128_151,37e72e997c490a20,training_tfexample.tfrecord-00009-of-01000#430,WOMD,training,training_tfexample.tfrecord-00009-of-01000,430,training,A,CORE,MERGE_CONTEXT_ELIGIBLE,MEDIUM,2,FRONT_CONSTRAINED,MEDIUM,LOW,MEDIUM,accept,,False
training_tfexample.tfrecord-00009-of-01000#431__t77__448_441,training_tfexample.tfrecord-00009-of-01000#431__t77__448_441,3445cc40311f0e49,training_tfexample.tfrecord-00009-of-01000#431,WOMD,training,training_tfexample.tfrecord-00009-of-01000,431,training,B,SUPPORT,MERGE_CONTEXT_ELIGIBLE,LOW,1,WEAK_INTERACTION,LOW,LOW,MEDIUM,accept,,False
training_tfexample.tfrecord-00009-of-01000#433__t62__527_556,training_tfexample.tfrecord-00009-of-01000#433__t62__527_556,e0f167b80871cd3a,training_tfexample.tfrecord-00009-of-01000#433,WOMD,training,training_tfexample.tfrecord-00009-of-01000,433,training,A,CORE,MERGE_CONTEXT_ELIGIBLE,HIGH,2,BOTH_SIDES_CONSTRAINED,LOW,HIGH,HIGH,accept,,False
training_tfexample.tfrecord-00009-of-01000#436__t15__719_727,training_tfexample.tfrecord-00009-of-01000#436__t15__719_727,99f72efa9bb3277c,training_tfexample.tfrecord-00009-of-01000#436,WOMD,training,training_tfexample.tfrecord-00009-of-01000,436,training,A,CORE,MERGE_CONTEXT_ELIGIBLE,HIGH,2,SAFETY_CRITICAL_UNCERTAIN,LOW,HIGH,HIGH,accept,,False
training_tfexample.tfrecord-00009-of-01000#436__t59__693_686,training_tfexample.tfrecord-00009-of-01000#436__t59__693_686,99f72efa9bb3277c,training_tfexample.tfrecord-00009-of-01000#436,WOMD,training,training_tfexample.tfrecord-00009-of-01000,436,training,B,SUPPORT,MERGE_CONTEXT_ELIGIBLE,MEDIUM,1,FRONT_CONSTRAINED,LOW,LOW,HIGH,accept,,False
training_tfexample.tfrecord-00009-of-01000#436__t90__656_574,training_tfexample.tfrecord-00009-of-01000#436__t90__656_574,99f72efa9bb3277c,training_tfexample.tfrecord-00009-of-01000#436,WOMD,training,training_tfexample.tfrecord-00009-of-01000,436,training,B,SUPPORT,MERGE_CONTEXT_ELIGIBLE,MEDIUM,1,FRONT_CONSTRAINED,LOW,LOW,MEDIUM,reject,target_not_stable,False
training_tfexample.tfrecord-00009-of-01000#438__t28__412_406,training_tfexample.tfrecord-00009-of-01000#438__t28__412_406,c318e13d281371bf,training_tfexample.tfrecord-00009-of-01000#438,WOMD,training,training_tfexample.tfrecord-00009-of-01000,438,training,B,SUPPORT,MERGE_CONTEXT_ELIGIBLE,MEDIUM,1,FRONT_CONSTRAINED,LOW,LOW,HIGH,accept,,False
training_tfexample.tfrecord-00009-of-01000#441__t58__840_835,training_tfexample.tfrecord-00009-of-01000#441__t58__840_835,9dd646c5138b4ea8,training_tfexample.tfrecord-00009-of-01000#441,WOMD,training,training_tfexample.tfrecord-00009-of-01000,441,training,B,SUPPORT,MERGE_CONTEXT_ELIGIBLE,LOW,1,WEAK_INTERACTION,LOW,LOW,MEDIUM,accept,,False
training_tfexample.tfrecord-00009-of-01000#445__t60__212_448,training_tfexample.tfrecord-00009-of-01000#445__t60__212_448,a7761fc58e09d705,training_tfexample.tfrecord-00009-of-01000#445,WOMD,training,training_tfexample.tfrecord-00009-of-01000,445,training,A,CORE,MERGE_CONTEXT_ELIGIBLE,HIGH,3,BOTH_SIDES_CONSTRAINED,MEDIUM,MEDIUM,MEDIUM,accept,,False
training_tfexample.tfrecord-00009-of-01000#454__t81__453_446,training_tfexample.tfrecord-00009-of-01000#454__t81__453_446,8067c06f5e80881d,training_tfexample.tfrecord-00009-of-01000#454,WOMD,training,training_tfexample.tfrecord-00009-of-01000,454,training,B,SUPPORT,MERGE_CONTEXT_ELIGIBLE,MEDIUM,1,FRONT_CONSTRAINED,LOW,LOW,HIGH,accept,,False
training_tfexample.tfrecord-00009-of-01000#457__t85__250_264,training_tfexample.tfrecord-00009-of-01000#457__t85__250_264,851e39c8f5645264,training_tfexample.tfrecord-00009-of-01000#457,WOMD,training,training_tfexample.tfrecord-00009-of-01000,457,training,B,SUPPORT,MERGE_CONTEXT_ELIGIBLE,LOW,1,WEAK_INTERACTION,LOW,LOW,MEDIUM,accept,,False
training_tfexample.tfrecord-00009-of-01000#458__t79__628_599,training_tfexample.tfrecord-00009-of-01000#458__t79__628_599,dda2f5dfd0094617,training_tfexample.tfrecord-00009-of-01000#458,WOMD,training,training_tfexample.tfrecord-00009-of-01000,458,training,B,SUPPORT,MERGE_CONTEXT_ELIGIBLE,MEDIUM,1,SAFETY_CRITICAL_UNCERTAIN,LOW,LOW,HIGH,reject,gap_order_not_persistent,False
training_tfexample.tfrecord-00009-of-01000#464__t86__93_89,training_tfexample.tfrecord-00009-of-01000#464__t86__93_89,d3760dba129df79c,training_tfexample.tfrecord-00009-of-01000#464,WOMD,training,training_tfexample.tfrecord-00009-of-01000,464,training,B,SUPPORT,MERGE_CONTEXT_ELIGIBLE,MEDIUM,1,FRONT_CONSTRAINED,LOW,LOW,HIGH,accept,,False
training_tfexample.tfrecord-00009-of-01000#474__t77__238_218,training_tfexample.tfrecord-00009-of-01000#474__t77__238_218,6a7bf03d05e48f51,training_tfexample.tfrecord-00009-of-01000#474,WOMD,training,training_tfexample.tfrecord-00009-of-01000,474,training,A,CORE,MERGE_CONTEXT_ELIGIBLE,MEDIUM,2,WEAK_INTERACTION,HIGH,LOW,MEDIUM,accept,,False
training_tfexample.tfrecord-00009-of-01000#476__t80__201_161,training_tfexample.tfrecord-00009-of-01000#476__t80__201_161,f853414f547d5685,training_tfexample.tfrecord-00009-of-01000#476,WOMD,training,training_tfexample.tfrecord-00009-of-01000,476,training,A,CORE,MERGE_CONTEXT_ELIGIBLE,MEDIUM,2,WEAK_INTERACTION,MEDIUM,LOW,MEDIUM,accept,,False
training_tfexample.tfrecord-00009-of-01000#478__t9__347_349,training_tfexample.tfrecord-00009-of-01000#478__t9__347_349,990f170a835f6dd7,training_tfexample.tfrecord-00009-of-01000#478,WOMD,training,training_tfexample.tfrecord-00009-of-01000,478,training,A,CORE,MERGE_CONTEXT_ELIGIBLE,HIGH,2,SAFETY_CRITICAL_UNCERTAIN,LOW,HIGH,HIGH,accept,,False
validation_tfexample.tfrecord-00000-of-00150#0__t33__206_203,validation_tfexample.tfrecord-00000-of-00150#0__t33__206_203,5d68c91f0e19c0d9,validation_tfexample.tfrecord-00000-of-00150#0,WOMD,validation,validation_tfexample.tfrecord-00000-of-00150,0,validation,A,CORE,MERGE_CONTEXT_ELIGIBLE,MEDIUM,2,FRONT_CONSTRAINED,MEDIUM,LOW,MEDIUM,accept,,False
validation_tfexample.tfrecord-00000-of-00150#0__t89__240_249,validation_tfexample.tfrecord-00000-of-00150#0__t89__240_249,5d68c91f0e19c0d9,validation_tfexample.tfrecord-00000-of-00150#0,WOMD,validation,validation_tfexample.tfrecord-00000-of-00150,0,validation,A,CORE,MERGE_CONTEXT_ELIGIBLE,MEDIUM,2,WEAK_INTERACTION,MEDIUM,LOW,MEDIUM,reject,target_not_stable,False
validation_tfexample.tfrecord-00000-of-00150#21__t80__107_98,validation_tfexample.tfrecord-00000-of-00150#21__t80__107_98,ca6bbc11eecad0b9,validation_tfexample.tfrecord-00000-of-00150#21,WOMD,validation,validation_tfexample.tfrecord-00000-of-00150,21,validation,B,SUPPORT,MERGE_CONTEXT_ELIGIBLE,MEDIUM,1,FRONT_CONSTRAINED,LOW,LOW,HIGH,accept,,False
validation_tfexample.tfrecord-00000-of-00150#22__t15__126_164,validation_tfexample.tfrecord-00000-of-00150#22__t15__126_164,6de405bcb73f4499,validation_tfexample.tfrecord-00000-of-00150#22,WOMD,validation,validation_tfexample.tfrecord-00000-of-00150,22,validation,B,SUPPORT,MERGE_CONTEXT_ELIGIBLE,LOW,1,WEAK_INTERACTION,LOW,LOW,MEDIUM,accept,,False
validation_tfexample.tfrecord-00000-of-00150#36__t41__1177_1188,validation_tfexample.tfrecord-00000-of-00150#36__t41__1177_1188,6571d61335ee8651,validation_tfexample.tfrecord-00000-of-00150#36,WOMD,validation,validation_tfexample.tfrecord-00000-of-00150,36,validation,B,SUPPORT,MERGE_CONTEXT_ELIGIBLE,MEDIUM,1,SAFETY_CRITICAL_UNCERTAIN,LOW,LOW,HIGH,accept,,False
validation_tfexample.tfrecord-00000-of-00150#36__t76__1218_1223,validation_tfexample.tfrecord-00000-of-00150#36__t76__1218_1223,6571d61335ee8651,validation_tfexample.tfrecord-00000-of-00150#36,WOMD,validation,validation_tfexample.tfrecord-00000-of-00150,36,validation,A,CORE,MERGE_CONTEXT_ELIGIBLE,HIGH,2,SAFETY_CRITICAL_UNCERTAIN,LOW,HIGH,HIGH,accept,,False
validation_tfexample.tfrecord-00000-of-00150#37__t13__363_368,validation_tfexample.tfrecord-00000-of-00150#37__t13__363_368,6daf0f2e06d9049d,validation_tfexample.tfrecord-00000-of-00150#37,WOMD,validation,validation_tfexample.tfrecord-00000-of-00150,37,validation,B,SUPPORT,MERGE_CONTEXT_ELIGIBLE,MEDIUM,1,SAFETY_CRITICAL_UNCERTAIN,LOW,LOW,HIGH,accept,,False
validation_tfexample.tfrecord-00000-of-00150#45__t64__461_432,validation_tfexample.tfrecord-00000-of-00150#45__t64__461_432,875be684497b2cdc,validation_tfexample.tfrecord-00000-of-00150#45,WOMD,validation,validation_tfexample.tfrecord-00000-of-00150,45,validation,A,CORE,MERGE_CONTEXT_ELIGIBLE,HIGH,2,SAFETY_CRITICAL_UNCERTAIN,LOW,HIGH,HIGH,accept,,False
validation_tfexample.tfrecord-00000-of-00150#53__t45__1127_1112,validation_tfexample.tfrecord-00000-of-00150#53__t45__1127_1112,ae18ab8e2083b098,validation_tfexample.tfrecord-00000-of-00150#53,WOMD,validation,validation_tfexample.tfrecord-00000-of-00150,53,validation,B,SUPPORT,MERGE_CONTEXT_ELIGIBLE,MEDIUM,1,FRONT_CONSTRAINED,LOW,LOW,MEDIUM,accept,,False
validation_tfexample.tfrecord-00000-of-00150#60__t26__129_94,validation_tfexample.tfrecord-00000-of-00150#60__t26__129_94,4ed5acf73e8d09c6,validation_tfexample.tfrecord-00000-of-00150#60,WOMD,validation,validation_tfexample.tfrecord-00000-of-00150,60,validation,A,CORE,MERGE_CONTEXT_ELIGIBLE,MEDIUM,2,FRONT_CONSTRAINED,MEDIUM,LOW,MEDIUM,accept,,False
validation_tfexample.tfrecord-00000-of-00150#61__t47__315_320,validation_tfexample.tfrecord-00000-of-00150#61__t47__315_320,320b84ee9ca6b5bc,validation_tfexample.tfrecord-00000-of-00150#61,WOMD,validation,validation_tfexample.tfrecord-00000-of-00150,61,validation,A,CORE,MERGE_CONTEXT_ELIGIBLE,HIGH,2,SAFETY_CRITICAL_UNCERTAIN,LOW,HIGH,HIGH,accept,,False
validation_tfexample.tfrecord-00000-of-00150#64__t80__190_201,validation_tfexample.tfrecord-00000-of-00150#64__t80__190_201,68cc5710df1e832f,validation_tfexample.tfrecord-00000-of-00150#64,WOMD,validation,validation_tfexample.tfrecord-00000-of-00150,64,validation,B,SUPPORT,MERGE_CONTEXT_ELIGIBLE,MEDIUM,1,SAFETY_CRITICAL_UNCERTAIN,LOW,LOW,HIGH,accept,,False
validation_tfexample.tfrecord-00000-of-00150#68__t38__299_592,validation_tfexample.tfrecord-00000-of-00150#68__t38__299_592,a70d20e4d51186cb,validation_tfexample.tfrecord-00000-of-00150#68,WOMD,validation,validation_tfexample.tfrecord-00000-of-00150,68,validation,A,CORE,MERGE_CONTEXT_ELIGIBLE,HIGH,2,SAFETY_CRITICAL_UNCERTAIN,LOW,HIGH,HIGH,accept,,False
validation_tfexample.tfrecord-00000-of-00150#68__t82__586_580,validation_tfexample.tfrecord-00000-of-00150#68__t82__586_580,a70d20e4d51186cb,validation_tfexample.tfrecord-00000-of-00150#68,WOMD,validation,validation_tfexample.tfrecord-00000-of-00150,68,validation,B,SUPPORT,MERGE_CONTEXT_ELIGIBLE,MEDIUM,1,SAFETY_CRITICAL_UNCERTAIN,LOW,LOW,HIGH,reject,gap_order_not_persistent,False
validation_tfexample.tfrecord-00000-of-00150#71__t36__98_90,validation_tfexample.tfrecord-00000-of-00150#71__t36__98_90,909244b878c6c203,validation_tfexample.tfrecord-00000-of-00150#71,WOMD,validation,validation_tfexample.tfrecord-00000-of-00150,71,validation,A,CORE,MERGE_CONTEXT_ELIGIBLE,HIGH,2,SAFETY_CRITICAL_UNCERTAIN,LOW,HIGH,HIGH,accept,,False
validation_tfexample.tfrecord-00000-of-00150#80__t68__364_383,validation_tfexample.tfrecord-00000-of-00150#80__t68__364_383,5cf52aef9304e7bd,validation_tfexample.tfrecord-00000-of-00150#80,WOMD,validation,validation_tfexample.tfrecord-00000-of-00150,80,validation,B,SUPPORT,MERGE_CONTEXT_ELIGIBLE,MEDIUM,1,FRONT_CONSTRAINED,LOW,LOW,MEDIUM,accept,,False
validation_tfexample.tfrecord-00000-of-00150#82__t56__117_119,validation_tfexample.tfrecord-00000-of-00150#82__t56__117_119,2bae71dfa12b544,validation_tfexample.tfrecord-00000-of-00150#82,WOMD,validation,validation_tfexample.tfrecord-00000-of-00150,82,validation,A,CORE,MERGE_CONTEXT_ELIGIBLE,HIGH,3,BOTH_SIDES_CONSTRAINED,HIGH,HIGH,MEDIUM,accept,,False
validation_tfexample.tfrecord-00000-of-00150#87__t39__332_459,validation_tfexample.tfrecord-00000-of-00150#87__t39__332_459,83f0a9d73b0164ab,validation_tfexample.tfrecord-00000-of-00150#87,WOMD,validation,validation_tfexample.tfrecord-00000-of-00150,87,validation,B,SUPPORT,MERGE_CONTEXT_ELIGIBLE,MEDIUM,1,FRONT_CONSTRAINED,LOW,LOW,MEDIUM,accept,,False
validation_tfexample.tfrecord-00000-of-00150#98__t33__287_280,validation_tfexample.tfrecord-00000-of-00150#98__t33__287_280,29cd2aca8ae5e222,validation_tfexample.tfrecord-00000-of-00150#98,WOMD,validation,validation_tfexample.tfrecord-00000-of-00150,98,validation,B,SUPPORT,MERGE_CONTEXT_ELIGIBLE,MEDIUM,1,SAFETY_CRITICAL_UNCERTAIN,LOW,LOW,HIGH,accept,,False
validation_tfexample.tfrecord-00000-of-00150#124__t51__308_309,validation_tfexample.tfrecord-00000-of-00150#124__t51__308_309,436760ae48488a68,validation_tfexample.tfrecord-00000-of-00150#124,WOMD,validation,validation_tfexample.tfrecord-00000-of-00150,124,validation,A,CORE,MERGE_CONTEXT_ELIGIBLE,HIGH,2,SAFETY_CRITICAL_UNCERTAIN,LOW,HIGH,HIGH,accept,,False
validation_tfexample.tfrecord-00000-of-00150#127__t33__104_109,validation_tfexample.tfrecord-00000-of-00150#127__t33__104_109,235ae3e9c6e7b472,validation_tfexample.tfrecord-00000-of-00150#127,WOMD,validation,validation_tfexample.tfrecord-00000-of-00150,127,validation,B,SUPPORT,MERGE_CONTEXT_ELIGIBLE,MEDIUM,1,SAFETY_CRITICAL_UNCERTAIN,LOW,LOW,HIGH,accept,,False
validation_tfexample.tfrecord-00000-of-00150#131__t42__339_156,validation_tfexample.tfrecord-00000-of-00150#131__t42__339_156,d3d6a67b3a7ce103,validation_tfexample.tfrecord-00000-of-00150#131,WOMD,validation,validation_tfexample.tfrecord-00000-of-00150,131,validation,A,CORE,MERGE_CONTEXT_ELIGIBLE,HIGH,3,BOTH_SIDES_CONSTRAINED,HIGH,MEDIUM,MEDIUM,accept,,False
validation_tfexample.tfrecord-00000-of-00150#138__t73__466_437,validation_tfexample.tfrecord-00000-of-00150#138__t73__466_437,15ff443b8e811c07,validation_tfexample.tfrecord-00000-of-00150#138,WOMD,validation,validation_tfexample.tfrecord-00000-of-00150,138,validation,B,SUPPORT,MERGE_CONTEXT_ELIGIBLE,LOW,1,WEAK_INTERACTION,LOW,LOW,MEDIUM,accept,,False
validation_tfexample.tfrecord-00000-of-00150#139__t29__245_146,validation_tfexample.tfrecord-00000-of-00150#139__t29__245_146,eb01eaf334bc6d68,validation_tfexample.tfrecord-00000-of-00150#139,WOMD,validation,validation_tfexample.tfrecord-00000-of-00150,139,validation,B,SUPPORT,MERGE_CONTEXT_ELIGIBLE,MEDIUM,1,SAFETY_CRITICAL_UNCERTAIN,LOW,LOW,HIGH,accept,,False
validation_tfexample.tfrecord-00000-of-00150#148__t55__418_720,validation_tfexample.tfrecord-00000-of-00150#148__t55__418_720,9c91c1375f2aceff,validation_tfexample.tfrecord-00000-of-00150#148,WOMD,validation,validation_tfexample.tfrecord-00000-of-00150,148,validation,A,CORE,MERGE_CONTEXT_ELIGIBLE,HIGH,2,SAFETY_CRITICAL_UNCERTAIN,LOW,MEDIUM,HIGH,accept,,False
validation_tfexample.tfrecord-00000-of-00150#151__t60__327_363,validation_tfexample.tfrecord-00000-of-00150#151__t60__327_363,aee334679ce18f05,validation_tfexample.tfrecord-00000-of-00150#151,WOMD,validation,validation_tfexample.tfrecord-00000-of-00150,151,validation,B,SUPPORT,MERGE_CONTEXT_ELIGIBLE,MEDIUM,1,FRONT_CONSTRAINED,LOW,LOW,HIGH,accept,,False
validation_tfexample.tfrecord-00000-of-00150#152__t9__76_84,validation_tfexample.tfrecord-00000-of-00150#152__t9__76_84,343a76a6b890e30c,validation_tfexample.tfrecord-00000-of-00150#152,WOMD,validation,validation_tfexample.tfrecord-00000-of-00150,152,validation,B,SUPPORT,MERGE_CONTEXT_ELIGIBLE,MEDIUM,1,SAFETY_CRITICAL_UNCERTAIN,LOW,LOW,HIGH,accept,,False
validation_tfexample.tfrecord-00000-of-00150#154__t73__83_63,validation_tfexample.tfrecord-00000-of-00150#154__t73__83_63,29149e563bc7f85,validation_tfexample.tfrecord-00000-of-00150#154,WOMD,validation,validation_tfexample.tfrecord-00000-of-00150,154,validation,A,CORE,MERGE_CONTEXT_ELIGIBLE,MEDIUM,2,FRONT_CONSTRAINED,HIGH,LOW,MEDIUM,accept,,False
validation_tfexample.tfrecord-00000-of-00150#157__t69__787_736,validation_tfexample.tfrecord-00000-of-00150#157__t69__787_736,96043d9ac0b0ca08,validation_tfexample.tfrecord-00000-of-00150#157,WOMD,validation,validation_tfexample.tfrecord-00000-of-00150,157,validation,A,CORE,MERGE_CONTEXT_ELIGIBLE,HIGH,3,BOTH_SIDES_CONSTRAINED,HIGH,HIGH,MEDIUM,accept,,False
validation_tfexample.tfrecord-00000-of-00150#163__t50__233_262,validation_tfexample.tfrecord-00000-of-00150#163__t50__233_262,94606f5988cbc426,validation_tfexample.tfrecord-00000-of-00150#163,WOMD,validation,validation_tfexample.tfrecord-00000-of-00150,163,validation,B,SUPPORT,MERGE_CONTEXT_ELIGIBLE,MEDIUM,1,FRONT_CONSTRAINED,LOW,LOW,MEDIUM,accept,,False
validation_tfexample.tfrecord-00000-of-00150#171__t61__274_285,validation_tfexample.tfrecord-00000-of-00150#171__t61__274_285,5d6483a2ef59dce2,validation_tfexample.tfrecord-00000-of-00150#171,WOMD,validation,validation_tfexample.tfrecord-00000-of-00150,171,validation,B,SUPPORT,MERGE_CONTEXT_ELIGIBLE,MEDIUM,1,SAFETY_CRITICAL_UNCERTAIN,LOW,LOW,HIGH,reject,gap_order_not_persistent,False
validation_tfexample.tfrecord-00000-of-00150#179__t11__100_106,validation_tfexample.tfrecord-00000-of-00150#179__t11__100_106,85ead8a2d5d043ac,validation_tfexample.tfrecord-00000-of-00150#179,WOMD,validation,validation_tfexample.tfrecord-00000-of-00150,179,validation,B,SUPPORT,MERGE_CONTEXT_ELIGIBLE,MEDIUM,1,FRONT_CONSTRAINED,LOW,LOW,HIGH,accept,,False
validation_tfexample.tfrecord-00000-of-00150#181__t15__451_604,validation_tfexample.tfrecord-00000-of-00150#181__t15__451_604,dde0a60f55b9c1ed,validation_tfexample.tfrecord-00000-of-00150#181,WOMD,validation,validation_tfexample.tfrecord-00000-of-00150,181,validation,A,CORE,MERGE_CONTEXT_ELIGIBLE,HIGH,2,SAFETY_CRITICAL_UNCERTAIN,LOW,HIGH,HIGH,accept,,False
validation_tfexample.tfrecord-00000-of-00150#186__t50__88_82,validation_tfexample.tfrecord-00000-of-00150#186__t50__88_82,59b84237e5a9ac4e,validation_tfexample.tfrecord-00000-of-00150#186,WOMD,validation,validation_tfexample.tfrecord-00000-of-00150,186,validation,A,CORE,MERGE_CONTEXT_ELIGIBLE,HIGH,2,SAFETY_CRITICAL_UNCERTAIN,LOW,HIGH,HIGH,accept,,True
validation_tfexample.tfrecord-00000-of-00150#194__t31__287_280,validation_tfexample.tfrecord-00000-of-00150#194__t31__287_280,28195cd3eeda0440,validation_tfexample.tfrecord-00000-of-00150#194,WOMD,validation,validation_tfexample.tfrecord-00000-of-00150,194,validation,B,SUPPORT,MERGE_CONTEXT_ELIGIBLE,MEDIUM,1,SAFETY_CRITICAL_UNCERTAIN,LOW,LOW,MEDIUM,accept,,False
validation_tfexample.tfrecord-00000-of-00150#197__t26__474_429,validation_tfexample.tfrecord-00000-of-00150#197__t26__474_429,776a6b19b32f984f,validation_tfexample.tfrecord-00000-of-00150#197,WOMD,validation,validation_tfexample.tfrecord-00000-of-00150,197,validation,A,CORE,MERGE_CONTEXT_ELIGIBLE,HIGH,2,BOTH_SIDES_CONSTRAINED,LOW,HIGH,HIGH,accept,,False
validation_tfexample.tfrecord-00000-of-00150#199__t83__291_430,validation_tfexample.tfrecord-00000-of-00150#199__t83__291_430,2e25e5a41a0df126,validation_tfexample.tfrecord-00000-of-00150#199,WOMD,validation,validation_tfexample.tfrecord-00000-of-00150,199,validation,B,SUPPORT,MERGE_CONTEXT_ELIGIBLE,LOW,1,WEAK_INTERACTION,LOW,LOW,MEDIUM,accept,,False
validation_tfexample.tfrecord-00000-of-00150#206__t49__392_414,validation_tfexample.tfrecord-00000-of-00150#206__t49__392_414,9055cac6a4b5ce9b,validation_tfexample.tfrecord-00000-of-00150#206,WOMD,validation,validation_tfexample.tfrecord-00000-of-00150,206,validation,A,CORE,MERGE_CONTEXT_ELIGIBLE,HIGH,2,SAFETY_CRITICAL_UNCERTAIN,LOW,HIGH,HIGH,accept,,False
validation_tfexample.tfrecord-00000-of-00150#211__t65__436_365,validation_tfexample.tfrecord-00000-of-00150#211__t65__436_365,c496e048d415a2e7,validation_tfexample.tfrecord-00000-of-00150#211,WOMD,validation,validation_tfexample.tfrecord-00000-of-00150,211,validation,A,CORE,MERGE_CONTEXT_ELIGIBLE,HIGH,2,BOTH_SIDES_CONSTRAINED,LOW,HIGH,HIGH,accept,,False
validation_tfexample.tfrecord-00000-of-00150#211__t84__365_460,validation_tfexample.tfrecord-00000-of-00150#211__t84__365_460,c496e048d415a2e7,validation_tfexample.tfrecord-00000-of-00150#211,WOMD,validation,validation_tfexample.tfrecord-00000-of-00150,211,validation,A,CORE,MERGE_CONTEXT_ELIGIBLE,MEDIUM,2,BOTH_SIDES_CONSTRAINED,LOW,HIGH,MEDIUM,accept,,False
validation_tfexample.tfrecord-00000-of-00150#222__t49__156_157,validation_tfexample.tfrecord-00000-of-00150#222__t49__156_157,18c6befb0691fa36,validation_tfexample.tfrecord-00000-of-00150#222,WOMD,validation,validation_tfexample.tfrecord-00000-of-00150,222,validation,A,CORE,MERGE_CONTEXT_ELIGIBLE,HIGH,2,BOTH_SIDES_CONSTRAINED,LOW,HIGH,HIGH,accept,,False
validation_tfexample.tfrecord-00000-of-00150#222__t74__157_347,validation_tfexample.tfrecord-00000-of-00150#222__t74__157_347,18c6befb0691fa36,validation_tfexample.tfrecord-00000-of-00150#222,WOMD,validation,validation_tfexample.tfrecord-00000-of-00150,222,validation,A,CORE,MERGE_CONTEXT_ELIGIBLE,HIGH,3,BOTH_SIDES_CONSTRAINED,MEDIUM,HIGH,MEDIUM,accept,,False
validation_tfexample.tfrecord-00000-of-00150#236__t63__425_421,validation_tfexample.tfrecord-00000-of-00150#236__t63__425_421,dd5bb937753a00c,validation_tfexample.tfrecord-00000-of-00150#236,WOMD,validation,validation_tfexample.tfrecord-00000-of-00150,236,validation,A,CORE,MERGE_CONTEXT_ELIGIBLE,HIGH,3,BOTH_SIDES_CONSTRAINED,MEDIUM,HIGH,MEDIUM,accept,,False
validation_tfexample.tfrecord-00000-of-00150#237__t74__217_238,validation_tfexample.tfrecord-00000-of-00150#237__t74__217_238,3d0c50614da0d746,validation_tfexample.tfrecord-00000-of-00150#237,WOMD,validation,validation_tfexample.tfrecord-00000-of-00150,237,validation,A,CORE,MERGE_CONTEXT_ELIGIBLE,MEDIUM,2,WEAK_INTERACTION,MEDIUM,LOW,MEDIUM,accept,,False
validation_tfexample.tfrecord-00000-of-00150#243__t39__770_384,validation_tfexample.tfrecord-00000-of-00150#243__t39__770_384,74393b5254d1775d,validation_tfexample.tfrecord-00000-of-00150#243,WOMD,validation,validation_tfexample.tfrecord-00000-of-00150,243,validation,A,CORE,MERGE_CONTEXT_ELIGIBLE,MEDIUM,2,FRONT_CONSTRAINED,MEDIUM,LOW,MEDIUM,accept,,False
validation_tfexample.tfrecord-00000-of-00150#246__t69__538_548,validation_tfexample.tfrecord-00000-of-00150#246__t69__538_548,18b0551412e729be,validation_tfexample.tfrecord-00000-of-00150#246,WOMD,validation,validation_tfexample.tfrecord-00000-of-00150,246,validation,A,CORE,MERGE_CONTEXT_ELIGIBLE,HIGH,2,SAFETY_CRITICAL_UNCERTAIN,LOW,HIGH,HIGH,accept,,False
validation_tfexample.tfrecord-00000-of-00150#250__t65__431_427,validation_tfexample.tfrecord-00000-of-00150#250__t65__431_427,685abaac09024d33,validation_tfexample.tfrecord-00000-of-00150#250,WOMD,validation,validation_tfexample.tfrecord-00000-of-00150,250,validation,A,CORE,MERGE_CONTEXT_ELIGIBLE,HIGH,2,SAFETY_CRITICAL_UNCERTAIN,LOW,MEDIUM,HIGH,accept,,False
validation_tfexample.tfrecord-00000-of-00150#253__t38__423_416,validation_tfexample.tfrecord-00000-of-00150#253__t38__423_416,d0c160f345aae20b,validation_tfexample.tfrecord-00000-of-00150#253,WOMD,validation,validation_tfexample.tfrecord-00000-of-00150,253,validation,A,CORE,MERGE_CONTEXT_ELIGIBLE,HIGH,2,SAFETY_CRITICAL_UNCERTAIN,LOW,HIGH,HIGH,accept,,False
validation_tfexample.tfrecord-00000-of-00150#257__t86__166_329,validation_tfexample.tfrecord-00000-of-00150#257__t86__166_329,1eb758c2fa3b40c5,validation_tfexample.tfrecord-00000-of-00150#257,WOMD,validation,validation_tfexample.tfrecord-00000-of-00150,257,validation,A,CORE,MERGE_CONTEXT_ELIGIBLE,MEDIUM,2,FRONT_CONSTRAINED,MEDIUM,LOW,MEDIUM,accept,,False
validation_tfexample.tfrecord-00000-of-00150#259__t58__300_292,validation_tfexample.tfrecord-00000-of-00150#259__t58__300_292,a8528e913dbea422,validation_tfexample.tfrecord-00000-of-00150#259,WOMD,validation,validation_tfexample.tfrecord-00000-of-00150,259,validation,B,SUPPORT,MERGE_CONTEXT_ELIGIBLE,MEDIUM,1,SAFETY_CRITICAL_UNCERTAIN,LOW,LOW,HIGH,accept,,False
validation_tfexample.tfrecord-00000-of-00150#266__t7__347_310,validation_tfexample.tfrecord-00000-of-00150#266__t7__347_310,af520e9216bbe575,validation_tfexample.tfrecord-00000-of-00150#266,WOMD,validation,validation_tfexample.tfrecord-00000-of-00150,266,validation,B,SUPPORT,MERGE_CONTEXT_ELIGIBLE,MEDIUM,1,SAFETY_CRITICAL_UNCERTAIN,LOW,LOW,HIGH,accept,,False
validation_tfexample.tfrecord-00000-of-00150#266__t81__305_304,validation_tfexample.tfrecord-00000-of-00150#266__t81__305_304,af520e9216bbe575,validation_tfexample.tfrecord-00000-of-00150#266,WOMD,validation,validation_tfexample.tfrecord-00000-of-00150,266,validation,B,SUPPORT,MERGE_CONTEXT_ELIGIBLE,MEDIUM,1,SAFETY_CRITICAL_UNCERTAIN,LOW,LOW,HIGH,accept,,False
validation_tfexample.tfrecord-00000-of-00150#277__t67__378_320,validation_tfexample.tfrecord-00000-of-00150#277__t67__378_320,baeb49940b86702d,validation_tfexample.tfrecord-00000-of-00150#277,WOMD,validation,validation_tfexample.tfrecord-00000-of-00150,277,validation,A,CORE,MERGE_CONTEXT_ELIGIBLE,HIGH,2,BOTH_SIDES_CONSTRAINED,LOW,HIGH,HIGH,accept,,False
validation_tfexample.tfrecord-00000-of-00150#283__t58__554_555,validation_tfexample.tfrecord-00000-of-00150#283__t58__554_555,182178f3d3683ef6,validation_tfexample.tfrecord-00000-of-00150#283,WOMD,validation,validation_tfexample.tfrecord-00000-of-00150,283,validation,B,SUPPORT,MERGE_CONTEXT_ELIGIBLE,LOW,1,WEAK_INTERACTION,LOW,LOW,MEDIUM,accept,,False
validation_tfexample.tfrecord-00000-of-00150#284__t85__175_226,validation_tfexample.tfrecord-00000-of-00150#284__t85__175_226,e892d4c5afd681d0,validation_tfexample.tfrecord-00000-of-00150#284,WOMD,validation,validation_tfexample.tfrecord-00000-of-00150,284,validation,B,SUPPORT,MERGE_CONTEXT_ELIGIBLE,LOW,1,WEAK_INTERACTION,LOW,LOW,MEDIUM,accept,,False
validation_tfexample.tfrecord-00001-of-00150#13__t7__471_486,validation_tfexample.tfrecord-00001-of-00150#13__t7__471_486,a55062b72cef8340,validation_tfexample.tfrecord-00001-of-00150#13,WOMD,validation,validation_tfexample.tfrecord-00001-of-00150,13,validation,B,SUPPORT,MERGE_CONTEXT_ELIGIBLE,MEDIUM,1,FRONT_CONSTRAINED,LOW,LOW,MEDIUM,accept,,False
validation_tfexample.tfrecord-00001-of-00150#24__t49__269_403,validation_tfexample.tfrecord-00001-of-00150#24__t49__269_403,9eb2803599668758,validation_tfexample.tfrecord-00001-of-00150#24,WOMD,validation,validation_tfexample.tfrecord-00001-of-00150,24,validation,B,SUPPORT,MERGE_CONTEXT_ELIGIBLE,LOW,1,WEAK_INTERACTION,LOW,LOW,MEDIUM,accept,,False
validation_tfexample.tfrecord-00001-of-00150#27__t80__805_818,validation_tfexample.tfrecord-00001-of-00150#27__t80__805_818,159dc7208febc24d,validation_tfexample.tfrecord-00001-of-00150#27,WOMD,validation,validation_tfexample.tfrecord-00001-of-00150,27,validation,A,CORE,MERGE_CONTEXT_ELIGIBLE,HIGH,2,SAFETY_CRITICAL_UNCERTAIN,LOW,HIGH,HIGH,accept,,False
validation_tfexample.tfrecord-00001-of-00150#32__t20__1004_986,validation_tfexample.tfrecord-00001-of-00150#32__t20__1004_986,46d594de38b03e55,validation_tfexample.tfrecord-00001-of-00150#32,WOMD,validation,validation_tfexample.tfrecord-00001-of-00150,32,validation,B,SUPPORT,MERGE_CONTEXT_ELIGIBLE,MEDIUM,1,FRONT_CONSTRAINED,LOW,LOW,HIGH,accept,,False
validation_tfexample.tfrecord-00001-of-00150#33__t16__163_164,validation_tfexample.tfrecord-00001-of-00150#33__t16__163_164,5d0a9bae77c7e9a9,validation_tfexample.tfrecord-00001-of-00150#33,WOMD,validation,validation_tfexample.tfrecord-00001-of-00150,33,validation,A,CORE,MERGE_CONTEXT_ELIGIBLE,HIGH,2,SAFETY_CRITICAL_UNCERTAIN,LOW,HIGH,HIGH,accept,,False
validation_tfexample.tfrecord-00001-of-00150#47__t52__792_781,validation_tfexample.tfrecord-00001-of-00150#47__t52__792_781,177f9bce3b18432f,validation_tfexample.tfrecord-00001-of-00150#47,WOMD,validation,validation_tfexample.tfrecord-00001-of-00150,47,validation,A,CORE,MERGE_CONTEXT_ELIGIBLE,HIGH,2,SAFETY_CRITICAL_UNCERTAIN,LOW,HIGH,HIGH,accept,,False
validation_tfexample.tfrecord-00001-of-00150#49__t6__300_303,validation_tfexample.tfrecord-00001-of-00150#49__t6__300_303,a4333a4087f0556c,validation_tfexample.tfrecord-00001-of-00150#49,WOMD,validation,validation_tfexample.tfrecord-00001-of-00150,49,validation,B,SUPPORT,MERGE_CONTEXT_ELIGIBLE,MEDIUM,1,FRONT_CONSTRAINED,LOW,LOW,MEDIUM,accept,,False
validation_tfexample.tfrecord-00001-of-00150#55__t51__216_191,validation_tfexample.tfrecord-00001-of-00150#55__t51__216_191,abcce5138a91aa3b,validation_tfexample.tfrecord-00001-of-00150#55,WOMD,validation,validation_tfexample.tfrecord-00001-of-00150,55,validation,B,SUPPORT,MERGE_CONTEXT_ELIGIBLE,MEDIUM,1,FRONT_CONSTRAINED,LOW,LOW,HIGH,accept,,False
validation_tfexample.tfrecord-00001-of-00150#56__t38__412_414,validation_tfexample.tfrecord-00001-of-00150#56__t38__412_414,b7ae5865f1ece26b,validation_tfexample.tfrecord-00001-of-00150#56,WOMD,validation,validation_tfexample.tfrecord-00001-of-00150,56,validation,B,SUPPORT,MERGE_CONTEXT_ELIGIBLE,MEDIUM,1,FRONT_CONSTRAINED,LOW,LOW,HIGH,accept,,False
validation_tfexample.tfrecord-00001-of-00150#58__t62__771_499,validation_tfexample.tfrecord-00001-of-00150#58__t62__771_499,c55b28bfba3809f6,validation_tfexample.tfrecord-00001-of-00150#58,WOMD,validation,validation_tfexample.tfrecord-00001-of-00150,58,validation,B,SUPPORT,MERGE_CONTEXT_ELIGIBLE,MEDIUM,1,BOTH_SIDES_CONSTRAINED,LOW,LOW,HIGH,accept,,False
validation_tfexample.tfrecord-00001-of-00150#61__t66__214_222,validation_tfexample.tfrecord-00001-of-00150#61__t66__214_222,9a01ab203b91633d,validation_tfexample.tfrecord-00001-of-00150#61,WOMD,validation,validation_tfexample.tfrecord-00001-of-00150,61,validation,A,CORE,MERGE_CONTEXT_ELIGIBLE,MEDIUM,2,FRONT_CONSTRAINED,MEDIUM,LOW,MEDIUM,accept,,False
validation_tfexample.tfrecord-00001-of-00150#63__t83__757_789,validation_tfexample.tfrecord-00001-of-00150#63__t83__757_789,1eebb926a2de8011,validation_tfexample.tfrecord-00001-of-00150#63,WOMD,validation,validation_tfexample.tfrecord-00001-of-00150,63,validation,B,SUPPORT,MERGE_CONTEXT_ELIGIBLE,MEDIUM,1,FRONT_CONSTRAINED,LOW,LOW,HIGH,accept,,False
validation_tfexample.tfrecord-00001-of-00150#66__t79__898_934,validation_tfexample.tfrecord-00001-of-00150#66__t79__898_934,9ae0ebda00abf720,validation_tfexample.tfrecord-00001-of-00150#66,WOMD,validation,validation_tfexample.tfrecord-00001-of-00150,66,validation,A,CORE,MERGE_CONTEXT_ELIGIBLE,MEDIUM,2,FRONT_CONSTRAINED,MEDIUM,LOW,MEDIUM,accept,,False
validation_tfexample.tfrecord-00001-of-00150#67__t46__144_172,validation_tfexample.tfrecord-00001-of-00150#67__t46__144_172,f231adce76867102,validation_tfexample.tfrecord-00001-of-00150#67,WOMD,validation,validation_tfexample.tfrecord-00001-of-00150,67,validation,B,SUPPORT,MERGE_CONTEXT_ELIGIBLE,MEDIUM,1,FRONT_CONSTRAINED,LOW,LOW,MEDIUM,accept,,False
validation_tfexample.tfrecord-00001-of-00150#68__t10__335_349,validation_tfexample.tfrecord-00001-of-00150#68__t10__335_349,b428b1a9de89ea2e,validation_tfexample.tfrecord-00001-of-00150#68,WOMD,validation,validation_tfexample.tfrecord-00001-of-00150,68,validation,A,CORE,MERGE_CONTEXT_ELIGIBLE,HIGH,2,SAFETY_CRITICAL_UNCERTAIN,LOW,HIGH,HIGH,accept,,False
validation_tfexample.tfrecord-00001-of-00150#71__t89__640_639,validation_tfexample.tfrecord-00001-of-00150#71__t89__640_639,f52476ccd45b9580,validation_tfexample.tfrecord-00001-of-00150#71,WOMD,validation,validation_tfexample.tfrecord-00001-of-00150,71,validation,B,SUPPORT,MERGE_CONTEXT_ELIGIBLE,LOW,1,APPROACH_KEEP_CONTEXT,MEDIUM,LOW,LOW,reject,target_not_stable,False
validation_tfexample.tfrecord-00001-of-00150#74__t15__245_605,validation_tfexample.tfrecord-00001-of-00150#74__t15__245_605,deb059e6abdbc2c9,validation_tfexample.tfrecord-00001-of-00150#74,WOMD,validation,validation_tfexample.tfrecord-00001-of-00150,74,validation,B,SUPPORT,MERGE_CONTEXT_ELIGIBLE,MEDIUM,1,FRONT_CONSTRAINED,LOW,LOW,HIGH,accept,,False
validation_tfexample.tfrecord-00001-of-00150#84__t25__676_705,validation_tfexample.tfrecord-00001-of-00150#84__t25__676_705,bdb13c594196dc7c,validation_tfexample.tfrecord-00001-of-00150#84,WOMD,validation,validation_tfexample.tfrecord-00001-of-00150,84,validation,A,CORE,MERGE_CONTEXT_ELIGIBLE,HIGH,2,BOTH_SIDES_CONSTRAINED,LOW,HIGH,HIGH,reject,gap_order_not_persistent,False
validation_tfexample.tfrecord-00001-of-00150#108__t79__208_483,validation_tfexample.tfrecord-00001-of-00150#108__t79__208_483,be69e2b961976f0b,validation_tfexample.tfrecord-00001-of-00150#108,WOMD,validation,validation_tfexample.tfrecord-00001-of-00150,108,validation,A,CORE,MERGE_CONTEXT_ELIGIBLE,HIGH,3,APPROACH_KEEP_CONTEXT,HIGH,MEDIUM,MEDIUM,accept,,False
validation_tfexample.tfrecord-00001-of-00150#109__t27__512_498,validation_tfexample.tfrecord-00001-of-00150#109__t27__512_498,579d55468a4769cd,validation_tfexample.tfrecord-00001-of-00150#109,WOMD,validation,validation_tfexample.tfrecord-00001-of-00150,109,validation,B,SUPPORT,MERGE_CONTEXT_ELIGIBLE,MEDIUM,1,FRONT_CONSTRAINED,LOW,LOW,MEDIUM,accept,,False
validation_tfexample.tfrecord-00001-of-00150#109__t80__469_398,validation_tfexample.tfrecord-00001-of-00150#109__t80__469_398,579d55468a4769cd,validation_tfexample.tfrecord-00001-of-00150#109,WOMD,validation,validation_tfexample.tfrecord-00001-of-00150,109,validation,A,CORE,MERGE_CONTEXT_ELIGIBLE,HIGH,3,BOTH_SIDES_CONSTRAINED,MEDIUM,HIGH,MEDIUM,accept,,False
validation_tfexample.tfrecord-00001-of-00150#111__t89__407_402,validation_tfexample.tfrecord-00001-of-00150#111__t89__407_402,2acb0190f4ded701,validation_tfexample.tfrecord-00001-of-00150#111,WOMD,validation,validation_tfexample.tfrecord-00001-of-00150,111,validation,B,SUPPORT,MERGE_CONTEXT_ELIGIBLE,MEDIUM,1,REAR_PRESSURE,LOW,LOW,HIGH,reject,target_not_stable,False
validation_tfexample.tfrecord-00001-of-00150#113__t56__107_83,validation_tfexample.tfrecord-00001-of-00150#113__t56__107_83,2032bbacaac66060,validation_tfexample.tfrecord-00001-of-00150#113,WOMD,validation,validation_tfexample.tfrecord-00001-of-00150,113,validation,A,CORE,MERGE_CONTEXT_ELIGIBLE,MEDIUM,2,FRONT_CONSTRAINED,HIGH,LOW,MEDIUM,accept,,False
validation_tfexample.tfrecord-00001-of-00150#114__t13__506_513,validation_tfexample.tfrecord-00001-of-00150#114__t13__506_513,91ce37c626fd10b3,validation_tfexample.tfrecord-00001-of-00150#114,WOMD,validation,validation_tfexample.tfrecord-00001-of-00150,114,validation,B,SUPPORT,MERGE_CONTEXT_ELIGIBLE,MEDIUM,1,BOTH_SIDES_CONSTRAINED,LOW,LOW,HIGH,accept,,False
validation_tfexample.tfrecord-00001-of-00150#122__t14__320_460,validation_tfexample.tfrecord-00001-of-00150#122__t14__320_460,6a4bc74c47398e4b,validation_tfexample.tfrecord-00001-of-00150#122,WOMD,validation,validation_tfexample.tfrecord-00001-of-00150,122,validation,B,SUPPORT,MERGE_CONTEXT_ELIGIBLE,MEDIUM,1,FRONT_CONSTRAINED,LOW,LOW,HIGH,accept,,False
validation_tfexample.tfrecord-00001-of-00150#129__t62__332_634,validation_tfexample.tfrecord-00001-of-00150#129__t62__332_634,887ca1627149789b,validation_tfexample.tfrecord-00001-of-00150#129,WOMD,validation,validation_tfexample.tfrecord-00001-of-00150,129,validation,B,SUPPORT,MERGE_CONTEXT_ELIGIBLE,MEDIUM,1,BOTH_SIDES_CONSTRAINED,LOW,LOW,HIGH,accept,,False
validation_tfexample.tfrecord-00001-of-00150#132__t57__296_437,validation_tfexample.tfrecord-00001-of-00150#132__t57__296_437,f5fc4dc2f679e063,validation_tfexample.tfrecord-00001-of-00150#132,WOMD,validation,validation_tfexample.tfrecord-00001-of-00150,132,validation,B,SUPPORT,MERGE_CONTEXT_ELIGIBLE,MEDIUM,1,SAFETY_CRITICAL_UNCERTAIN,LOW,LOW,HIGH,accept,,False
validation_tfexample.tfrecord-00001-of-00150#137__t77__156_164,validation_tfexample.tfrecord-00001-of-00150#137__t77__156_164,e844a9e40b62ec76,validation_tfexample.tfrecord-00001-of-00150#137,WOMD,validation,validation_tfexample.tfrecord-00001-of-00150,137,validation,A,CORE,MERGE_CONTEXT_ELIGIBLE,HIGH,3,BOTH_SIDES_CONSTRAINED,HIGH,MEDIUM,MEDIUM,accept,,False
validation_tfexample.tfrecord-00001-of-00150#140__t15__179_185,validation_tfexample.tfrecord-00001-of-00150#140__t15__179_185,9fe80e715ca0fde2,validation_tfexample.tfrecord-00001-of-00150#140,WOMD,validation,validation_tfexample.tfrecord-00001-of-00150,140,validation,B,SUPPORT,MERGE_CONTEXT_ELIGIBLE,MEDIUM,1,SAFETY_CRITICAL_UNCERTAIN,LOW,LOW,HIGH,accept,,False
validation_tfexample.tfrecord-00001-of-00150#151__t43__164_153,validation_tfexample.tfrecord-00001-of-00150#151__t43__164_153,cb1707c26172fc88,validation_tfexample.tfrecord-00001-of-00150#151,WOMD,validation,validation_tfexample.tfrecord-00001-of-00150,151,validation,B,SUPPORT,MERGE_CONTEXT_ELIGIBLE,MEDIUM,1,SAFETY_CRITICAL_UNCERTAIN,LOW,LOW,HIGH,accept,,False
validation_tfexample.tfrecord-00001-of-00150#157__t46__653_695,validation_tfexample.tfrecord-00001-of-00150#157__t46__653_695,54c1633f63073ec3,validation_tfexample.tfrecord-00001-of-00150#157,WOMD,validation,validation_tfexample.tfrecord-00001-of-00150,157,validation,A,CORE,MERGE_CONTEXT_ELIGIBLE,MEDIUM,2,WEAK_INTERACTION,MEDIUM,LOW,MEDIUM,accept,,False
validation_tfexample.tfrecord-00001-of-00150#160__t31__346_352,validation_tfexample.tfrecord-00001-of-00150#160__t31__346_352,63080465d18479df,validation_tfexample.tfrecord-00001-of-00150#160,WOMD,validation,validation_tfexample.tfrecord-00001-of-00150,160,validation,A,CORE,MERGE_CONTEXT_ELIGIBLE,MEDIUM,2,FRONT_CONSTRAINED,MEDIUM,LOW,MEDIUM,accept,,False
validation_tfexample.tfrecord-00001-of-00150#163__t78__170_159,validation_tfexample.tfrecord-00001-of-00150#163__t78__170_159,f719e3ddd8146f51,validation_tfexample.tfrecord-00001-of-00150#163,WOMD,validation,validation_tfexample.tfrecord-00001-of-00150,163,validation,B,SUPPORT,MERGE_CONTEXT_ELIGIBLE,MEDIUM,1,FRONT_CONSTRAINED,LOW,LOW,HIGH,accept,,False
validation_tfexample.tfrecord-00001-of-00150#164__t57__268_274,validation_tfexample.tfrecord-00001-of-00150#164__t57__268_274,b29c5a8c2cc15b7,validation_tfexample.tfrecord-00001-of-00150#164,WOMD,validation,validation_tfexample.tfrecord-00001-of-00150,164,validation,A,CORE,MERGE_CONTEXT_ELIGIBLE,MEDIUM,2,FRONT_CONSTRAINED,HIGH,LOW,MEDIUM,accept,,False
validation_tfexample.tfrecord-00001-of-00150#173__t76__514_446,validation_tfexample.tfrecord-00001-of-00150#173__t76__514_446,8ad76c28866ce5f9,validation_tfexample.tfrecord-00001-of-00150#173,WOMD,validation,validation_tfexample.tfrecord-00001-of-00150,173,validation,B,SUPPORT,MERGE_CONTEXT_ELIGIBLE,LOW,1,WEAK_INTERACTION,LOW,LOW,MEDIUM,accept,,False
validation_tfexample.tfrecord-00001-of-00150#175__t26__630_641,validation_tfexample.tfrecord-00001-of-00150#175__t26__630_641,79e224652d20c86d,validation_tfexample.tfrecord-00001-of-00150#175,WOMD,validation,validation_tfexample.tfrecord-00001-of-00150,175,validation,A,CORE,MERGE_CONTEXT_ELIGIBLE,HIGH,2,SAFETY_CRITICAL_UNCERTAIN,LOW,HIGH,HIGH,accept,,False
validation_tfexample.tfrecord-00001-of-00150#175__t63__641_559,validation_tfexample.tfrecord-00001-of-00150#175__t63__641_559,79e224652d20c86d,validation_tfexample.tfrecord-00001-of-00150#175,WOMD,validation,validation_tfexample.tfrecord-00001-of-00150,175,validation,A,CORE,MERGE_CONTEXT_ELIGIBLE,HIGH,2,SAFETY_CRITICAL_UNCERTAIN,LOW,HIGH,HIGH,accept,,True
validation_tfexample.tfrecord-00001-of-00150#183__t63__171_189,validation_tfexample.tfrecord-00001-of-00150#183__t63__171_189,c70d3aa76e713b60,validation_tfexample.tfrecord-00001-of-00150#183,WOMD,validation,validation_tfexample.tfrecord-00001-of-00150,183,validation,B,SUPPORT,MERGE_CONTEXT_ELIGIBLE,MEDIUM,1,FRONT_CONSTRAINED,LOW,LOW,MEDIUM,accept,,False
validation_tfexample.tfrecord-00001-of-00150#186__t41__202_207,validation_tfexample.tfrecord-00001-of-00150#186__t41__202_207,98e8e51b7c0a1af4,validation_tfexample.tfrecord-00001-of-00150#186,WOMD,validation,validation_tfexample.tfrecord-00001-of-00150,186,validation,B,SUPPORT,MERGE_CONTEXT_ELIGIBLE,MEDIUM,1,SAFETY_CRITICAL_UNCERTAIN,LOW,LOW,HIGH,accept,,False
validation_tfexample.tfrecord-00001-of-00150#194__t29__573_583,validation_tfexample.tfrecord-00001-of-00150#194__t29__573_583,96ff88739f19d21a,validation_tfexample.tfrecord-00001-of-00150#194,WOMD,validation,validation_tfexample.tfrecord-00001-of-00150,194,validation,A,CORE,MERGE_CONTEXT_ELIGIBLE,HIGH,2,SAFETY_CRITICAL_UNCERTAIN,LOW,HIGH,HIGH,accept,,False
validation_tfexample.tfrecord-00001-of-00150#196__t82__130_119,validation_tfexample.tfrecord-00001-of-00150#196__t82__130_119,7b19ffc85a029a94,validation_tfexample.tfrecord-00001-of-00150#196,WOMD,validation,validation_tfexample.tfrecord-00001-of-00150,196,validation,A,CORE,MERGE_CONTEXT_ELIGIBLE,MEDIUM,2,FRONT_CONSTRAINED,MEDIUM,LOW,MEDIUM,accept,,False
validation_tfexample.tfrecord-00001-of-00150#203__t18__119_122,validation_tfexample.tfrecord-00001-of-00150#203__t18__119_122,17f1461337753509,validation_tfexample.tfrecord-00001-of-00150#203,WOMD,validation,validation_tfexample.tfrecord-00001-of-00150,203,validation,B,SUPPORT,MERGE_CONTEXT_ELIGIBLE,MEDIUM,1,SAFETY_CRITICAL_UNCERTAIN,LOW,LOW,HIGH,accept,,False
validation_tfexample.tfrecord-00001-of-00150#212__t63__86_100,validation_tfexample.tfrecord-00001-of-00150#212__t63__86_100,4d1c0ea4347f23fb,validation_tfexample.tfrecord-00001-of-00150#212,WOMD,validation,validation_tfexample.tfrecord-00001-of-00150,212,validation,B,SUPPORT,MERGE_CONTEXT_ELIGIBLE,MEDIUM,1,FRONT_CONSTRAINED,LOW,LOW,HIGH,accept,,False
validation_tfexample.tfrecord-00001-of-00150#218__t36__289_237,validation_tfexample.tfrecord-00001-of-00150#218__t36__289_237,6a4492b524524c17,validation_tfexample.tfrecord-00001-of-00150#218,WOMD,validation,validation_tfexample.tfrecord-00001-of-00150,218,validation,A,CORE,MERGE_CONTEXT_ELIGIBLE,HIGH,2,SAFETY_CRITICAL_UNCERTAIN,LOW,HIGH,HIGH,accept,,False
validation_tfexample.tfrecord-00001-of-00150#218__t71__225_223,validation_tfexample.tfrecord-00001-of-00150#218__t71__225_223,6a4492b524524c17,validation_tfexample.tfrecord-00001-of-00150#218,WOMD,validation,validation_tfexample.tfrecord-00001-of-00150,218,validation,A,CORE,MERGE_CONTEXT_ELIGIBLE,HIGH,2,SAFETY_CRITICAL_UNCERTAIN,LOW,HIGH,HIGH,accept,,False
validation_tfexample.tfrecord-00001-of-00150#219__t47__210_179,validation_tfexample.tfrecord-00001-of-00150#219__t47__210_179,b7cfb8acadfb3f92,validation_tfexample.tfrecord-00001-of-00150#219,WOMD,validation,validation_tfexample.tfrecord-00001-of-00150,219,validation,B,SUPPORT,MERGE_CONTEXT_ELIGIBLE,MEDIUM,1,SAFETY_CRITICAL_UNCERTAIN,LOW,LOW,HIGH,accept,,False
validation_tfexample.tfrecord-00001-of-00150#222__t87__118_102,validation_tfexample.tfrecord-00001-of-00150#222__t87__118_102,8d37e50b8f65b784,validation_tfexample.tfrecord-00001-of-00150#222,WOMD,validation,validation_tfexample.tfrecord-00001-of-00150,222,validation,B,SUPPORT,MERGE_CONTEXT_ELIGIBLE,MEDIUM,1,FRONT_CONSTRAINED,LOW,LOW,MEDIUM,reject,target_not_stable,False
validation_tfexample.tfrecord-00001-of-00150#225__t10__443_423,validation_tfexample.tfrecord-00001-of-00150#225__t10__443_423,16e6ea7dc4def276,validation_tfexample.tfrecord-00001-of-00150#225,WOMD,validation,validation_tfexample.tfrecord-00001-of-00150,225,validation,B,SUPPORT,MERGE_CONTEXT_ELIGIBLE,MEDIUM,1,BOTH_SIDES_CONSTRAINED,LOW,LOW,HIGH,accept,,False
validation_tfexample.tfrecord-00001-of-00150#229__t69__236_244,validation_tfexample.tfrecord-00001-of-00150#229__t69__236_244,2bea50b49da6f2fa,validation_tfexample.tfrecord-00001-of-00150#229,WOMD,validation,validation_tfexample.tfrecord-00001-of-00150,229,validation,A,CORE,MERGE_CONTEXT_ELIGIBLE,HIGH,2,BOTH_SIDES_CONSTRAINED,LOW,HIGH,HIGH,accept,,False
validation_tfexample.tfrecord-00001-of-00150#233__t65__178_152,validation_tfexample.tfrecord-00001-of-00150#233__t65__178_152,35f7c52ac492211c,validation_tfexample.tfrecord-00001-of-00150#233,WOMD,validation,validation_tfexample.tfrecord-00001-of-00150,233,validation,A,CORE,MERGE_CONTEXT_ELIGIBLE,HIGH,2,SAFETY_CRITICAL_UNCERTAIN,LOW,HIGH,HIGH,reject,gap_order_not_persistent,False
validation_tfexample.tfrecord-00001-of-00150#234__t21__77_83,validation_tfexample.tfrecord-00001-of-00150#234__t21__77_83,fb6e129995794c8d,validation_tfexample.tfrecord-00001-of-00150#234,WOMD,validation,validation_tfexample.tfrecord-00001-of-00150,234,validation,B,SUPPORT,MERGE_CONTEXT_ELIGIBLE,MEDIUM,1,SAFETY_CRITICAL_UNCERTAIN,LOW,LOW,HIGH,accept,,False
validation_tfexample.tfrecord-00001-of-00150#239__t65__154_161,validation_tfexample.tfrecord-00001-of-00150#239__t65__154_161,b846472e5c34f229,validation_tfexample.tfrecord-00001-of-00150#239,WOMD,validation,validation_tfexample.tfrecord-00001-of-00150,239,validation,B,SUPPORT,MERGE_CONTEXT_ELIGIBLE,MEDIUM,1,SAFETY_CRITICAL_UNCERTAIN,LOW,LOW,HIGH,accept,,False
validation_tfexample.tfrecord-00001-of-00150#241__t70__868_996,validation_tfexample.tfrecord-00001-of-00150#241__t70__868_996,40599a1aad8795a9,validation_tfexample.tfrecord-00001-of-00150#241,WOMD,validation,validation_tfexample.tfrecord-00001-of-00150,241,validation,A,CORE,MERGE_CONTEXT_ELIGIBLE,HIGH,2,SAFETY_CRITICAL_UNCERTAIN,LOW,MEDIUM,HIGH,accept,,False
validation_tfexample.tfrecord-00001-of-00150#257__t74__256_266,validation_tfexample.tfrecord-00001-of-00150#257__t74__256_266,518ebb3269b232b9,validation_tfexample.tfrecord-00001-of-00150#257,WOMD,validation,validation_tfexample.tfrecord-00001-of-00150,257,validation,B,SUPPORT,MERGE_CONTEXT_ELIGIBLE,MEDIUM,1,SAFETY_CRITICAL_UNCERTAIN,LOW,LOW,HIGH,accept,,False
validation_tfexample.tfrecord-00001-of-00150#259__t19__124_111,validation_tfexample.tfrecord-00001-of-00150#259__t19__124_111,256a0f63ab0eb795,validation_tfexample.tfrecord-00001-of-00150#259,WOMD,validation,validation_tfexample.tfrecord-00001-of-00150,259,validation,B,SUPPORT,MERGE_CONTEXT_ELIGIBLE,MEDIUM,1,FRONT_CONSTRAINED,LOW,LOW,HIGH,accept,,False
validation_tfexample.tfrecord-00001-of-00150#262__t83__258_235,validation_tfexample.tfrecord-00001-of-00150#262__t83__258_235,594ef92f6cd55cc9,validation_tfexample.tfrecord-00001-of-00150#262,WOMD,validation,validation_tfexample.tfrecord-00001-of-00150,262,validation,B,SUPPORT,MERGE_CONTEXT_ELIGIBLE,MEDIUM,1,FRONT_CONSTRAINED,LOW,LOW,MEDIUM,accept,,False
validation_tfexample.tfrecord-00001-of-00150#266__t25__208_199,validation_tfexample.tfrecord-00001-of-00150#266__t25__208_199,affca975f20ec56e,validation_tfexample.tfrecord-00001-of-00150#266,WOMD,validation,validation_tfexample.tfrecord-00001-of-00150,266,validation,B,SUPPORT,MERGE_CONTEXT_ELIGIBLE,MEDIUM,1,SAFETY_CRITICAL_UNCERTAIN,LOW,LOW,HIGH,accept,,False
validation_tfexample.tfrecord-00001-of-00150#269__t8__164_150,validation_tfexample.tfrecord-00001-of-00150#269__t8__164_150,794d0537e09144f9,validation_tfexample.tfrecord-00001-of-00150#269,WOMD,validation,validation_tfexample.tfrecord-00001-of-00150,269,validation,B,SUPPORT,MERGE_CONTEXT_ELIGIBLE,MEDIUM,1,FRONT_CONSTRAINED,LOW,LOW,HIGH,accept,,False
validation_tfexample.tfrecord-00001-of-00150#269__t87__274_285,validation_tfexample.tfrecord-00001-of-00150#269__t87__274_285,794d0537e09144f9,validation_tfexample.tfrecord-00001-of-00150#269,WOMD,validation,validation_tfexample.tfrecord-00001-of-00150,269,validation,A,CORE,MERGE_CONTEXT_ELIGIBLE,HIGH,2,SAFETY_CRITICAL_UNCERTAIN,LOW,HIGH,HIGH,reject,target_not_stable,False
validation_tfexample.tfrecord-00001-of-00150#271__t33__154_169,validation_tfexample.tfrecord-00001-of-00150#271__t33__154_169,a49a0516303a15fb,validation_tfexample.tfrecord-00001-of-00150#271,WOMD,validation,validation_tfexample.tfrecord-00001-of-00150,271,validation,A,CORE,MERGE_CONTEXT_ELIGIBLE,HIGH,2,BOTH_SIDES_CONSTRAINED,LOW,HIGH,HIGH,accept,,False
validation_tfexample.tfrecord-00001-of-00150#271__t87__124_240,validation_tfexample.tfrecord-00001-of-00150#271__t87__124_240,a49a0516303a15fb,validation_tfexample.tfrecord-00001-of-00150#271,WOMD,validation,validation_tfexample.tfrecord-00001-of-00150,271,validation,A,CORE,MERGE_CONTEXT_ELIGIBLE,MEDIUM,2,FRONT_CONSTRAINED,MEDIUM,LOW,MEDIUM,reject,target_not_stable,False
validation_tfexample.tfrecord-00001-of-00150#274__t27__564_545,validation_tfexample.tfrecord-00001-of-00150#274__t27__564_545,66b0d1a38bc62426,validation_tfexample.tfrecord-00001-of-00150#274,WOMD,validation,validation_tfexample.tfrecord-00001-of-00150,274,validation,B,SUPPORT,MERGE_CONTEXT_ELIGIBLE,MEDIUM,1,REAR_PRESSURE,LOW,LOW,HIGH,accept,,False
validation_tfexample.tfrecord-00001-of-00150#280__t52__346_342,validation_tfexample.tfrecord-00001-of-00150#280__t52__346_342,d5bfc8715ef9c675,validation_tfexample.tfrecord-00001-of-00150#280,WOMD,validation,validation_tfexample.tfrecord-00001-of-00150,280,validation,B,SUPPORT,MERGE_CONTEXT_ELIGIBLE,LOW,1,WEAK_INTERACTION,LOW,LOW,MEDIUM,accept,,False
validation_tfexample.tfrecord-00001-of-00150#287__t37__117_129,validation_tfexample.tfrecord-00001-of-00150#287__t37__117_129,d7eafd142f8f7f1f,validation_tfexample.tfrecord-00001-of-00150#287,WOMD,validation,validation_tfexample.tfrecord-00001-of-00150,287,validation,A,CORE,MERGE_CONTEXT_ELIGIBLE,MEDIUM,2,FRONT_CONSTRAINED,MEDIUM,LOW,MEDIUM,accept,,False
validation_tfexample.tfrecord-00001-of-00150#289__t65__221_219,validation_tfexample.tfrecord-00001-of-00150#289__t65__221_219,b5f9a3cd389583f0,validation_tfexample.tfrecord-00001-of-00150#289,WOMD,validation,validation_tfexample.tfrecord-00001-of-00150,289,validation,A,CORE,MERGE_CONTEXT_ELIGIBLE,MEDIUM,2,FRONT_CONSTRAINED,MEDIUM,LOW,MEDIUM,accept,,False
validation_tfexample.tfrecord-00001-of-00150#292__t21__106_119,validation_tfexample.tfrecord-00001-of-00150#292__t21__106_119,e61e640cd7851d23,validation_tfexample.tfrecord-00001-of-00150#292,WOMD,validation,validation_tfexample.tfrecord-00001-of-00150,292,validation,B,SUPPORT,MERGE_CONTEXT_ELIGIBLE,LOW,1,WEAK_INTERACTION,LOW,LOW,MEDIUM,accept,,False
validation_tfexample.tfrecord-00001-of-00150#302__t28__162_172,validation_tfexample.tfrecord-00001-of-00150#302__t28__162_172,c8293dd5983029ad,validation_tfexample.tfrecord-00001-of-00150#302,WOMD,validation,validation_tfexample.tfrecord-00001-of-00150,302,validation,A,CORE,MERGE_CONTEXT_ELIGIBLE,MEDIUM,2,WEAK_INTERACTION,MEDIUM,LOW,MEDIUM,accept,,False
validation_tfexample.tfrecord-00001-of-00150#305__t81__282_315,validation_tfexample.tfrecord-00001-of-00150#305__t81__282_315,810cf8daf1022d7e,validation_tfexample.tfrecord-00001-of-00150#305,WOMD,validation,validation_tfexample.tfrecord-00001-of-00150,305,validation,A,CORE,MERGE_CONTEXT_ELIGIBLE,HIGH,3,APPROACH_KEEP_CONTEXT,HIGH,HIGH,MEDIUM,accept,,False
validation_tfexample.tfrecord-00002-of-00150#2__t56__176_184,validation_tfexample.tfrecord-00002-of-00150#2__t56__176_184,8322da06552c7d20,validation_tfexample.tfrecord-00002-of-00150#2,WOMD,validation,validation_tfexample.tfrecord-00002-of-00150,2,validation,A,CORE,MERGE_CONTEXT_ELIGIBLE,HIGH,3,BOTH_SIDES_CONSTRAINED,HIGH,HIGH,MEDIUM,accept,,False
validation_tfexample.tfrecord-00002-of-00150#6__t61__123_128,validation_tfexample.tfrecord-00002-of-00150#6__t61__123_128,311a1d942199b697,validation_tfexample.tfrecord-00002-of-00150#6,WOMD,validation,validation_tfexample.tfrecord-00002-of-00150,6,validation,B,SUPPORT,MERGE_CONTEXT_ELIGIBLE,MEDIUM,1,SAFETY_CRITICAL_UNCERTAIN,LOW,LOW,HIGH,accept,,False
validation_tfexample.tfrecord-00002-of-00150#7__t77__530_528,validation_tfexample.tfrecord-00002-of-00150#7__t77__530_528,67269fcf95ee51a2,validation_tfexample.tfrecord-00002-of-00150#7,WOMD,validation,validation_tfexample.tfrecord-00002-of-00150,7,validation,B,SUPPORT,MERGE_CONTEXT_ELIGIBLE,MEDIUM,1,REAR_PRESSURE,LOW,LOW,HIGH,accept,,False
validation_tfexample.tfrecord-00002-of-00150#7__t90__528_550,validation_tfexample.tfrecord-00002-of-00150#7__t90__528_550,67269fcf95ee51a2,validation_tfexample.tfrecord-00002-of-00150#7,WOMD,validation,validation_tfexample.tfrecord-00002-of-00150,7,validation,B,SUPPORT,MERGE_CONTEXT_ELIGIBLE,MEDIUM,1,REAR_PRESSURE,LOW,LOW,HIGH,reject,target_not_stable,False
validation_tfexample.tfrecord-00002-of-00150#11__t80__107_110,validation_tfexample.tfrecord-00002-of-00150#11__t80__107_110,882180ee030c4dab,validation_tfexample.tfrecord-00002-of-00150#11,WOMD,validation,validation_tfexample.tfrecord-00002-of-00150,11,validation,B,SUPPORT,MERGE_CONTEXT_ELIGIBLE,LOW,1,WEAK_INTERACTION,LOW,LOW,MEDIUM,accept,,False
validation_tfexample.tfrecord-00002-of-00150#13__t70__221_219,validation_tfexample.tfrecord-00002-of-00150#13__t70__221_219,a14c829fe382713d,validation_tfexample.tfrecord-00002-of-00150#13,WOMD,validation,validation_tfexample.tfrecord-00002-of-00150,13,validation,B,SUPPORT,MERGE_CONTEXT_ELIGIBLE,MEDIUM,1,FRONT_CONSTRAINED,LOW,LOW,MEDIUM,accept,,False
validation_tfexample.tfrecord-00002-of-00150#15__t24__508_510,validation_tfexample.tfrecord-00002-of-00150#15__t24__508_510,312fdb2e6eb5bb05,validation_tfexample.tfrecord-00002-of-00150#15,WOMD,validation,validation_tfexample.tfrecord-00002-of-00150,15,validation,A,CORE,MERGE_CONTEXT_ELIGIBLE,HIGH,2,SAFETY_CRITICAL_UNCERTAIN,LOW,MEDIUM,HIGH,accept,,False
validation_tfexample.tfrecord-00002-of-00150#17__t38__313_314,validation_tfexample.tfrecord-00002-of-00150#17__t38__313_314,9a6768bcb60fe4c0,validation_tfexample.tfrecord-00002-of-00150#17,WOMD,validation,validation_tfexample.tfrecord-00002-of-00150,17,validation,B,SUPPORT,MERGE_CONTEXT_ELIGIBLE,MEDIUM,1,SAFETY_CRITICAL_UNCERTAIN,LOW,LOW,HIGH,accept,,False
validation_tfexample.tfrecord-00002-of-00150#28__t43__412_405,validation_tfexample.tfrecord-00002-of-00150#28__t43__412_405,c360af9b7b5715fe,validation_tfexample.tfrecord-00002-of-00150#28,WOMD,validation,validation_tfexample.tfrecord-00002-of-00150,28,validation,B,SUPPORT,MERGE_CONTEXT_ELIGIBLE,MEDIUM,1,FRONT_CONSTRAINED,LOW,LOW,MEDIUM,accept,,False
validation_tfexample.tfrecord-00002-of-00150#30__t75__204_465,validation_tfexample.tfrecord-00002-of-00150#30__t75__204_465,4428b86794b93bf5,validation_tfexample.tfrecord-00002-of-00150#30,WOMD,validation,validation_tfexample.tfrecord-00002-of-00150,30,validation,A,CORE,MERGE_CONTEXT_ELIGIBLE,HIGH,2,BOTH_SIDES_CONSTRAINED,LOW,HIGH,HIGH,accept,,False
validation_tfexample.tfrecord-00002-of-00150#36__t28__128_92,validation_tfexample.tfrecord-00002-of-00150#36__t28__128_92,5f4b4313d43cda1f,validation_tfexample.tfrecord-00002-of-00150#36,WOMD,validation,validation_tfexample.tfrecord-00002-of-00150,36,validation,A,CORE,MERGE_CONTEXT_ELIGIBLE,HIGH,2,SAFETY_CRITICAL_UNCERTAIN,LOW,HIGH,HIGH,accept,,False
validation_tfexample.tfrecord-00002-of-00150#45__t7__140_137,validation_tfexample.tfrecord-00002-of-00150#45__t7__140_137,7de55135140b94c7,validation_tfexample.tfrecord-00002-of-00150#45,WOMD,validation,validation_tfexample.tfrecord-00002-of-00150,45,validation,B,SUPPORT,MERGE_CONTEXT_ELIGIBLE,MEDIUM,1,SAFETY_CRITICAL_UNCERTAIN,LOW,LOW,HIGH,accept,,False
validation_tfexample.tfrecord-00002-of-00150#50__t54__408_395,validation_tfexample.tfrecord-00002-of-00150#50__t54__408_395,7cf6fa12be5d7eab,validation_tfexample.tfrecord-00002-of-00150#50,WOMD,validation,validation_tfexample.tfrecord-00002-of-00150,50,validation,A,CORE,MERGE_CONTEXT_ELIGIBLE,HIGH,2,BOTH_SIDES_CONSTRAINED,LOW,HIGH,HIGH,accept,,False
validation_tfexample.tfrecord-00002-of-00150#53__t80__486_470,validation_tfexample.tfrecord-00002-of-00150#53__t80__486_470,7a8ebe684645d5ff,validation_tfexample.tfrecord-00002-of-00150#53,WOMD,validation,validation_tfexample.tfrecord-00002-of-00150,53,validation,B,SUPPORT,MERGE_CONTEXT_ELIGIBLE,LOW,1,WEAK_INTERACTION,LOW,LOW,MEDIUM,accept,,False
validation_tfexample.tfrecord-00002-of-00150#60__t84__680_716,validation_tfexample.tfrecord-00002-of-00150#60__t84__680_716,5a9af8698df0593f,validation_tfexample.tfrecord-00002-of-00150#60,WOMD,validation,validation_tfexample.tfrecord-00002-of-00150,60,validation,A,CORE,MERGE_CONTEXT_ELIGIBLE,HIGH,2,SAFETY_CRITICAL_UNCERTAIN,LOW,HIGH,HIGH,accept,,False
validation_tfexample.tfrecord-00002-of-00150#63__t46__852_839,validation_tfexample.tfrecord-00002-of-00150#63__t46__852_839,159ce27ada48755d,validation_tfexample.tfrecord-00002-of-00150#63,WOMD,validation,validation_tfexample.tfrecord-00002-of-00150,63,validation,A,CORE,MERGE_CONTEXT_ELIGIBLE,HIGH,2,BOTH_SIDES_CONSTRAINED,LOW,HIGH,HIGH,accept,,False
validation_tfexample.tfrecord-00002-of-00150#70__t89__1042_1052,validation_tfexample.tfrecord-00002-of-00150#70__t89__1042_1052,345436017087fea6,validation_tfexample.tfrecord-00002-of-00150#70,WOMD,validation,validation_tfexample.tfrecord-00002-of-00150,70,validation,A,CORE,MERGE_CONTEXT_ELIGIBLE,HIGH,2,BOTH_SIDES_CONSTRAINED,LOW,MEDIUM,HIGH,reject,target_not_stable,False
validation_tfexample.tfrecord-00002-of-00150#74__t44__725_770,validation_tfexample.tfrecord-00002-of-00150#74__t44__725_770,fc22fc71421dc088,validation_tfexample.tfrecord-00002-of-00150#74,WOMD,validation,validation_tfexample.tfrecord-00002-of-00150,74,validation,B,SUPPORT,MERGE_CONTEXT_ELIGIBLE,MEDIUM,1,FRONT_CONSTRAINED,LOW,LOW,MEDIUM,accept,,False
validation_tfexample.tfrecord-00002-of-00150#86__t22__624_641,validation_tfexample.tfrecord-00002-of-00150#86__t22__624_641,2e5f0ce509cc3e3d,validation_tfexample.tfrecord-00002-of-00150#86,WOMD,validation,validation_tfexample.tfrecord-00002-of-00150,86,validation,B,SUPPORT,MERGE_CONTEXT_ELIGIBLE,MEDIUM,1,SAFETY_CRITICAL_UNCERTAIN,LOW,LOW,HIGH,accept,,False
validation_tfexample.tfrecord-00002-of-00150#86__t62__647_672,validation_tfexample.tfrecord-00002-of-00150#86__t62__647_672,2e5f0ce509cc3e3d,validation_tfexample.tfrecord-00002-of-00150#86,WOMD,validation,validation_tfexample.tfrecord-00002-of-00150,86,validation,B,SUPPORT,MERGE_CONTEXT_ELIGIBLE,MEDIUM,1,SAFETY_CRITICAL_UNCERTAIN,LOW,LOW,HIGH,accept,,False
validation_tfexample.tfrecord-00002-of-00150#86__t84__670_1000,validation_tfexample.tfrecord-00002-of-00150#86__t84__670_1000,2e5f0ce509cc3e3d,validation_tfexample.tfrecord-00002-of-00150#86,WOMD,validation,validation_tfexample.tfrecord-00002-of-00150,86,validation,A,CORE,MERGE_CONTEXT_ELIGIBLE,HIGH,2,SAFETY_CRITICAL_UNCERTAIN,LOW,HIGH,HIGH,accept,,False
validation_tfexample.tfrecord-00002-of-00150#87__t71__502_285,validation_tfexample.tfrecord-00002-of-00150#87__t71__502_285,849505107de846bd,validation_tfexample.tfrecord-00002-of-00150#87,WOMD,validation,validation_tfexample.tfrecord-00002-of-00150,87,validation,B,SUPPORT,MERGE_CONTEXT_ELIGIBLE,MEDIUM,1,FRONT_CONSTRAINED,LOW,LOW,MEDIUM,accept,,False
validation_tfexample.tfrecord-00002-of-00150#94__t29__792_785,validation_tfexample.tfrecord-00002-of-00150#94__t29__792_785,a12870a03bf4f54a,validation_tfexample.tfrecord-00002-of-00150#94,WOMD,validation,validation_tfexample.tfrecord-00002-of-00150,94,validation,B,SUPPORT,MERGE_CONTEXT_ELIGIBLE,MEDIUM,1,FRONT_CONSTRAINED,LOW,LOW,HIGH,accept,,False
validation_tfexample.tfrecord-00002-of-00150#94__t68__587_605,validation_tfexample.tfrecord-00002-of-00150#94__t68__587_605,a12870a03bf4f54a,validation_tfexample.tfrecord-00002-of-00150#94,WOMD,validation,validation_tfexample.tfrecord-00002-of-00150,94,validation,A,CORE,MERGE_CONTEXT_ELIGIBLE,HIGH,2,SAFETY_CRITICAL_UNCERTAIN,LOW,HIGH,HIGH,accept,,False
validation_tfexample.tfrecord-00002-of-00150#109__t87__386_391,validation_tfexample.tfrecord-00002-of-00150#109__t87__386_391,1992e2dc8a7a2956,validation_tfexample.tfrecord-00002-of-00150#109,WOMD,validation,validation_tfexample.tfrecord-00002-of-00150,109,validation,A,CORE,MERGE_CONTEXT_ELIGIBLE,HIGH,2,SAFETY_CRITICAL_UNCERTAIN,LOW,HIGH,HIGH,reject,target_not_stable,False
validation_tfexample.tfrecord-00002-of-00150#112__t70__281_280,validation_tfexample.tfrecord-00002-of-00150#112__t70__281_280,8646bfb172c01ac0,validation_tfexample.tfrecord-00002-of-00150#112,WOMD,validation,validation_tfexample.tfrecord-00002-of-00150,112,validation,A,CORE,MERGE_CONTEXT_ELIGIBLE,HIGH,2,SAFETY_CRITICAL_UNCERTAIN,LOW,HIGH,HIGH,accept,,False
validation_tfexample.tfrecord-00002-of-00150#116__t18__1179_1157,validation_tfexample.tfrecord-00002-of-00150#116__t18__1179_1157,74ceb1fb25332766,validation_tfexample.tfrecord-00002-of-00150#116,WOMD,validation,validation_tfexample.tfrecord-00002-of-00150,116,validation,B,SUPPORT,MERGE_CONTEXT_ELIGIBLE,MEDIUM,1,FRONT_CONSTRAINED,LOW,LOW,MEDIUM,accept,,False
validation_tfexample.tfrecord-00002-of-00150#116__t90__922_876,validation_tfexample.tfrecord-00002-of-00150#116__t90__922_876,74ceb1fb25332766,validation_tfexample.tfrecord-00002-of-00150#116,WOMD,validation,validation_tfexample.tfrecord-00002-of-00150,116,validation,B,SUPPORT,MERGE_CONTEXT_ELIGIBLE,MEDIUM,1,FRONT_CONSTRAINED,LOW,LOW,MEDIUM,reject,target_not_stable,False
validation_tfexample.tfrecord-00002-of-00150#118__t75__181_183,validation_tfexample.tfrecord-00002-of-00150#118__t75__181_183,2df2d7c392778971,validation_tfexample.tfrecord-00002-of-00150#118,WOMD,validation,validation_tfexample.tfrecord-00002-of-00150,118,validation,A,CORE,MERGE_CONTEXT_ELIGIBLE,HIGH,2,SAFETY_CRITICAL_UNCERTAIN,LOW,HIGH,HIGH,accept,,False
validation_tfexample.tfrecord-00002-of-00150#127__t32__763_746,validation_tfexample.tfrecord-00002-of-00150#127__t32__763_746,f0c9d3b77025b09b,validation_tfexample.tfrecord-00002-of-00150#127,WOMD,validation,validation_tfexample.tfrecord-00002-of-00150,127,validation,B,SUPPORT,MERGE_CONTEXT_ELIGIBLE,MEDIUM,1,FRONT_CONSTRAINED,LOW,LOW,MEDIUM,accept,,False
validation_tfexample.tfrecord-00002-of-00150#127__t70__900_911,validation_tfexample.tfrecord-00002-of-00150#127__t70__900_911,f0c9d3b77025b09b,validation_tfexample.tfrecord-00002-of-00150#127,WOMD,validation,validation_tfexample.tfrecord-00002-of-00150,127,validation,B,SUPPORT,MERGE_CONTEXT_ELIGIBLE,MEDIUM,1,FRONT_CONSTRAINED,LOW,LOW,MEDIUM,accept,,False
validation_tfexample.tfrecord-00002-of-00150#131__t30__197_209,validation_tfexample.tfrecord-00002-of-00150#131__t30__197_209,d302c2defd69d9c4,validation_tfexample.tfrecord-00002-of-00150#131,WOMD,validation,validation_tfexample.tfrecord-00002-of-00150,131,validation,A,CORE,MERGE_CONTEXT_ELIGIBLE,HIGH,3,BOTH_SIDES_CONSTRAINED,MEDIUM,HIGH,MEDIUM,accept,,False
validation_tfexample.tfrecord-00002-of-00150#133__t56__340_341,validation_tfexample.tfrecord-00002-of-00150#133__t56__340_341,86605a89a03eef57,validation_tfexample.tfrecord-00002-of-00150#133,WOMD,validation,validation_tfexample.tfrecord-00002-of-00150,133,validation,A,CORE,MERGE_CONTEXT_ELIGIBLE,HIGH,2,BOTH_SIDES_CONSTRAINED,LOW,HIGH,HIGH,accept,,False
validation_tfexample.tfrecord-00002-of-00150#134__t7__479_473,validation_tfexample.tfrecord-00002-of-00150#134__t7__479_473,5848d09de76c2cc3,validation_tfexample.tfrecord-00002-of-00150#134,WOMD,validation,validation_tfexample.tfrecord-00002-of-00150,134,validation,B,SUPPORT,MERGE_CONTEXT_ELIGIBLE,MEDIUM,1,SAFETY_CRITICAL_UNCERTAIN,LOW,LOW,HIGH,accept,,False
validation_tfexample.tfrecord-00002-of-00150#134__t50__488_491,validation_tfexample.tfrecord-00002-of-00150#134__t50__488_491,5848d09de76c2cc3,validation_tfexample.tfrecord-00002-of-00150#134,WOMD,validation,validation_tfexample.tfrecord-00002-of-00150,134,validation,A,CORE,MERGE_CONTEXT_ELIGIBLE,HIGH,2,BOTH_SIDES_CONSTRAINED,LOW,HIGH,HIGH,accept,,False
validation_tfexample.tfrecord-00002-of-00150#135__t59__750_755,validation_tfexample.tfrecord-00002-of-00150#135__t59__750_755,2fd9f469194a7d8e,validation_tfexample.tfrecord-00002-of-00150#135,WOMD,validation,validation_tfexample.tfrecord-00002-of-00150,135,validation,B,SUPPORT,MERGE_CONTEXT_ELIGIBLE,LOW,1,WEAK_INTERACTION,LOW,LOW,MEDIUM,accept,,False
validation_tfexample.tfrecord-00002-of-00150#139__t54__142_202,validation_tfexample.tfrecord-00002-of-00150#139__t54__142_202,5e86e73795972725,validation_tfexample.tfrecord-00002-of-00150#139,WOMD,validation,validation_tfexample.tfrecord-00002-of-00150,139,validation,B,SUPPORT,MERGE_CONTEXT_ELIGIBLE,MEDIUM,1,FRONT_CONSTRAINED,LOW,LOW,HIGH,accept,,False
validation_tfexample.tfrecord-00002-of-00150#151__t40__122_119,validation_tfexample.tfrecord-00002-of-00150#151__t40__122_119,4e2d275afb9ab737,validation_tfexample.tfrecord-00002-of-00150#151,WOMD,validation,validation_tfexample.tfrecord-00002-of-00150,151,validation,B,SUPPORT,MERGE_CONTEXT_ELIGIBLE,MEDIUM,1,SAFETY_CRITICAL_UNCERTAIN,LOW,LOW,HIGH,accept,,False
validation_tfexample.tfrecord-00002-of-00150#153__t75__584_621,validation_tfexample.tfrecord-00002-of-00150#153__t75__584_621,17eff94a512a6be9,validation_tfexample.tfrecord-00002-of-00150#153,WOMD,validation,validation_tfexample.tfrecord-00002-of-00150,153,validation,A,CORE,MERGE_CONTEXT_ELIGIBLE,MEDIUM,2,FRONT_CONSTRAINED,MEDIUM,LOW,MEDIUM,accept,,False
validation_tfexample.tfrecord-00002-of-00150#156__t75__249_260,validation_tfexample.tfrecord-00002-of-00150#156__t75__249_260,243d49e9cf4f11c2,validation_tfexample.tfrecord-00002-of-00150#156,WOMD,validation,validation_tfexample.tfrecord-00002-of-00150,156,validation,A,CORE,MERGE_CONTEXT_ELIGIBLE,HIGH,2,SAFETY_CRITICAL_UNCERTAIN,LOW,HIGH,HIGH,accept,,False
validation_tfexample.tfrecord-00002-of-00150#162__t46__93_89,validation_tfexample.tfrecord-00002-of-00150#162__t46__93_89,424fb541090efb7a,validation_tfexample.tfrecord-00002-of-00150#162,WOMD,validation,validation_tfexample.tfrecord-00002-of-00150,162,validation,B,SUPPORT,MERGE_CONTEXT_ELIGIBLE,MEDIUM,1,FRONT_CONSTRAINED,LOW,LOW,HIGH,accept,,False
validation_tfexample.tfrecord-00002-of-00150#163__t43__96_102,validation_tfexample.tfrecord-00002-of-00150#163__t43__96_102,d31f67275f4285a0,validation_tfexample.tfrecord-00002-of-00150#163,WOMD,validation,validation_tfexample.tfrecord-00002-of-00150,163,validation,B,SUPPORT,MERGE_CONTEXT_ELIGIBLE,MEDIUM,1,SAFETY_CRITICAL_UNCERTAIN,LOW,LOW,HIGH,accept,,False
validation_tfexample.tfrecord-00002-of-00150#173__t48__875_806,validation_tfexample.tfrecord-00002-of-00150#173__t48__875_806,560411da56726d35,validation_tfexample.tfrecord-00002-of-00150#173,WOMD,validation,validation_tfexample.tfrecord-00002-of-00150,173,validation,B,SUPPORT,MERGE_CONTEXT_ELIGIBLE,MEDIUM,1,SAFETY_CRITICAL_UNCERTAIN,LOW,LOW,MEDIUM,accept,,False
validation_tfexample.tfrecord-00002-of-00150#180__t19__117_115,validation_tfexample.tfrecord-00002-of-00150#180__t19__117_115,a7f0acc9262486fb,validation_tfexample.tfrecord-00002-of-00150#180,WOMD,validation,validation_tfexample.tfrecord-00002-of-00150,180,validation,B,SUPPORT,MERGE_CONTEXT_ELIGIBLE,MEDIUM,1,SAFETY_CRITICAL_UNCERTAIN,LOW,LOW,HIGH,accept,,False
validation_tfexample.tfrecord-00002-of-00150#191__t29__679_964,validation_tfexample.tfrecord-00002-of-00150#191__t29__679_964,a7fec5bab35013d0,validation_tfexample.tfrecord-00002-of-00150#191,WOMD,validation,validation_tfexample.tfrecord-00002-of-00150,191,validation,A,CORE,MERGE_CONTEXT_ELIGIBLE,HIGH,2,SAFETY_CRITICAL_UNCERTAIN,LOW,HIGH,HIGH,accept,,False
validation_tfexample.tfrecord-00002-of-00150#197__t34__406_404,validation_tfexample.tfrecord-00002-of-00150#197__t34__406_404,d5f52d578707b8d8,validation_tfexample.tfrecord-00002-of-00150#197,WOMD,validation,validation_tfexample.tfrecord-00002-of-00150,197,validation,A,CORE,MERGE_CONTEXT_ELIGIBLE,HIGH,2,SAFETY_CRITICAL_UNCERTAIN,LOW,HIGH,HIGH,accept,,False
validation_tfexample.tfrecord-00002-of-00150#197__t74__1485_1472,validation_tfexample.tfrecord-00002-of-00150#197__t74__1485_1472,d5f52d578707b8d8,validation_tfexample.tfrecord-00002-of-00150#197,WOMD,validation,validation_tfexample.tfrecord-00002-of-00150,197,validation,A,CORE,MERGE_CONTEXT_ELIGIBLE,HIGH,2,SAFETY_CRITICAL_UNCERTAIN,LOW,HIGH,HIGH,accept,,False
validation_tfexample.tfrecord-00002-of-00150#198__t57__237_248,validation_tfexample.tfrecord-00002-of-00150#198__t57__237_248,3e45b906bcf85d6d,validation_tfexample.tfrecord-00002-of-00150#198,WOMD,validation,validation_tfexample.tfrecord-00002-of-00150,198,validation,A,CORE,MERGE_CONTEXT_ELIGIBLE,HIGH,2,SAFETY_CRITICAL_UNCERTAIN,LOW,HIGH,HIGH,accept,,False
validation_tfexample.tfrecord-00002-of-00150#200__t44__117_86,validation_tfexample.tfrecord-00002-of-00150#200__t44__117_86,c8b951a14a0ea191,validation_tfexample.tfrecord-00002-of-00150#200,WOMD,validation,validation_tfexample.tfrecord-00002-of-00150,200,validation,B,SUPPORT,MERGE_CONTEXT_ELIGIBLE,MEDIUM,1,FRONT_CONSTRAINED,LOW,LOW,HIGH,accept,,False
validation_tfexample.tfrecord-00002-of-00150#201__t90__496_503,validation_tfexample.tfrecord-00002-of-00150#201__t90__496_503,e1aeba17560793cc,validation_tfexample.tfrecord-00002-of-00150#201,WOMD,validation,validation_tfexample.tfrecord-00002-of-00150,201,validation,A,CORE,MERGE_CONTEXT_ELIGIBLE,HIGH,2,SAFETY_CRITICAL_UNCERTAIN,LOW,HIGH,HIGH,reject,target_not_stable,False
validation_tfexample.tfrecord-00002-of-00150#203__t73__410_432,validation_tfexample.tfrecord-00002-of-00150#203__t73__410_432,79d6c58b13128aa4,validation_tfexample.tfrecord-00002-of-00150#203,WOMD,validation,validation_tfexample.tfrecord-00002-of-00150,203,validation,B,SUPPORT,MERGE_CONTEXT_ELIGIBLE,LOW,1,WEAK_INTERACTION,LOW,LOW,MEDIUM,accept,,False
validation_tfexample.tfrecord-00002-of-00150#204__t40__283_216,validation_tfexample.tfrecord-00002-of-00150#204__t40__283_216,8198c1fe5d77ee7d,validation_tfexample.tfrecord-00002-of-00150#204,WOMD,validation,validation_tfexample.tfrecord-00002-of-00150,204,validation,B,SUPPORT,MERGE_CONTEXT_ELIGIBLE,MEDIUM,1,SAFETY_CRITICAL_UNCERTAIN,LOW,LOW,HIGH,accept,,False
validation_tfexample.tfrecord-00002-of-00150#209__t49__535_523,validation_tfexample.tfrecord-00002-of-00150#209__t49__535_523,b4a008051d3b2a4d,validation_tfexample.tfrecord-00002-of-00150#209,WOMD,validation,validation_tfexample.tfrecord-00002-of-00150,209,validation,A,CORE,MERGE_CONTEXT_ELIGIBLE,HIGH,2,SAFETY_CRITICAL_UNCERTAIN,LOW,MEDIUM,HIGH,accept,,False
validation_tfexample.tfrecord-00002-of-00150#210__t16__125_154,validation_tfexample.tfrecord-00002-of-00150#210__t16__125_154,47ed26ccc81fe4bb,validation_tfexample.tfrecord-00002-of-00150#210,WOMD,validation,validation_tfexample.tfrecord-00002-of-00150,210,validation,B,SUPPORT,MERGE_CONTEXT_ELIGIBLE,MEDIUM,1,FRONT_CONSTRAINED,LOW,LOW,MEDIUM,accept,,False
validation_tfexample.tfrecord-00002-of-00150#213__t64__121_127,validation_tfexample.tfrecord-00002-of-00150#213__t64__121_127,7ed35759068dec3,validation_tfexample.tfrecord-00002-of-00150#213,WOMD,validation,validation_tfexample.tfrecord-00002-of-00150,213,validation,B,SUPPORT,MERGE_CONTEXT_ELIGIBLE,MEDIUM,1,FRONT_CONSTRAINED,LOW,LOW,MEDIUM,accept,,False
validation_tfexample.tfrecord-00002-of-00150#221__t12__105_194,validation_tfexample.tfrecord-00002-of-00150#221__t12__105_194,912ee349e33bf068,validation_tfexample.tfrecord-00002-of-00150#221,WOMD,validation,validation_tfexample.tfrecord-00002-of-00150,221,validation,B,SUPPORT,MERGE_CONTEXT_ELIGIBLE,MEDIUM,1,FRONT_CONSTRAINED,LOW,LOW,MEDIUM,accept,,False
validation_tfexample.tfrecord-00002-of-00150#223__t60__184_176,validation_tfexample.tfrecord-00002-of-00150#223__t60__184_176,28f5bed7cf39e0dd,validation_tfexample.tfrecord-00002-of-00150#223,WOMD,validation,validation_tfexample.tfrecord-00002-of-00150,223,validation,B,SUPPORT,MERGE_CONTEXT_ELIGIBLE,MEDIUM,1,FRONT_CONSTRAINED,LOW,LOW,MEDIUM,accept,,False
validation_tfexample.tfrecord-00002-of-00150#228__t7__623_605,validation_tfexample.tfrecord-00002-of-00150#228__t7__623_605,44d66b4bd5193a70,validation_tfexample.tfrecord-00002-of-00150#228,WOMD,validation,validation_tfexample.tfrecord-00002-of-00150,228,validation,B,SUPPORT,MERGE_CONTEXT_ELIGIBLE,MEDIUM,1,FRONT_CONSTRAINED,LOW,LOW,HIGH,accept,,False
validation_tfexample.tfrecord-00002-of-00150#233__t9__75_72,validation_tfexample.tfrecord-00002-of-00150#233__t9__75_72,bd3ce582c64daf12,validation_tfexample.tfrecord-00002-of-00150#233,WOMD,validation,validation_tfexample.tfrecord-00002-of-00150,233,validation,B,SUPPORT,MERGE_CONTEXT_ELIGIBLE,MEDIUM,1,FRONT_CONSTRAINED,LOW,LOW,MEDIUM,accept,,False
validation_tfexample.tfrecord-00002-of-00150#234__t72__258_269,validation_tfexample.tfrecord-00002-of-00150#234__t72__258_269,b44de08a3ee248d,validation_tfexample.tfrecord-00002-of-00150#234,WOMD,validation,validation_tfexample.tfrecord-00002-of-00150,234,validation,A,CORE,MERGE_CONTEXT_ELIGIBLE,HIGH,3,BOTH_SIDES_CONSTRAINED,MEDIUM,MEDIUM,MEDIUM,accept,,False
validation_tfexample.tfrecord-00002-of-00150#235__t30__125_123,validation_tfexample.tfrecord-00002-of-00150#235__t30__125_123,b2ca09fb69f2a6ff,validation_tfexample.tfrecord-00002-of-00150#235,WOMD,validation,validation_tfexample.tfrecord-00002-of-00150,235,validation,B,SUPPORT,MERGE_CONTEXT_ELIGIBLE,MEDIUM,1,SAFETY_CRITICAL_UNCERTAIN,LOW,LOW,HIGH,accept,,False
validation_tfexample.tfrecord-00002-of-00150#236__t22__271_308,validation_tfexample.tfrecord-00002-of-00150#236__t22__271_308,6dac9a05f3aba915,validation_tfexample.tfrecord-00002-of-00150#236,WOMD,validation,validation_tfexample.tfrecord-00002-of-00150,236,validation,B,SUPPORT,MERGE_CONTEXT_ELIGIBLE,MEDIUM,1,SAFETY_CRITICAL_UNCERTAIN,LOW,LOW,HIGH,accept,,False
validation_tfexample.tfrecord-00002-of-00150#238__t32__237_233,validation_tfexample.tfrecord-00002-of-00150#238__t32__237_233,43fbf761d102526f,validation_tfexample.tfrecord-00002-of-00150#238,WOMD,validation,validation_tfexample.tfrecord-00002-of-00150,238,validation,A,CORE,MERGE_CONTEXT_ELIGIBLE,MEDIUM,2,SAFETY_CRITICAL_UNCERTAIN,MEDIUM,LOW,MEDIUM,accept,,False
validation_tfexample.tfrecord-00002-of-00150#247__t67__612_605,validation_tfexample.tfrecord-00002-of-00150#247__t67__612_605,bc2d8d1c34f15206,validation_tfexample.tfrecord-00002-of-00150#247,WOMD,validation,validation_tfexample.tfrecord-00002-of-00150,247,validation,B,SUPPORT,MERGE_CONTEXT_ELIGIBLE,MEDIUM,1,FRONT_CONSTRAINED,LOW,LOW,HIGH,accept,,False
validation_tfexample.tfrecord-00002-of-00150#255__t41__348_273,validation_tfexample.tfrecord-00002-of-00150#255__t41__348_273,938dcbc96e592662,validation_tfexample.tfrecord-00002-of-00150#255,WOMD,validation,validation_tfexample.tfrecord-00002-of-00150,255,validation,A,CORE,MERGE_CONTEXT_ELIGIBLE,HIGH,2,SAFETY_CRITICAL_UNCERTAIN,LOW,HIGH,HIGH,accept,,False
validation_tfexample.tfrecord-00002-of-00150#255__t68__262_105,validation_tfexample.tfrecord-00002-of-00150#255__t68__262_105,938dcbc96e592662,validation_tfexample.tfrecord-00002-of-00150#255,WOMD,validation,validation_tfexample.tfrecord-00002-of-00150,255,validation,B,SUPPORT,MERGE_CONTEXT_ELIGIBLE,MEDIUM,1,FRONT_CONSTRAINED,LOW,LOW,MEDIUM,accept,,False
validation_tfexample.tfrecord-00002-of-00150#259__t79__225_222,validation_tfexample.tfrecord-00002-of-00150#259__t79__225_222,16cef8d1c8c554c7,validation_tfexample.tfrecord-00002-of-00150#259,WOMD,validation,validation_tfexample.tfrecord-00002-of-00150,259,validation,B,SUPPORT,MERGE_CONTEXT_ELIGIBLE,MEDIUM,1,FRONT_CONSTRAINED,LOW,LOW,HIGH,accept,,False
validation_tfexample.tfrecord-00002-of-00150#262__t48__208_203,validation_tfexample.tfrecord-00002-of-00150#262__t48__208_203,b649fef7c68d651b,validation_tfexample.tfrecord-00002-of-00150#262,WOMD,validation,validation_tfexample.tfrecord-00002-of-00150,262,validation,A,CORE,MERGE_CONTEXT_ELIGIBLE,HIGH,2,SAFETY_CRITICAL_UNCERTAIN,LOW,MEDIUM,HIGH,accept,,False
validation_tfexample.tfrecord-00002-of-00150#274__t10__408_395,validation_tfexample.tfrecord-00002-of-00150#274__t10__408_395,a6f46e724049dde5,validation_tfexample.tfrecord-00002-of-00150#274,WOMD,validation,validation_tfexample.tfrecord-00002-of-00150,274,validation,B,SUPPORT,MERGE_CONTEXT_ELIGIBLE,MEDIUM,1,FRONT_CONSTRAINED,LOW,LOW,HIGH,accept,,False
validation_tfexample.tfrecord-00002-of-00150#277__t89__148_102,validation_tfexample.tfrecord-00002-of-00150#277__t89__148_102,8e71cf9b5102f01d,validation_tfexample.tfrecord-00002-of-00150#277,WOMD,validation,validation_tfexample.tfrecord-00002-of-00150,277,validation,B,SUPPORT,MERGE_CONTEXT_ELIGIBLE,LOW,1,APPROACH_KEEP_CONTEXT,MEDIUM,LOW,LOW,reject,target_not_stable,False
validation_tfexample.tfrecord-00002-of-00150#282__t21__286_280,validation_tfexample.tfrecord-00002-of-00150#282__t21__286_280,a95623d6058de3c5,validation_tfexample.tfrecord-00002-of-00150#282,WOMD,validation,validation_tfexample.tfrecord-00002-of-00150,282,validation,B,SUPPORT,MERGE_CONTEXT_ELIGIBLE,MEDIUM,1,SAFETY_CRITICAL_UNCERTAIN,LOW,LOW,HIGH,accept,,False
validation_tfexample.tfrecord-00002-of-00150#282__t56__277_247,validation_tfexample.tfrecord-00002-of-00150#282__t56__277_247,a95623d6058de3c5,validation_tfexample.tfrecord-00002-of-00150#282,WOMD,validation,validation_tfexample.tfrecord-00002-of-00150,282,validation,B,SUPPORT,MERGE_CONTEXT_ELIGIBLE,MEDIUM,1,SAFETY_CRITICAL_UNCERTAIN,LOW,LOW,HIGH,accept,,False
validation_tfexample.tfrecord-00002-of-00150#283__t64__275_290,validation_tfexample.tfrecord-00002-of-00150#283__t64__275_290,33bcbf3baf6a7efa,validation_tfexample.tfrecord-00002-of-00150#283,WOMD,validation,validation_tfexample.tfrecord-00002-of-00150,283,validation,B,SUPPORT,MERGE_CONTEXT_ELIGIBLE,MEDIUM,1,SAFETY_CRITICAL_UNCERTAIN,LOW,LOW,HIGH,accept,,False
validation_tfexample.tfrecord-00002-of-00150#287__t82__167_177,validation_tfexample.tfrecord-00002-of-00150#287__t82__167_177,2f873848c8717765,validation_tfexample.tfrecord-00002-of-00150#287,WOMD,validation,validation_tfexample.tfrecord-00002-of-00150,287,validation,A,CORE,MERGE_CONTEXT_ELIGIBLE,HIGH,2,BOTH_SIDES_CONSTRAINED,LOW,HIGH,HIGH,accept,,False
validation_tfexample.tfrecord-00002-of-00150#288__t41__266_265,validation_tfexample.tfrecord-00002-of-00150#288__t41__266_265,9a85956232b2c6f9,validation_tfexample.tfrecord-00002-of-00150#288,WOMD,validation,validation_tfexample.tfrecord-00002-of-00150,288,validation,A,CORE,MERGE_CONTEXT_ELIGIBLE,HIGH,2,BOTH_SIDES_CONSTRAINED,LOW,HIGH,HIGH,accept,,False
validation_tfexample.tfrecord-00002-of-00150#293__t14__178_182,validation_tfexample.tfrecord-00002-of-00150#293__t14__178_182,e3170165b153e731,validation_tfexample.tfrecord-00002-of-00150#293,WOMD,validation,validation_tfexample.tfrecord-00002-of-00150,293,validation,B,SUPPORT,MERGE_CONTEXT_ELIGIBLE,MEDIUM,1,SAFETY_CRITICAL_UNCERTAIN,LOW,LOW,HIGH,accept,,False
validation_tfexample.tfrecord-00002-of-00150#294__t85__417_348,validation_tfexample.tfrecord-00002-of-00150#294__t85__417_348,a613eabd551978b5,validation_tfexample.tfrecord-00002-of-00150#294,WOMD,validation,validation_tfexample.tfrecord-00002-of-00150,294,validation,A,CORE,MERGE_CONTEXT_ELIGIBLE,MEDIUM,2,FRONT_CONSTRAINED,HIGH,LOW,MEDIUM,accept,,False
validation_tfexample.tfrecord-00002-of-00150#298__t45__275_290,validation_tfexample.tfrecord-00002-of-00150#298__t45__275_290,e06098d9712d46f4,validation_tfexample.tfrecord-00002-of-00150#298,WOMD,validation,validation_tfexample.tfrecord-00002-of-00150,298,validation,A,CORE,MERGE_CONTEXT_ELIGIBLE,HIGH,2,SAFETY_CRITICAL_UNCERTAIN,LOW,HIGH,HIGH,accept,,False
validation_tfexample.tfrecord-00002-of-00150#299__t40__147_144,validation_tfexample.tfrecord-00002-of-00150#299__t40__147_144,21781ea8b545cd10,validation_tfexample.tfrecord-00002-of-00150#299,WOMD,validation,validation_tfexample.tfrecord-00002-of-00150,299,validation,A,CORE,MERGE_CONTEXT_ELIGIBLE,HIGH,2,BOTH_SIDES_CONSTRAINED,LOW,HIGH,HIGH,accept,,False
validation_tfexample.tfrecord-00002-of-00150#300__t62__227_213,validation_tfexample.tfrecord-00002-of-00150#300__t62__227_213,69d8953ad84a1666,validation_tfexample.tfrecord-00002-of-00150#300,WOMD,validation,validation_tfexample.tfrecord-00002-of-00150,300,validation,B,SUPPORT,MERGE_CONTEXT_ELIGIBLE,MEDIUM,1,SAFETY_CRITICAL_UNCERTAIN,LOW,LOW,HIGH,accept,,False
validation_tfexample.tfrecord-00002-of-00150#305__t80__119_135,validation_tfexample.tfrecord-00002-of-00150#305__t80__119_135,9c4961af8e7e68cf,validation_tfexample.tfrecord-00002-of-00150#305,WOMD,validation,validation_tfexample.tfrecord-00002-of-00150,305,validation,A,CORE,MERGE_CONTEXT_ELIGIBLE,HIGH,2,BOTH_SIDES_CONSTRAINED,LOW,HIGH,HIGH,accept,,False
validation_tfexample.tfrecord-00003-of-00150#0__t30__392_386,validation_tfexample.tfrecord-00003-of-00150#0__t30__392_386,718e7594edc64df9,validation_tfexample.tfrecord-00003-of-00150#0,WOMD,validation,validation_tfexample.tfrecord-00003-of-00150,0,validation,A,CORE,MERGE_CONTEXT_ELIGIBLE,HIGH,2,BOTH_SIDES_CONSTRAINED,LOW,HIGH,HIGH,accept,,False
validation_tfexample.tfrecord-00003-of-00150#15__t78__345_353,validation_tfexample.tfrecord-00003-of-00150#15__t78__345_353,1a022d0d919c6169,validation_tfexample.tfrecord-00003-of-00150#15,WOMD,validation,validation_tfexample.tfrecord-00003-of-00150,15,validation,B,SUPPORT,MERGE_CONTEXT_ELIGIBLE,MEDIUM,1,FRONT_CONSTRAINED,LOW,LOW,MEDIUM,accept,,False
validation_tfexample.tfrecord-00003-of-00150#18__t31__193_146,validation_tfexample.tfrecord-00003-of-00150#18__t31__193_146,84f3aa556fdc81f0,validation_tfexample.tfrecord-00003-of-00150#18,WOMD,validation,validation_tfexample.tfrecord-00003-of-00150,18,validation,B,SUPPORT,MERGE_CONTEXT_ELIGIBLE,MEDIUM,1,FRONT_CONSTRAINED,LOW,LOW,HIGH,accept,,False
validation_tfexample.tfrecord-00003-of-00150#19__t67__303_286,validation_tfexample.tfrecord-00003-of-00150#19__t67__303_286,23db6355cd980263,validation_tfexample.tfrecord-00003-of-00150#19,WOMD,validation,validation_tfexample.tfrecord-00003-of-00150,19,validation,B,SUPPORT,MERGE_CONTEXT_ELIGIBLE,MEDIUM,1,FRONT_CONSTRAINED,LOW,LOW,HIGH,accept,,False
validation_tfexample.tfrecord-00003-of-00150#21__t73__299_305,validation_tfexample.tfrecord-00003-of-00150#21__t73__299_305,9475d0e7c734b2f7,validation_tfexample.tfrecord-00003-of-00150#21,WOMD,validation,validation_tfexample.tfrecord-00003-of-00150,21,validation,A,CORE,MERGE_CONTEXT_ELIGIBLE,HIGH,2,SAFETY_CRITICAL_UNCERTAIN,LOW,HIGH,HIGH,accept,,False
validation_tfexample.tfrecord-00003-of-00150#37__t80__318_377,validation_tfexample.tfrecord-00003-of-00150#37__t80__318_377,96101d595c7e9c8c,validation_tfexample.tfrecord-00003-of-00150#37,WOMD,validation,validation_tfexample.tfrecord-00003-of-00150,37,validation,A,CORE,MERGE_CONTEXT_ELIGIBLE,HIGH,2,BOTH_SIDES_CONSTRAINED,LOW,HIGH,HIGH,accept,,False
validation_tfexample.tfrecord-00003-of-00150#40__t55__43_32,validation_tfexample.tfrecord-00003-of-00150#40__t55__43_32,d68fa72e0526c1ee,validation_tfexample.tfrecord-00003-of-00150#40,WOMD,validation,validation_tfexample.tfrecord-00003-of-00150,40,validation,B,SUPPORT,MERGE_CONTEXT_ELIGIBLE,MEDIUM,1,SAFETY_CRITICAL_UNCERTAIN,LOW,LOW,HIGH,accept,,False
validation_tfexample.tfrecord-00003-of-00150#43__t53__103_92,validation_tfexample.tfrecord-00003-of-00150#43__t53__103_92,8c7fb0b12a97e95d,validation_tfexample.tfrecord-00003-of-00150#43,WOMD,validation,validation_tfexample.tfrecord-00003-of-00150,43,validation,B,SUPPORT,MERGE_CONTEXT_ELIGIBLE,MEDIUM,1,FRONT_CONSTRAINED,LOW,LOW,HIGH,accept,,False
validation_tfexample.tfrecord-00003-of-00150#50__t77__393_395,validation_tfexample.tfrecord-00003-of-00150#50__t77__393_395,951282de886533f5,validation_tfexample.tfrecord-00003-of-00150#50,WOMD,validation,validation_tfexample.tfrecord-00003-of-00150,50,validation,A,CORE,MERGE_CONTEXT_ELIGIBLE,HIGH,2,BOTH_SIDES_CONSTRAINED,LOW,HIGH,HIGH,accept,,False
validation_tfexample.tfrecord-00003-of-00150#57__t17__112_122,validation_tfexample.tfrecord-00003-of-00150#57__t17__112_122,a650cfdc29e7cc3f,validation_tfexample.tfrecord-00003-of-00150#57,WOMD,validation,validation_tfexample.tfrecord-00003-of-00150,57,validation,A,CORE,MERGE_CONTEXT_ELIGIBLE,HIGH,2,SAFETY_CRITICAL_UNCERTAIN,LOW,HIGH,HIGH,accept,,False
validation_tfexample.tfrecord-00003-of-00150#61__t38__782_1067,validation_tfexample.tfrecord-00003-of-00150#61__t38__782_1067,cee537f894c3ab58,validation_tfexample.tfrecord-00003-of-00150#61,WOMD,validation,validation_tfexample.tfrecord-00003-of-00150,61,validation,A,CORE,MERGE_CONTEXT_ELIGIBLE,HIGH,2,SAFETY_CRITICAL_UNCERTAIN,LOW,MEDIUM,HIGH,accept,,False
validation_tfexample.tfrecord-00003-of-00150#67__t41__606_610,validation_tfexample.tfrecord-00003-of-00150#67__t41__606_610,ac6a2be9679800d4,validation_tfexample.tfrecord-00003-of-00150#67,WOMD,validation,validation_tfexample.tfrecord-00003-of-00150,67,validation,A,CORE,MERGE_CONTEXT_ELIGIBLE,HIGH,2,BOTH_SIDES_CONSTRAINED,LOW,HIGH,HIGH,accept,,False
validation_tfexample.tfrecord-00003-of-00150#67__t86__660_728,validation_tfexample.tfrecord-00003-of-00150#67__t86__660_728,ac6a2be9679800d4,validation_tfexample.tfrecord-00003-of-00150#67,WOMD,validation,validation_tfexample.tfrecord-00003-of-00150,67,validation,A,CORE,MERGE_CONTEXT_ELIGIBLE,HIGH,2,SAFETY_CRITICAL_UNCERTAIN,LOW,HIGH,HIGH,accept,,False
validation_tfexample.tfrecord-00003-of-00150#70__t88__117_86,validation_tfexample.tfrecord-00003-of-00150#70__t88__117_86,9e6e8c6f8d20947e,validation_tfexample.tfrecord-00003-of-00150#70,WOMD,validation,validation_tfexample.tfrecord-00003-of-00150,70,validation,B,SUPPORT,MERGE_CONTEXT_ELIGIBLE,MEDIUM,1,SAFETY_CRITICAL_UNCERTAIN,LOW,LOW,HIGH,reject,target_not_stable,False
validation_tfexample.tfrecord-00003-of-00150#73__t87__404_410,validation_tfexample.tfrecord-00003-of-00150#73__t87__404_410,c78ea51ab66bcd35,validation_tfexample.tfrecord-00003-of-00150#73,WOMD,validation,validation_tfexample.tfrecord-00003-of-00150,73,validation,B,SUPPORT,MERGE_CONTEXT_ELIGIBLE,LOW,1,APPROACH_KEEP_CONTEXT,MEDIUM,LOW,LOW,reject,target_not_stable,False
validation_tfexample.tfrecord-00003-of-00150#86__t14__243_222,validation_tfexample.tfrecord-00003-of-00150#86__t14__243_222,2290315cde183b8d,validation_tfexample.tfrecord-00003-of-00150#86,WOMD,validation,validation_tfexample.tfrecord-00003-of-00150,86,validation,A,CORE,MERGE_CONTEXT_ELIGIBLE,HIGH,2,SAFETY_CRITICAL_UNCERTAIN,LOW,HIGH,HIGH,accept,,False
validation_tfexample.tfrecord-00003-of-00150#88__t50__265_281,validation_tfexample.tfrecord-00003-of-00150#88__t50__265_281,e16833447288477c,validation_tfexample.tfrecord-00003-of-00150#88,WOMD,validation,validation_tfexample.tfrecord-00003-of-00150,88,validation,A,CORE,MERGE_CONTEXT_ELIGIBLE,MEDIUM,2,FRONT_CONSTRAINED,MEDIUM,LOW,MEDIUM,accept,,False
validation_tfexample.tfrecord-00003-of-00150#89__t31__560_528,validation_tfexample.tfrecord-00003-of-00150#89__t31__560_528,890b0cac6d43ee27,validation_tfexample.tfrecord-00003-of-00150#89,WOMD,validation,validation_tfexample.tfrecord-00003-of-00150,89,validation,A,CORE,MERGE_CONTEXT_ELIGIBLE,HIGH,2,SAFETY_CRITICAL_UNCERTAIN,LOW,HIGH,HIGH,accept,,False
validation_tfexample.tfrecord-00003-of-00150#89__t59__856_845,validation_tfexample.tfrecord-00003-of-00150#89__t59__856_845,890b0cac6d43ee27,validation_tfexample.tfrecord-00003-of-00150#89,WOMD,validation,validation_tfexample.tfrecord-00003-of-00150,89,validation,A,CORE,MERGE_CONTEXT_ELIGIBLE,HIGH,2,BOTH_SIDES_CONSTRAINED,LOW,HIGH,HIGH,accept,,False
validation_tfexample.tfrecord-00003-of-00150#89__t82__839_827,validation_tfexample.tfrecord-00003-of-00150#89__t82__839_827,890b0cac6d43ee27,validation_tfexample.tfrecord-00003-of-00150#89,WOMD,validation,validation_tfexample.tfrecord-00003-of-00150,89,validation,B,SUPPORT,MERGE_CONTEXT_ELIGIBLE,MEDIUM,1,FRONT_CONSTRAINED,LOW,LOW,HIGH,accept,,False
validation_tfexample.tfrecord-00003-of-00150#93__t62__371_329,validation_tfexample.tfrecord-00003-of-00150#93__t62__371_329,f41d8edb0efb8414,validation_tfexample.tfrecord-00003-of-00150#93,WOMD,validation,validation_tfexample.tfrecord-00003-of-00150,93,validation,A,CORE,MERGE_CONTEXT_ELIGIBLE,HIGH,2,SAFETY_CRITICAL_UNCERTAIN,LOW,HIGH,HIGH,accept,,False
validation_tfexample.tfrecord-00003-of-00150#95__t26__180_187,validation_tfexample.tfrecord-00003-of-00150#95__t26__180_187,ae9abcf762bd5123,validation_tfexample.tfrecord-00003-of-00150#95,WOMD,validation,validation_tfexample.tfrecord-00003-of-00150,95,validation,A,CORE,MERGE_CONTEXT_ELIGIBLE,HIGH,2,BOTH_SIDES_CONSTRAINED,LOW,HIGH,HIGH,accept,,False
validation_tfexample.tfrecord-00003-of-00150#98__t20__270_273,validation_tfexample.tfrecord-00003-of-00150#98__t20__270_273,954428dbfbef5866,validation_tfexample.tfrecord-00003-of-00150#98,WOMD,validation,validation_tfexample.tfrecord-00003-of-00150,98,validation,A,CORE,MERGE_CONTEXT_ELIGIBLE,MEDIUM,2,WEAK_INTERACTION,MEDIUM,LOW,MEDIUM,accept,,False
validation_tfexample.tfrecord-00003-of-00150#107__t15__813_852,validation_tfexample.tfrecord-00003-of-00150#107__t15__813_852,96deaa2ccf095214,validation_tfexample.tfrecord-00003-of-00150#107,WOMD,validation,validation_tfexample.tfrecord-00003-of-00150,107,validation,B,SUPPORT,MERGE_CONTEXT_ELIGIBLE,MEDIUM,1,BOTH_SIDES_CONSTRAINED,LOW,LOW,HIGH,accept,,False
validation_tfexample.tfrecord-00003-of-00150#107__t33__852_849,validation_tfexample.tfrecord-00003-of-00150#107__t33__852_849,96deaa2ccf095214,validation_tfexample.tfrecord-00003-of-00150#107,WOMD,validation,validation_tfexample.tfrecord-00003-of-00150,107,validation,A,CORE,MERGE_CONTEXT_ELIGIBLE,MEDIUM,2,BOTH_SIDES_CONSTRAINED,LOW,HIGH,MEDIUM,accept,,False
validation_tfexample.tfrecord-00003-of-00150#107__t62__849_724,validation_tfexample.tfrecord-00003-of-00150#107__t62__849_724,96deaa2ccf095214,validation_tfexample.tfrecord-00003-of-00150#107,WOMD,validation,validation_tfexample.tfrecord-00003-of-00150,107,validation,A,CORE,MERGE_CONTEXT_ELIGIBLE,HIGH,3,BOTH_SIDES_CONSTRAINED,MEDIUM,MEDIUM,MEDIUM,accept,,False
validation_tfexample.tfrecord-00003-of-00150#113__t71__112_104,validation_tfexample.tfrecord-00003-of-00150#113__t71__112_104,d28f250f87ee9834,validation_tfexample.tfrecord-00003-of-00150#113,WOMD,validation,validation_tfexample.tfrecord-00003-of-00150,113,validation,B,SUPPORT,MERGE_CONTEXT_ELIGIBLE,MEDIUM,1,FRONT_CONSTRAINED,LOW,LOW,MEDIUM,accept,,False
validation_tfexample.tfrecord-00003-of-00150#124__t15__415_390,validation_tfexample.tfrecord-00003-of-00150#124__t15__415_390,c541955bdbf41bcc,validation_tfexample.tfrecord-00003-of-00150#124,WOMD,validation,validation_tfexample.tfrecord-00003-of-00150,124,validation,B,SUPPORT,MERGE_CONTEXT_ELIGIBLE,MEDIUM,1,SAFETY_CRITICAL_UNCERTAIN,LOW,LOW,HIGH,accept,,False
validation_tfexample.tfrecord-00003-of-00150#125__t65__250_263,validation_tfexample.tfrecord-00003-of-00150#125__t65__250_263,c079a0bb59505c1,validation_tfexample.tfrecord-00003-of-00150#125,WOMD,validation,validation_tfexample.tfrecord-00003-of-00150,125,validation,B,SUPPORT,MERGE_CONTEXT_ELIGIBLE,MEDIUM,1,FRONT_CONSTRAINED,LOW,LOW,HIGH,accept,,False
validation_tfexample.tfrecord-00003-of-00150#127__t75__330_294,validation_tfexample.tfrecord-00003-of-00150#127__t75__330_294,bcbd9e45f1e173ba,validation_tfexample.tfrecord-00003-of-00150#127,WOMD,validation,validation_tfexample.tfrecord-00003-of-00150,127,validation,A,CORE,MERGE_CONTEXT_ELIGIBLE,MEDIUM,2,FRONT_CONSTRAINED,MEDIUM,LOW,MEDIUM,accept,,False
validation_tfexample.tfrecord-00003-of-00150#132__t81__287_280,validation_tfexample.tfrecord-00003-of-00150#132__t81__287_280,7b91a4310b4ea853,validation_tfexample.tfrecord-00003-of-00150#132,WOMD,validation,validation_tfexample.tfrecord-00003-of-00150,132,validation,B,SUPPORT,MERGE_CONTEXT_ELIGIBLE,MEDIUM,1,FRONT_CONSTRAINED,LOW,LOW,MEDIUM,accept,,False
validation_tfexample.tfrecord-00003-of-00150#133__t68__393_373,validation_tfexample.tfrecord-00003-of-00150#133__t68__393_373,966289437d8483ed,validation_tfexample.tfrecord-00003-of-00150#133,WOMD,validation,validation_tfexample.tfrecord-00003-of-00150,133,validation,A,CORE,MERGE_CONTEXT_ELIGIBLE,HIGH,2,SAFETY_CRITICAL_UNCERTAIN,LOW,HIGH,HIGH,accept,,False
validation_tfexample.tfrecord-00003-of-00150#142__t58__205_195,validation_tfexample.tfrecord-00003-of-00150#142__t58__205_195,553dd48c82367c53,validation_tfexample.tfrecord-00003-of-00150#142,WOMD,validation,validation_tfexample.tfrecord-00003-of-00150,142,validation,B,SUPPORT,MERGE_CONTEXT_ELIGIBLE,MEDIUM,1,FRONT_CONSTRAINED,LOW,LOW,HIGH,accept,,False
validation_tfexample.tfrecord-00003-of-00150#144__t19__331_320,validation_tfexample.tfrecord-00003-of-00150#144__t19__331_320,b60180e311c0ef94,validation_tfexample.tfrecord-00003-of-00150#144,WOMD,validation,validation_tfexample.tfrecord-00003-of-00150,144,validation,B,SUPPORT,MERGE_CONTEXT_ELIGIBLE,LOW,1,WEAK_INTERACTION,LOW,LOW,MEDIUM,accept,,False
validation_tfexample.tfrecord-00003-of-00150#152__t29__390_405,validation_tfexample.tfrecord-00003-of-00150#152__t29__390_405,364f9e50e6f25082,validation_tfexample.tfrecord-00003-of-00150#152,WOMD,validation,validation_tfexample.tfrecord-00003-of-00150,152,validation,A,CORE,MERGE_CONTEXT_ELIGIBLE,HIGH,2,BOTH_SIDES_CONSTRAINED,LOW,HIGH,HIGH,accept,,False
validation_tfexample.tfrecord-00003-of-00150#152__t82__421_282,validation_tfexample.tfrecord-00003-of-00150#152__t82__421_282,364f9e50e6f25082,validation_tfexample.tfrecord-00003-of-00150#152,WOMD,validation,validation_tfexample.tfrecord-00003-of-00150,152,validation,B,SUPPORT,MERGE_CONTEXT_ELIGIBLE,MEDIUM,1,FRONT_CONSTRAINED,LOW,LOW,MEDIUM,accept,,False
validation_tfexample.tfrecord-00003-of-00150#154__t82__324_311,validation_tfexample.tfrecord-00003-of-00150#154__t82__324_311,63959e809a83063,validation_tfexample.tfrecord-00003-of-00150#154,WOMD,validation,validation_tfexample.tfrecord-00003-of-00150,154,validation,B,SUPPORT,MERGE_CONTEXT_ELIGIBLE,MEDIUM,1,FRONT_CONSTRAINED,LOW,LOW,HIGH,accept,,False
validation_tfexample.tfrecord-00003-of-00150#159__t46__671_691,validation_tfexample.tfrecord-00003-of-00150#159__t46__671_691,a82cf9a161adacb2,validation_tfexample.tfrecord-00003-of-00150#159,WOMD,validation,validation_tfexample.tfrecord-00003-of-00150,159,validation,A,CORE,MERGE_CONTEXT_ELIGIBLE,HIGH,2,SAFETY_CRITICAL_UNCERTAIN,LOW,HIGH,HIGH,accept,,False
validation_tfexample.tfrecord-00003-of-00150#159__t72__520_512,validation_tfexample.tfrecord-00003-of-00150#159__t72__520_512,a82cf9a161adacb2,validation_tfexample.tfrecord-00003-of-00150#159,WOMD,validation,validation_tfexample.tfrecord-00003-of-00150,159,validation,B,SUPPORT,MERGE_CONTEXT_ELIGIBLE,MEDIUM,1,REAR_PRESSURE,LOW,LOW,HIGH,reject,gap_order_not_persistent,False
validation_tfexample.tfrecord-00003-of-00150#167__t64__999_976,validation_tfexample.tfrecord-00003-of-00150#167__t64__999_976,5db09ff1537e650d,validation_tfexample.tfrecord-00003-of-00150#167,WOMD,validation,validation_tfexample.tfrecord-00003-of-00150,167,validation,B,SUPPORT,MERGE_CONTEXT_ELIGIBLE,MEDIUM,1,REAR_PRESSURE,LOW,LOW,HIGH,accept,,False
validation_tfexample.tfrecord-00003-of-00150#179__t67__708_709,validation_tfexample.tfrecord-00003-of-00150#179__t67__708_709,22c5e108de905201,validation_tfexample.tfrecord-00003-of-00150#179,WOMD,validation,validation_tfexample.tfrecord-00003-of-00150,179,validation,A,CORE,MERGE_CONTEXT_ELIGIBLE,MEDIUM,2,WEAK_INTERACTION,MEDIUM,LOW,MEDIUM,accept,,False
validation_tfexample.tfrecord-00003-of-00150#183__t5__203_201,validation_tfexample.tfrecord-00003-of-00150#183__t5__203_201,e6441874a0eb8092,validation_tfexample.tfrecord-00003-of-00150#183,WOMD,validation,validation_tfexample.tfrecord-00003-of-00150,183,validation,B,SUPPORT,MERGE_CONTEXT_ELIGIBLE,MEDIUM,1,FRONT_CONSTRAINED,LOW,LOW,MEDIUM,accept,,False
validation_tfexample.tfrecord-00003-of-00150#194__t38__207_190,validation_tfexample.tfrecord-00003-of-00150#194__t38__207_190,d4cc6a051eb33d33,validation_tfexample.tfrecord-00003-of-00150#194,WOMD,validation,validation_tfexample.tfrecord-00003-of-00150,194,validation,A,CORE,MERGE_CONTEXT_ELIGIBLE,MEDIUM,2,FRONT_CONSTRAINED,MEDIUM,LOW,MEDIUM,accept,,False
validation_tfexample.tfrecord-00003-of-00150#199__t68__251_252,validation_tfexample.tfrecord-00003-of-00150#199__t68__251_252,69e0549e253b5522,validation_tfexample.tfrecord-00003-of-00150#199,WOMD,validation,validation_tfexample.tfrecord-00003-of-00150,199,validation,A,CORE,MERGE_CONTEXT_ELIGIBLE,HIGH,2,SAFETY_CRITICAL_UNCERTAIN,LOW,HIGH,HIGH,accept,,False
validation_tfexample.tfrecord-00003-of-00150#209__t56__304_310,validation_tfexample.tfrecord-00003-of-00150#209__t56__304_310,90d56000d9d742a9,validation_tfexample.tfrecord-00003-of-00150#209,WOMD,validation,validation_tfexample.tfrecord-00003-of-00150,209,validation,B,SUPPORT,MERGE_CONTEXT_ELIGIBLE,MEDIUM,1,FRONT_CONSTRAINED,LOW,LOW,HIGH,accept,,False
validation_tfexample.tfrecord-00003-of-00150#211__t90__195_134,validation_tfexample.tfrecord-00003-of-00150#211__t90__195_134,b928e49f49733d,validation_tfexample.tfrecord-00003-of-00150#211,WOMD,validation,validation_tfexample.tfrecord-00003-of-00150,211,validation,B,SUPPORT,MERGE_CONTEXT_ELIGIBLE,LOW,1,APPROACH_KEEP_CONTEXT,MEDIUM,LOW,LOW,reject,target_not_stable,False
validation_tfexample.tfrecord-00003-of-00150#215__t42__292_288,validation_tfexample.tfrecord-00003-of-00150#215__t42__292_288,bdc3d68626a4ee55,validation_tfexample.tfrecord-00003-of-00150#215,WOMD,validation,validation_tfexample.tfrecord-00003-of-00150,215,validation,A,CORE,MERGE_CONTEXT_ELIGIBLE,HIGH,2,SAFETY_CRITICAL_UNCERTAIN,LOW,HIGH,HIGH,accept,,False
validation_tfexample.tfrecord-00003-of-00150#220__t29__318_354,validation_tfexample.tfrecord-00003-of-00150#220__t29__318_354,ad6122041a882e2a,validation_tfexample.tfrecord-00003-of-00150#220,WOMD,validation,validation_tfexample.tfrecord-00003-of-00150,220,validation,B,SUPPORT,MERGE_CONTEXT_ELIGIBLE,MEDIUM,1,SAFETY_CRITICAL_UNCERTAIN,LOW,LOW,HIGH,accept,,False
validation_tfexample.tfrecord-00003-of-00150#222__t19__231_196,validation_tfexample.tfrecord-00003-of-00150#222__t19__231_196,9fabf08d14f4773a,validation_tfexample.tfrecord-00003-of-00150#222,WOMD,validation,validation_tfexample.tfrecord-00003-of-00150,222,validation,A,CORE,MERGE_CONTEXT_ELIGIBLE,HIGH,2,SAFETY_CRITICAL_UNCERTAIN,LOW,HIGH,HIGH,accept,,False
validation_tfexample.tfrecord-00003-of-00150#223__t9__256_184,validation_tfexample.tfrecord-00003-of-00150#223__t9__256_184,5080d647d71552e3,validation_tfexample.tfrecord-00003-of-00150#223,WOMD,validation,validation_tfexample.tfrecord-00003-of-00150,223,validation,A,CORE,MERGE_CONTEXT_ELIGIBLE,HIGH,2,SAFETY_CRITICAL_UNCERTAIN,LOW,HIGH,HIGH,accept,,False
validation_tfexample.tfrecord-00003-of-00150#233__t48__104_146,validation_tfexample.tfrecord-00003-of-00150#233__t48__104_146,ac80b133a04be155,validation_tfexample.tfrecord-00003-of-00150#233,WOMD,validation,validation_tfexample.tfrecord-00003-of-00150,233,validation,B,SUPPORT,MERGE_CONTEXT_ELIGIBLE,MEDIUM,1,FRONT_CONSTRAINED,LOW,LOW,MEDIUM,accept,,False
validation_tfexample.tfrecord-00003-of-00150#234__t90__182_188,validation_tfexample.tfrecord-00003-of-00150#234__t90__182_188,684e0789759ea605,validation_tfexample.tfrecord-00003-of-00150#234,WOMD,validation,validation_tfexample.tfrecord-00003-of-00150,234,validation,A,CORE,MERGE_CONTEXT_ELIGIBLE,HIGH,2,BOTH_SIDES_CONSTRAINED,LOW,HIGH,HIGH,reject,target_not_stable,False
validation_tfexample.tfrecord-00003-of-00150#240__t68__191_181,validation_tfexample.tfrecord-00003-of-00150#240__t68__191_181,d28d006d9ad889b1,validation_tfexample.tfrecord-00003-of-00150#240,WOMD,validation,validation_tfexample.tfrecord-00003-of-00150,240,validation,B,SUPPORT,MERGE_CONTEXT_ELIGIBLE,MEDIUM,1,BOTH_SIDES_CONSTRAINED,LOW,LOW,HIGH,accept,,False
validation_tfexample.tfrecord-00003-of-00150#243__t61__314_292,validation_tfexample.tfrecord-00003-of-00150#243__t61__314_292,b1e9fb016330ba8e,validation_tfexample.tfrecord-00003-of-00150#243,WOMD,validation,validation_tfexample.tfrecord-00003-of-00150,243,validation,B,SUPPORT,MERGE_CONTEXT_ELIGIBLE,MEDIUM,1,FRONT_CONSTRAINED,LOW,LOW,HIGH,accept,,False
validation_tfexample.tfrecord-00003-of-00150#243__t88__290_461,validation_tfexample.tfrecord-00003-of-00150#243__t88__290_461,b1e9fb016330ba8e,validation_tfexample.tfrecord-00003-of-00150#243,WOMD,validation,validation_tfexample.tfrecord-00003-of-00150,243,validation,B,SUPPORT,MERGE_CONTEXT_ELIGIBLE,MEDIUM,1,FRONT_CONSTRAINED,LOW,LOW,MEDIUM,reject,target_not_stable,False
validation_tfexample.tfrecord-00003-of-00150#244__t37__873_876,validation_tfexample.tfrecord-00003-of-00150#244__t37__873_876,b03ce01d2f2093de,validation_tfexample.tfrecord-00003-of-00150#244,WOMD,validation,validation_tfexample.tfrecord-00003-of-00150,244,validation,B,SUPPORT,MERGE_CONTEXT_ELIGIBLE,MEDIUM,1,FRONT_CONSTRAINED,LOW,LOW,HIGH,accept,,False
validation_tfexample.tfrecord-00003-of-00150#246__t75__735_908,validation_tfexample.tfrecord-00003-of-00150#246__t75__735_908,11c1f8dfcfd8db91,validation_tfexample.tfrecord-00003-of-00150#246,WOMD,validation,validation_tfexample.tfrecord-00003-of-00150,246,validation,A,CORE,MERGE_CONTEXT_ELIGIBLE,MEDIUM,2,WEAK_INTERACTION,HIGH,LOW,MEDIUM,accept,,False
validation_tfexample.tfrecord-00003-of-00150#253__t60__54_44,validation_tfexample.tfrecord-00003-of-00150#253__t60__54_44,4dfe7c285670839f,validation_tfexample.tfrecord-00003-of-00150#253,WOMD,validation,validation_tfexample.tfrecord-00003-of-00150,253,validation,A,CORE,MERGE_CONTEXT_ELIGIBLE,MEDIUM,2,WEAK_INTERACTION,MEDIUM,LOW,MEDIUM,accept,,False
validation_tfexample.tfrecord-00003-of-00150#272__t68__326_335,validation_tfexample.tfrecord-00003-of-00150#272__t68__326_335,8fb561d2ff4aea35,validation_tfexample.tfrecord-00003-of-00150#272,WOMD,validation,validation_tfexample.tfrecord-00003-of-00150,272,validation,A,CORE,MERGE_CONTEXT_ELIGIBLE,HIGH,2,SAFETY_CRITICAL_UNCERTAIN,LOW,HIGH,HIGH,reject,gap_order_not_persistent,False
validation_tfexample.tfrecord-00003-of-00150#273__t41__482_484,validation_tfexample.tfrecord-00003-of-00150#273__t41__482_484,e8658f4d6f7eef57,validation_tfexample.tfrecord-00003-of-00150#273,WOMD,validation,validation_tfexample.tfrecord-00003-of-00150,273,validation,A,CORE,MERGE_CONTEXT_ELIGIBLE,HIGH,2,SAFETY_CRITICAL_UNCERTAIN,LOW,HIGH,HIGH,accept,,True
validation_tfexample.tfrecord-00003-of-00150#301__t79__475_380,validation_tfexample.tfrecord-00003-of-00150#301__t79__475_380,46a057c906c4cb41,validation_tfexample.tfrecord-00003-of-00150#301,WOMD,validation,validation_tfexample.tfrecord-00003-of-00150,301,validation,A,CORE,MERGE_CONTEXT_ELIGIBLE,HIGH,2,SAFETY_CRITICAL_UNCERTAIN,LOW,HIGH,HIGH,accept,,False
validation_tfexample.tfrecord-00003-of-00150#304__t69__106_123,validation_tfexample.tfrecord-00003-of-00150#304__t69__106_123,9fc5d0d5e8779e38,validation_tfexample.tfrecord-00003-of-00150#304,WOMD,validation,validation_tfexample.tfrecord-00003-of-00150,304,validation,A,CORE,MERGE_CONTEXT_ELIGIBLE,HIGH,2,SAFETY_CRITICAL_UNCERTAIN,LOW,HIGH,HIGH,accept,,True
validation_tfexample.tfrecord-00004-of-00150#2__t41__888_827,validation_tfexample.tfrecord-00004-of-00150#2__t41__888_827,7c7bd0cc4fe49f2e,validation_tfexample.tfrecord-00004-of-00150#2,WOMD,validation,validation_tfexample.tfrecord-00004-of-00150,2,validation,A,CORE,MERGE_CONTEXT_ELIGIBLE,HIGH,3,APPROACH_KEEP_CONTEXT,HIGH,MEDIUM,MEDIUM,accept,,False
validation_tfexample.tfrecord-00004-of-00150#8__t12__291_300,validation_tfexample.tfrecord-00004-of-00150#8__t12__291_300,9c588150cfc272a9,validation_tfexample.tfrecord-00004-of-00150#8,WOMD,validation,validation_tfexample.tfrecord-00004-of-00150,8,validation,B,SUPPORT,MERGE_CONTEXT_ELIGIBLE,MEDIUM,1,BOTH_SIDES_CONSTRAINED,LOW,LOW,HIGH,accept,,False
validation_tfexample.tfrecord-00004-of-00150#17__t62__386_401,validation_tfexample.tfrecord-00004-of-00150#17__t62__386_401,e666a92cc6da405c,validation_tfexample.tfrecord-00004-of-00150#17,WOMD,validation,validation_tfexample.tfrecord-00004-of-00150,17,validation,A,CORE,MERGE_CONTEXT_ELIGIBLE,HIGH,3,BOTH_SIDES_CONSTRAINED,MEDIUM,MEDIUM,MEDIUM,accept,,False
validation_tfexample.tfrecord-00004-of-00150#21__t5__139_142,validation_tfexample.tfrecord-00004-of-00150#21__t5__139_142,527fac4a669a146b,validation_tfexample.tfrecord-00004-of-00150#21,WOMD,validation,validation_tfexample.tfrecord-00004-of-00150,21,validation,B,SUPPORT,MERGE_CONTEXT_ELIGIBLE,MEDIUM,1,SAFETY_CRITICAL_UNCERTAIN,LOW,LOW,HIGH,accept,,False
validation_tfexample.tfrecord-00004-of-00150#33__t35__106_121,validation_tfexample.tfrecord-00004-of-00150#33__t35__106_121,d956b12a141aecf,validation_tfexample.tfrecord-00004-of-00150#33,WOMD,validation,validation_tfexample.tfrecord-00004-of-00150,33,validation,A,CORE,MERGE_CONTEXT_ELIGIBLE,HIGH,2,BOTH_SIDES_CONSTRAINED,LOW,HIGH,HIGH,accept,,False
validation_tfexample.tfrecord-00004-of-00150#35__t30__107_98,validation_tfexample.tfrecord-00004-of-00150#35__t30__107_98,11567935b1739028,validation_tfexample.tfrecord-00004-of-00150#35,WOMD,validation,validation_tfexample.tfrecord-00004-of-00150,35,validation,B,SUPPORT,MERGE_CONTEXT_ELIGIBLE,MEDIUM,1,FRONT_CONSTRAINED,LOW,LOW,HIGH,accept,,False
validation_tfexample.tfrecord-00004-of-00150#42__t32__324_311,validation_tfexample.tfrecord-00004-of-00150#42__t32__324_311,c6201759ab89810d,validation_tfexample.tfrecord-00004-of-00150#42,WOMD,validation,validation_tfexample.tfrecord-00004-of-00150,42,validation,B,SUPPORT,MERGE_CONTEXT_ELIGIBLE,MEDIUM,1,SAFETY_CRITICAL_UNCERTAIN,LOW,LOW,HIGH,accept,,False
validation_tfexample.tfrecord-00004-of-00150#51__t40__471_485,validation_tfexample.tfrecord-00004-of-00150#51__t40__471_485,30038d2c681a6283,validation_tfexample.tfrecord-00004-of-00150#51,WOMD,validation,validation_tfexample.tfrecord-00004-of-00150,51,validation,A,CORE,MERGE_CONTEXT_ELIGIBLE,MEDIUM,2,FRONT_CONSTRAINED,HIGH,LOW,MEDIUM,accept,,False
validation_tfexample.tfrecord-00004-of-00150#67__t23__152_137,validation_tfexample.tfrecord-00004-of-00150#67__t23__152_137,630339cf24c795d8,validation_tfexample.tfrecord-00004-of-00150#67,WOMD,validation,validation_tfexample.tfrecord-00004-of-00150,67,validation,A,CORE,MERGE_CONTEXT_ELIGIBLE,MEDIUM,2,FRONT_CONSTRAINED,MEDIUM,LOW,MEDIUM,accept,,False
validation_tfexample.tfrecord-00004-of-00150#70__t62__246_285,validation_tfexample.tfrecord-00004-of-00150#70__t62__246_285,a305109ccd223bf8,validation_tfexample.tfrecord-00004-of-00150#70,WOMD,validation,validation_tfexample.tfrecord-00004-of-00150,70,validation,B,SUPPORT,MERGE_CONTEXT_ELIGIBLE,MEDIUM,1,SAFETY_CRITICAL_UNCERTAIN,LOW,LOW,HIGH,accept,,False
validation_tfexample.tfrecord-00004-of-00150#77__t48__316_401,validation_tfexample.tfrecord-00004-of-00150#77__t48__316_401,985846c67347ac56,validation_tfexample.tfrecord-00004-of-00150#77,WOMD,validation,validation_tfexample.tfrecord-00004-of-00150,77,validation,A,CORE,MERGE_CONTEXT_ELIGIBLE,HIGH,2,SAFETY_CRITICAL_UNCERTAIN,LOW,HIGH,HIGH,accept,,False
validation_tfexample.tfrecord-00004-of-00150#80__t33__209_208,validation_tfexample.tfrecord-00004-of-00150#80__t33__209_208,36ae121c356a62e0,validation_tfexample.tfrecord-00004-of-00150#80,WOMD,validation,validation_tfexample.tfrecord-00004-of-00150,80,validation,B,SUPPORT,MERGE_CONTEXT_ELIGIBLE,MEDIUM,1,FRONT_CONSTRAINED,LOW,LOW,HIGH,accept,,False
validation_tfexample.tfrecord-00004-of-00150#87__t25__99_160,validation_tfexample.tfrecord-00004-of-00150#87__t25__99_160,35ab45d937764ba9,validation_tfexample.tfrecord-00004-of-00150#87,WOMD,validation,validation_tfexample.tfrecord-00004-of-00150,87,validation,B,SUPPORT,MERGE_CONTEXT_ELIGIBLE,MEDIUM,1,SAFETY_CRITICAL_UNCERTAIN,LOW,LOW,HIGH,accept,,False
validation_tfexample.tfrecord-00004-of-00150#97__t39__127_102,validation_tfexample.tfrecord-00004-of-00150#97__t39__127_102,8d50c2a7cee1b7f1,validation_tfexample.tfrecord-00004-of-00150#97,WOMD,validation,validation_tfexample.tfrecord-00004-of-00150,97,validation,A,CORE,MERGE_CONTEXT_ELIGIBLE,MEDIUM,2,FRONT_CONSTRAINED,MEDIUM,LOW,MEDIUM,accept,,False
validation_tfexample.tfrecord-00004-of-00150#103__t66__419_415,validation_tfexample.tfrecord-00004-of-00150#103__t66__419_415,a2fc8677758d4b7e,validation_tfexample.tfrecord-00004-of-00150#103,WOMD,validation,validation_tfexample.tfrecord-00004-of-00150,103,validation,A,CORE,MERGE_CONTEXT_ELIGIBLE,HIGH,2,SAFETY_CRITICAL_UNCERTAIN,LOW,HIGH,HIGH,accept,,False
validation_tfexample.tfrecord-00004-of-00150#104__t75__738_739,validation_tfexample.tfrecord-00004-of-00150#104__t75__738_739,214a4ec1889483cf,validation_tfexample.tfrecord-00004-of-00150#104,WOMD,validation,validation_tfexample.tfrecord-00004-of-00150,104,validation,A,CORE,MERGE_CONTEXT_ELIGIBLE,MEDIUM,2,FRONT_CONSTRAINED,MEDIUM,LOW,MEDIUM,accept,,False
validation_tfexample.tfrecord-00004-of-00150#107__t60__297_295,validation_tfexample.tfrecord-00004-of-00150#107__t60__297_295,63bcffc229444c56,validation_tfexample.tfrecord-00004-of-00150#107,WOMD,validation,validation_tfexample.tfrecord-00004-of-00150,107,validation,B,SUPPORT,MERGE_CONTEXT_ELIGIBLE,MEDIUM,1,SAFETY_CRITICAL_UNCERTAIN,LOW,LOW,HIGH,accept,,False
validation_tfexample.tfrecord-00004-of-00150#108__t27__377_375,validation_tfexample.tfrecord-00004-of-00150#108__t27__377_375,d2a7277dde37f931,validation_tfexample.tfrecord-00004-of-00150#108,WOMD,validation,validation_tfexample.tfrecord-00004-of-00150,108,validation,B,SUPPORT,MERGE_CONTEXT_ELIGIBLE,MEDIUM,1,FRONT_CONSTRAINED,LOW,LOW,HIGH,accept,,False
validation_tfexample.tfrecord-00004-of-00150#110__t30__245_236,validation_tfexample.tfrecord-00004-of-00150#110__t30__245_236,5c0795b7c900ac9a,validation_tfexample.tfrecord-00004-of-00150#110,WOMD,validation,validation_tfexample.tfrecord-00004-of-00150,110,validation,B,SUPPORT,MERGE_CONTEXT_ELIGIBLE,MEDIUM,1,FRONT_CONSTRAINED,LOW,LOW,MEDIUM,accept,,False
validation_tfexample.tfrecord-00004-of-00150#113__t16__191_196,validation_tfexample.tfrecord-00004-of-00150#113__t16__191_196,cb3fc8da95a57b20,validation_tfexample.tfrecord-00004-of-00150#113,WOMD,validation,validation_tfexample.tfrecord-00004-of-00150,113,validation,B,SUPPORT,MERGE_CONTEXT_ELIGIBLE,MEDIUM,1,FRONT_CONSTRAINED,LOW,LOW,HIGH,accept,,False
validation_tfexample.tfrecord-00004-of-00150#116__t21__255_258,validation_tfexample.tfrecord-00004-of-00150#116__t21__255_258,a25a4167b52fed63,validation_tfexample.tfrecord-00004-of-00150#116,WOMD,validation,validation_tfexample.tfrecord-00004-of-00150,116,validation,B,SUPPORT,MERGE_CONTEXT_ELIGIBLE,LOW,1,WEAK_INTERACTION,LOW,LOW,MEDIUM,accept,,False
validation_tfexample.tfrecord-00004-of-00150#118__t10__297_257,validation_tfexample.tfrecord-00004-of-00150#118__t10__297_257,b3a2ef2e10c02b0c,validation_tfexample.tfrecord-00004-of-00150#118,WOMD,validation,validation_tfexample.tfrecord-00004-of-00150,118,validation,A,CORE,MERGE_CONTEXT_ELIGIBLE,HIGH,2,SAFETY_CRITICAL_UNCERTAIN,LOW,HIGH,HIGH,accept,,False
validation_tfexample.tfrecord-00004-of-00150#119__t65__106_115,validation_tfexample.tfrecord-00004-of-00150#119__t65__106_115,45e635e74259d95d,validation_tfexample.tfrecord-00004-of-00150#119,WOMD,validation,validation_tfexample.tfrecord-00004-of-00150,119,validation,B,SUPPORT,MERGE_CONTEXT_ELIGIBLE,MEDIUM,1,FRONT_CONSTRAINED,LOW,LOW,HIGH,accept,,False
validation_tfexample.tfrecord-00004-of-00150#122__t78__325_171,validation_tfexample.tfrecord-00004-of-00150#122__t78__325_171,f26c1a674cbfc278,validation_tfexample.tfrecord-00004-of-00150#122,WOMD,validation,validation_tfexample.tfrecord-00004-of-00150,122,validation,A,CORE,MERGE_CONTEXT_ELIGIBLE,HIGH,2,SAFETY_CRITICAL_UNCERTAIN,LOW,HIGH,HIGH,accept,,False
validation_tfexample.tfrecord-00004-of-00150#125__t22__208_217,validation_tfexample.tfrecord-00004-of-00150#125__t22__208_217,6c21e5f9b78b8efb,validation_tfexample.tfrecord-00004-of-00150#125,WOMD,validation,validation_tfexample.tfrecord-00004-of-00150,125,validation,A,CORE,MERGE_CONTEXT_ELIGIBLE,HIGH,2,SAFETY_CRITICAL_UNCERTAIN,LOW,HIGH,HIGH,accept,,False
validation_tfexample.tfrecord-00004-of-00150#128__t20__468_519,validation_tfexample.tfrecord-00004-of-00150#128__t20__468_519,9675411793ee6fb7,validation_tfexample.tfrecord-00004-of-00150#128,WOMD,validation,validation_tfexample.tfrecord-00004-of-00150,128,validation,A,CORE,MERGE_CONTEXT_ELIGIBLE,MEDIUM,2,FRONT_CONSTRAINED,MEDIUM,LOW,MEDIUM,accept,,False
validation_tfexample.tfrecord-00004-of-00150#128__t85__568_636,validation_tfexample.tfrecord-00004-of-00150#128__t85__568_636,9675411793ee6fb7,validation_tfexample.tfrecord-00004-of-00150#128,WOMD,validation,validation_tfexample.tfrecord-00004-of-00150,128,validation,B,SUPPORT,MERGE_CONTEXT_ELIGIBLE,MEDIUM,1,FRONT_CONSTRAINED,LOW,LOW,MEDIUM,accept,,False
validation_tfexample.tfrecord-00004-of-00150#135__t54__262_245,validation_tfexample.tfrecord-00004-of-00150#135__t54__262_245,e878f975da67755a,validation_tfexample.tfrecord-00004-of-00150#135,WOMD,validation,validation_tfexample.tfrecord-00004-of-00150,135,validation,B,SUPPORT,MERGE_CONTEXT_ELIGIBLE,MEDIUM,1,SAFETY_CRITICAL_UNCERTAIN,LOW,LOW,HIGH,accept,,False
validation_tfexample.tfrecord-00004-of-00150#138__t30__113_195,validation_tfexample.tfrecord-00004-of-00150#138__t30__113_195,622376bd3e44d39c,validation_tfexample.tfrecord-00004-of-00150#138,WOMD,validation,validation_tfexample.tfrecord-00004-of-00150,138,validation,A,CORE,MERGE_CONTEXT_ELIGIBLE,MEDIUM,2,WEAK_INTERACTION,MEDIUM,LOW,MEDIUM,accept,,False
validation_tfexample.tfrecord-00004-of-00150#139__t70__61_58,validation_tfexample.tfrecord-00004-of-00150#139__t70__61_58,e1a927935e89cd2e,validation_tfexample.tfrecord-00004-of-00150#139,WOMD,validation,validation_tfexample.tfrecord-00004-of-00150,139,validation,A,CORE,MERGE_CONTEXT_ELIGIBLE,HIGH,2,BOTH_SIDES_CONSTRAINED,LOW,HIGH,HIGH,accept,,False
validation_tfexample.tfrecord-00004-of-00150#145__t55__111_116,validation_tfexample.tfrecord-00004-of-00150#145__t55__111_116,ca8cfe0d4ee65161,validation_tfexample.tfrecord-00004-of-00150#145,WOMD,validation,validation_tfexample.tfrecord-00004-of-00150,145,validation,B,SUPPORT,MERGE_CONTEXT_ELIGIBLE,MEDIUM,1,SAFETY_CRITICAL_UNCERTAIN,LOW,LOW,HIGH,accept,,False
validation_tfexample.tfrecord-00004-of-00150#148__t88__87_81,validation_tfexample.tfrecord-00004-of-00150#148__t88__87_81,8912559b0ccf166d,validation_tfexample.tfrecord-00004-of-00150#148,WOMD,validation,validation_tfexample.tfrecord-00004-of-00150,148,validation,A,CORE,MERGE_CONTEXT_ELIGIBLE,MEDIUM,2,FRONT_CONSTRAINED,HIGH,LOW,MEDIUM,reject,target_not_stable,False
validation_tfexample.tfrecord-00004-of-00150#152__t88__238_159,validation_tfexample.tfrecord-00004-of-00150#152__t88__238_159,f157d87fad07ca9,validation_tfexample.tfrecord-00004-of-00150#152,WOMD,validation,validation_tfexample.tfrecord-00004-of-00150,152,validation,A,CORE,MERGE_CONTEXT_ELIGIBLE,MEDIUM,2,FRONT_CONSTRAINED,MEDIUM,LOW,MEDIUM,reject,target_not_stable,False
validation_tfexample.tfrecord-00004-of-00150#155__t40__200_198,validation_tfexample.tfrecord-00004-of-00150#155__t40__200_198,be030856690ad65e,validation_tfexample.tfrecord-00004-of-00150#155,WOMD,validation,validation_tfexample.tfrecord-00004-of-00150,155,validation,B,SUPPORT,MERGE_CONTEXT_ELIGIBLE,MEDIUM,1,SAFETY_CRITICAL_UNCERTAIN,LOW,LOW,HIGH,accept,,False
validation_tfexample.tfrecord-00004-of-00150#156__t79__506_513,validation_tfexample.tfrecord-00004-of-00150#156__t79__506_513,f5a7dccb0724e0b8,validation_tfexample.tfrecord-00004-of-00150#156,WOMD,validation,validation_tfexample.tfrecord-00004-of-00150,156,validation,B,SUPPORT,MERGE_CONTEXT_ELIGIBLE,MEDIUM,1,BOTH_SIDES_CONSTRAINED,LOW,LOW,HIGH,accept,,False
validation_tfexample.tfrecord-00004-of-00150#159__t64__345_340,validation_tfexample.tfrecord-00004-of-00150#159__t64__345_340,8e6be5cd9641d2d,validation_tfexample.tfrecord-00004-of-00150#159,WOMD,validation,validation_tfexample.tfrecord-00004-of-00150,159,validation,B,SUPPORT,MERGE_CONTEXT_ELIGIBLE,MEDIUM,1,SAFETY_CRITICAL_UNCERTAIN,LOW,LOW,HIGH,accept,,False
validation_tfexample.tfrecord-00004-of-00150#165__t21__561_567,validation_tfexample.tfrecord-00004-of-00150#165__t21__561_567,7ae90b77d0678dad,validation_tfexample.tfrecord-00004-of-00150#165,WOMD,validation,validation_tfexample.tfrecord-00004-of-00150,165,validation,A,CORE,MERGE_CONTEXT_ELIGIBLE,HIGH,2,SAFETY_CRITICAL_UNCERTAIN,LOW,HIGH,HIGH,accept,,False
validation_tfexample.tfrecord-00004-of-00150#189__t90__344_496,validation_tfexample.tfrecord-00004-of-00150#189__t90__344_496,6305e1ce716cc07,validation_tfexample.tfrecord-00004-of-00150#189,WOMD,validation,validation_tfexample.tfrecord-00004-of-00150,189,validation,B,SUPPORT,MERGE_CONTEXT_ELIGIBLE,MEDIUM,1,FRONT_CONSTRAINED,LOW,LOW,HIGH,reject,target_not_stable,False
validation_tfexample.tfrecord-00004-of-00150#201__t50__157_350,validation_tfexample.tfrecord-00004-of-00150#201__t50__157_350,1122f23e8c49261c,validation_tfexample.tfrecord-00004-of-00150#201,WOMD,validation,validation_tfexample.tfrecord-00004-of-00150,201,validation,A,CORE,MERGE_CONTEXT_ELIGIBLE,HIGH,2,SAFETY_CRITICAL_UNCERTAIN,LOW,HIGH,HIGH,accept,,False
validation_tfexample.tfrecord-00004-of-00150#206__t7__294_269,validation_tfexample.tfrecord-00004-of-00150#206__t7__294_269,b38c5f5e9202f172,validation_tfexample.tfrecord-00004-of-00150#206,WOMD,validation,validation_tfexample.tfrecord-00004-of-00150,206,validation,B,SUPPORT,MERGE_CONTEXT_ELIGIBLE,MEDIUM,1,SAFETY_CRITICAL_UNCERTAIN,LOW,LOW,HIGH,accept,,False
validation_tfexample.tfrecord-00004-of-00150#215__t49__974_951,validation_tfexample.tfrecord-00004-of-00150#215__t49__974_951,eefca2431d355175,validation_tfexample.tfrecord-00004-of-00150#215,WOMD,validation,validation_tfexample.tfrecord-00004-of-00150,215,validation,B,SUPPORT,MERGE_CONTEXT_ELIGIBLE,MEDIUM,1,SAFETY_CRITICAL_UNCERTAIN,LOW,LOW,HIGH,accept,,False
validation_tfexample.tfrecord-00004-of-00150#218__t42__373_382,validation_tfexample.tfrecord-00004-of-00150#218__t42__373_382,2c69717d7a7a6ab6,validation_tfexample.tfrecord-00004-of-00150#218,WOMD,validation,validation_tfexample.tfrecord-00004-of-00150,218,validation,A,CORE,MERGE_CONTEXT_ELIGIBLE,HIGH,2,SAFETY_CRITICAL_UNCERTAIN,LOW,HIGH,HIGH,accept,,False
validation_tfexample.tfrecord-00004-of-00150#222__t41__884_873,validation_tfexample.tfrecord-00004-of-00150#222__t41__884_873,9d724376ecc4aae6,validation_tfexample.tfrecord-00004-of-00150#222,WOMD,validation,validation_tfexample.tfrecord-00004-of-00150,222,validation,B,SUPPORT,MERGE_CONTEXT_ELIGIBLE,MEDIUM,1,SAFETY_CRITICAL_UNCERTAIN,LOW,LOW,HIGH,accept,,False
validation_tfexample.tfrecord-00004-of-00150#222__t78__865_826,validation_tfexample.tfrecord-00004-of-00150#222__t78__865_826,9d724376ecc4aae6,validation_tfexample.tfrecord-00004-of-00150#222,WOMD,validation,validation_tfexample.tfrecord-00004-of-00150,222,validation,B,SUPPORT,MERGE_CONTEXT_ELIGIBLE,MEDIUM,1,FRONT_CONSTRAINED,LOW,LOW,HIGH,accept,,False
validation_tfexample.tfrecord-00004-of-00150#224__t20__900_911,validation_tfexample.tfrecord-00004-of-00150#224__t20__900_911,c7073d6f31a2fa96,validation_tfexample.tfrecord-00004-of-00150#224,WOMD,validation,validation_tfexample.tfrecord-00004-of-00150,224,validation,B,SUPPORT,MERGE_CONTEXT_ELIGIBLE,MEDIUM,1,FRONT_CONSTRAINED,LOW,LOW,MEDIUM,accept,,False
validation_tfexample.tfrecord-00004-of-00150#224__t56__940_945,validation_tfexample.tfrecord-00004-of-00150#224__t56__940_945,c7073d6f31a2fa96,validation_tfexample.tfrecord-00004-of-00150#224,WOMD,validation,validation_tfexample.tfrecord-00004-of-00150,224,validation,B,SUPPORT,MERGE_CONTEXT_ELIGIBLE,MEDIUM,1,REAR_PRESSURE,LOW,LOW,HIGH,reject,gap_order_not_persistent,False
validation_tfexample.tfrecord-00004-of-00150#226__t74__140_146,validation_tfexample.tfrecord-00004-of-00150#226__t74__140_146,51da45a2a8f446f2,validation_tfexample.tfrecord-00004-of-00150#226,WOMD,validation,validation_tfexample.tfrecord-00004-of-00150,226,validation,B,SUPPORT,MERGE_CONTEXT_ELIGIBLE,MEDIUM,1,FRONT_CONSTRAINED,LOW,LOW,MEDIUM,accept,,False
validation_tfexample.tfrecord-00004-of-00150#228__t54__326_314,validation_tfexample.tfrecord-00004-of-00150#228__t54__326_314,85e4211794823129,validation_tfexample.tfrecord-00004-of-00150#228,WOMD,validation,validation_tfexample.tfrecord-00004-of-00150,228,validation,B,SUPPORT,MERGE_CONTEXT_ELIGIBLE,MEDIUM,1,FRONT_CONSTRAINED,LOW,LOW,MEDIUM,accept,,False
validation_tfexample.tfrecord-00004-of-00150#233__t79__284_486,validation_tfexample.tfrecord-00004-of-00150#233__t79__284_486,25e6247b0e20df70,validation_tfexample.tfrecord-00004-of-00150#233,WOMD,validation,validation_tfexample.tfrecord-00004-of-00150,233,validation,A,CORE,MERGE_CONTEXT_ELIGIBLE,MEDIUM,2,FRONT_CONSTRAINED,MEDIUM,LOW,MEDIUM,accept,,False
validation_tfexample.tfrecord-00004-of-00150#243__t9__256_211,validation_tfexample.tfrecord-00004-of-00150#243__t9__256_211,11349585d4459518,validation_tfexample.tfrecord-00004-of-00150#243,WOMD,validation,validation_tfexample.tfrecord-00004-of-00150,243,validation,B,SUPPORT,MERGE_CONTEXT_ELIGIBLE,MEDIUM,1,SAFETY_CRITICAL_UNCERTAIN,LOW,LOW,HIGH,accept,,False
validation_tfexample.tfrecord-00004-of-00150#249__t36__183_323,validation_tfexample.tfrecord-00004-of-00150#249__t36__183_323,af4b444e4fbb5a5f,validation_tfexample.tfrecord-00004-of-00150#249,WOMD,validation,validation_tfexample.tfrecord-00004-of-00150,249,validation,A,CORE,MERGE_CONTEXT_ELIGIBLE,HIGH,2,SAFETY_CRITICAL_UNCERTAIN,LOW,HIGH,HIGH,accept,,False
validation_tfexample.tfrecord-00004-of-00150#251__t45__238_230,validation_tfexample.tfrecord-00004-of-00150#251__t45__238_230,d39c4dbc6e990e3d,validation_tfexample.tfrecord-00004-of-00150#251,WOMD,validation,validation_tfexample.tfrecord-00004-of-00150,251,validation,B,SUPPORT,MERGE_CONTEXT_ELIGIBLE,MEDIUM,1,SAFETY_CRITICAL_UNCERTAIN,LOW,LOW,HIGH,accept,,False
validation_tfexample.tfrecord-00004-of-00150#255__t68__187_168,validation_tfexample.tfrecord-00004-of-00150#255__t68__187_168,d77f3b419ae3bc1d,validation_tfexample.tfrecord-00004-of-00150#255,WOMD,validation,validation_tfexample.tfrecord-00004-of-00150,255,validation,B,SUPPORT,MERGE_CONTEXT_ELIGIBLE,MEDIUM,1,REAR_PRESSURE,LOW,LOW,HIGH,accept,,False
validation_tfexample.tfrecord-00004-of-00150#259__t60__524_565,validation_tfexample.tfrecord-00004-of-00150#259__t60__524_565,6e52bf48b2a17417,validation_tfexample.tfrecord-00004-of-00150#259,WOMD,validation,validation_tfexample.tfrecord-00004-of-00150,259,validation,B,SUPPORT,MERGE_CONTEXT_ELIGIBLE,MEDIUM,1,SAFETY_CRITICAL_UNCERTAIN,LOW,LOW,HIGH,accept,,False
validation_tfexample.tfrecord-00004-of-00150#268__t57__484_481,validation_tfexample.tfrecord-00004-of-00150#268__t57__484_481,1de89c8ae330e339,validation_tfexample.tfrecord-00004-of-00150#268,WOMD,validation,validation_tfexample.tfrecord-00004-of-00150,268,validation,A,CORE,MERGE_CONTEXT_ELIGIBLE,HIGH,2,SAFETY_CRITICAL_UNCERTAIN,LOW,HIGH,HIGH,accept,,False
validation_tfexample.tfrecord-00005-of-00150#0__t17__113_195,validation_tfexample.tfrecord-00005-of-00150#0__t17__113_195,af2890d0d48558dc,validation_tfexample.tfrecord-00005-of-00150#0,WOMD,validation,validation_tfexample.tfrecord-00005-of-00150,0,validation,B,SUPPORT,MERGE_CONTEXT_ELIGIBLE,MEDIUM,1,FRONT_CONSTRAINED,LOW,LOW,MEDIUM,accept,,False
validation_tfexample.tfrecord-00005-of-00150#3__t90__405_408,validation_tfexample.tfrecord-00005-of-00150#3__t90__405_408,87d228904735c181,validation_tfexample.tfrecord-00005-of-00150#3,WOMD,validation,validation_tfexample.tfrecord-00005-of-00150,3,validation,B,SUPPORT,MERGE_CONTEXT_ELIGIBLE,LOW,1,APPROACH_KEEP_CONTEXT,MEDIUM,LOW,LOW,reject,target_not_stable,False
validation_tfexample.tfrecord-00005-of-00150#9__t88__109_110,validation_tfexample.tfrecord-00005-of-00150#9__t88__109_110,19f5f31a181d6d32,validation_tfexample.tfrecord-00005-of-00150#9,WOMD,validation,validation_tfexample.tfrecord-00005-of-00150,9,validation,B,SUPPORT,MERGE_CONTEXT_ELIGIBLE,MEDIUM,1,SAFETY_CRITICAL_UNCERTAIN,LOW,LOW,HIGH,reject,target_not_stable,False
validation_tfexample.tfrecord-00005-of-00150#13__t17__97_94,validation_tfexample.tfrecord-00005-of-00150#13__t17__97_94,f14c515cd017025d,validation_tfexample.tfrecord-00005-of-00150#13,WOMD,validation,validation_tfexample.tfrecord-00005-of-00150,13,validation,B,SUPPORT,MERGE_CONTEXT_ELIGIBLE,MEDIUM,1,FRONT_CONSTRAINED,LOW,LOW,HIGH,accept,,False
validation_tfexample.tfrecord-00005-of-00150#14__t36__267_650,validation_tfexample.tfrecord-00005-of-00150#14__t36__267_650,309f802c01271c0b,validation_tfexample.tfrecord-00005-of-00150#14,WOMD,validation,validation_tfexample.tfrecord-00005-of-00150,14,validation,A,CORE,MERGE_CONTEXT_ELIGIBLE,HIGH,2,SAFETY_CRITICAL_UNCERTAIN,LOW,HIGH,HIGH,accept,,False
validation_tfexample.tfrecord-00005-of-00150#15__t55__104_110,validation_tfexample.tfrecord-00005-of-00150#15__t55__104_110,9d64af8304329736,validation_tfexample.tfrecord-00005-of-00150#15,WOMD,validation,validation_tfexample.tfrecord-00005-of-00150,15,validation,B,SUPPORT,MERGE_CONTEXT_ELIGIBLE,MEDIUM,1,FRONT_CONSTRAINED,LOW,LOW,HIGH,accept,,False
validation_tfexample.tfrecord-00005-of-00150#17__t40__444_494,validation_tfexample.tfrecord-00005-of-00150#17__t40__444_494,b7d48b61132d42c7,validation_tfexample.tfrecord-00005-of-00150#17,WOMD,validation,validation_tfexample.tfrecord-00005-of-00150,17,validation,B,SUPPORT,MERGE_CONTEXT_ELIGIBLE,MEDIUM,1,SAFETY_CRITICAL_UNCERTAIN,LOW,LOW,HIGH,accept,,False
validation_tfexample.tfrecord-00005-of-00150#18__t77__199_237,validation_tfexample.tfrecord-00005-of-00150#18__t77__199_237,3cee268f930a8b09,validation_tfexample.tfrecord-00005-of-00150#18,WOMD,validation,validation_tfexample.tfrecord-00005-of-00150,18,validation,A,CORE,MERGE_CONTEXT_ELIGIBLE,HIGH,3,APPROACH_KEEP_CONTEXT,MEDIUM,MEDIUM,MEDIUM,accept,,False
validation_tfexample.tfrecord-00005-of-00150#22__t53__300_284,validation_tfexample.tfrecord-00005-of-00150#22__t53__300_284,de2c9abbdbafa29c,validation_tfexample.tfrecord-00005-of-00150#22,WOMD,validation,validation_tfexample.tfrecord-00005-of-00150,22,validation,A,CORE,MERGE_CONTEXT_ELIGIBLE,MEDIUM,2,FRONT_CONSTRAINED,MEDIUM,LOW,MEDIUM,accept,,False
validation_tfexample.tfrecord-00005-of-00150#24__t62__316_301,validation_tfexample.tfrecord-00005-of-00150#24__t62__316_301,e8d4282eed2534bb,validation_tfexample.tfrecord-00005-of-00150#24,WOMD,validation,validation_tfexample.tfrecord-00005-of-00150,24,validation,B,SUPPORT,MERGE_CONTEXT_ELIGIBLE,MEDIUM,1,FRONT_CONSTRAINED,LOW,LOW,MEDIUM,accept,,False
validation_tfexample.tfrecord-00005-of-00150#25__t64__109_150,validation_tfexample.tfrecord-00005-of-00150#25__t64__109_150,7bf3a5754c52f42e,validation_tfexample.tfrecord-00005-of-00150#25,WOMD,validation,validation_tfexample.tfrecord-00005-of-00150,25,validation,B,SUPPORT,MERGE_CONTEXT_ELIGIBLE,MEDIUM,1,SAFETY_CRITICAL_UNCERTAIN,LOW,LOW,HIGH,accept,,False
validation_tfexample.tfrecord-00005-of-00150#25__t76__141_139,validation_tfexample.tfrecord-00005-of-00150#25__t76__141_139,7bf3a5754c52f42e,validation_tfexample.tfrecord-00005-of-00150#25,WOMD,validation,validation_tfexample.tfrecord-00005-of-00150,25,validation,B,SUPPORT,MERGE_CONTEXT_ELIGIBLE,MEDIUM,1,SAFETY_CRITICAL_UNCERTAIN,LOW,LOW,HIGH,accept,,False
validation_tfexample.tfrecord-00005-of-00150#27__t5__978_970,validation_tfexample.tfrecord-00005-of-00150#27__t5__978_970,f11af26a135a5e84,validation_tfexample.tfrecord-00005-of-00150#27,WOMD,validation,validation_tfexample.tfrecord-00005-of-00150,27,validation,B,SUPPORT,MERGE_CONTEXT_ELIGIBLE,LOW,1,WEAK_INTERACTION,LOW,LOW,MEDIUM,accept,,False
validation_tfexample.tfrecord-00005-of-00150#30__t61__213_451,validation_tfexample.tfrecord-00005-of-00150#30__t61__213_451,f5efaf330cf47f16,validation_tfexample.tfrecord-00005-of-00150#30,WOMD,validation,validation_tfexample.tfrecord-00005-of-00150,30,validation,A,CORE,MERGE_CONTEXT_ELIGIBLE,HIGH,2,SAFETY_CRITICAL_UNCERTAIN,LOW,HIGH,HIGH,accept,,False
validation_tfexample.tfrecord-00005-of-00150#31__t9__323_338,validation_tfexample.tfrecord-00005-of-00150#31__t9__323_338,9f8db40dd81c7055,validation_tfexample.tfrecord-00005-of-00150#31,WOMD,validation,validation_tfexample.tfrecord-00005-of-00150,31,validation,B,SUPPORT,MERGE_CONTEXT_ELIGIBLE,MEDIUM,1,FRONT_CONSTRAINED,LOW,LOW,MEDIUM,accept,,False
validation_tfexample.tfrecord-00005-of-00150#31__t71__249_245,validation_tfexample.tfrecord-00005-of-00150#31__t71__249_245,9f8db40dd81c7055,validation_tfexample.tfrecord-00005-of-00150#31,WOMD,validation,validation_tfexample.tfrecord-00005-of-00150,31,validation,A,CORE,MERGE_CONTEXT_ELIGIBLE,MEDIUM,2,FRONT_CONSTRAINED,MEDIUM,LOW,MEDIUM,accept,,False
validation_tfexample.tfrecord-00005-of-00150#33__t22__467_470,validation_tfexample.tfrecord-00005-of-00150#33__t22__467_470,6eed1d156241d5e9,validation_tfexample.tfrecord-00005-of-00150#33,WOMD,validation,validation_tfexample.tfrecord-00005-of-00150,33,validation,B,SUPPORT,MERGE_CONTEXT_ELIGIBLE,MEDIUM,1,SAFETY_CRITICAL_UNCERTAIN,LOW,LOW,HIGH,accept,,False
validation_tfexample.tfrecord-00005-of-00150#33__t70__470_355,validation_tfexample.tfrecord-00005-of-00150#33__t70__470_355,6eed1d156241d5e9,validation_tfexample.tfrecord-00005-of-00150#33,WOMD,validation,validation_tfexample.tfrecord-00005-of-00150,33,validation,A,CORE,MERGE_CONTEXT_ELIGIBLE,HIGH,2,SAFETY_CRITICAL_UNCERTAIN,LOW,HIGH,HIGH,accept,,False
validation_tfexample.tfrecord-00005-of-00150#37__t25__510_475,validation_tfexample.tfrecord-00005-of-00150#37__t25__510_475,2dca77c64370af1c,validation_tfexample.tfrecord-00005-of-00150#37,WOMD,validation,validation_tfexample.tfrecord-00005-of-00150,37,validation,B,SUPPORT,MERGE_CONTEXT_ELIGIBLE,MEDIUM,1,FRONT_CONSTRAINED,LOW,LOW,HIGH,accept,,False
validation_tfexample.tfrecord-00005-of-00150#38__t26__294_316,validation_tfexample.tfrecord-00005-of-00150#38__t26__294_316,63f4261d746e1da0,validation_tfexample.tfrecord-00005-of-00150#38,WOMD,validation,validation_tfexample.tfrecord-00005-of-00150,38,validation,B,SUPPORT,MERGE_CONTEXT_ELIGIBLE,MEDIUM,1,FRONT_CONSTRAINED,LOW,LOW,HIGH,accept,,False
validation_tfexample.tfrecord-00005-of-00150#45__t64__596_486,validation_tfexample.tfrecord-00005-of-00150#45__t64__596_486,f8571a46a543a852,validation_tfexample.tfrecord-00005-of-00150#45,WOMD,validation,validation_tfexample.tfrecord-00005-of-00150,45,validation,A,CORE,MERGE_CONTEXT_ELIGIBLE,HIGH,2,BOTH_SIDES_CONSTRAINED,LOW,HIGH,HIGH,accept,,False
validation_tfexample.tfrecord-00005-of-00150#63__t87__335_303,validation_tfexample.tfrecord-00005-of-00150#63__t87__335_303,2550aa774941dae2,validation_tfexample.tfrecord-00005-of-00150#63,WOMD,validation,validation_tfexample.tfrecord-00005-of-00150,63,validation,A,CORE,MERGE_CONTEXT_ELIGIBLE,HIGH,2,BOTH_SIDES_CONSTRAINED,LOW,HIGH,HIGH,reject,target_not_stable,False
validation_tfexample.tfrecord-00005-of-00150#64__t54__203_291,validation_tfexample.tfrecord-00005-of-00150#64__t54__203_291,2013493ad4ae5185,validation_tfexample.tfrecord-00005-of-00150#64,WOMD,validation,validation_tfexample.tfrecord-00005-of-00150,64,validation,A,CORE,MERGE_CONTEXT_ELIGIBLE,HIGH,3,BOTH_SIDES_CONSTRAINED,HIGH,HIGH,MEDIUM,accept,,False
validation_tfexample.tfrecord-00005-of-00150#67__t68__364_360,validation_tfexample.tfrecord-00005-of-00150#67__t68__364_360,ed1eb2d48dee32a,validation_tfexample.tfrecord-00005-of-00150#67,WOMD,validation,validation_tfexample.tfrecord-00005-of-00150,67,validation,A,CORE,MERGE_CONTEXT_ELIGIBLE,HIGH,2,BOTH_SIDES_CONSTRAINED,LOW,HIGH,HIGH,accept,,False
validation_tfexample.tfrecord-00005-of-00150#77__t76__311_370,validation_tfexample.tfrecord-00005-of-00150#77__t76__311_370,e93b311bfc57c8f2,validation_tfexample.tfrecord-00005-of-00150#77,WOMD,validation,validation_tfexample.tfrecord-00005-of-00150,77,validation,A,CORE,MERGE_CONTEXT_ELIGIBLE,HIGH,3,BOTH_SIDES_CONSTRAINED,HIGH,HIGH,MEDIUM,accept,,False
validation_tfexample.tfrecord-00005-of-00150#84__t64__204_203,validation_tfexample.tfrecord-00005-of-00150#84__t64__204_203,8937b421f64980ea,validation_tfexample.tfrecord-00005-of-00150#84,WOMD,validation,validation_tfexample.tfrecord-00005-of-00150,84,validation,B,SUPPORT,MERGE_CONTEXT_ELIGIBLE,MEDIUM,1,FRONT_CONSTRAINED,LOW,LOW,HIGH,accept,,False
validation_tfexample.tfrecord-00005-of-00150#89__t90__522_526,validation_tfexample.tfrecord-00005-of-00150#89__t90__522_526,a2eac893d90265e,validation_tfexample.tfrecord-00005-of-00150#89,WOMD,validation,validation_tfexample.tfrecord-00005-of-00150,89,validation,A,CORE,MERGE_CONTEXT_ELIGIBLE,HIGH,2,BOTH_SIDES_CONSTRAINED,LOW,HIGH,HIGH,reject,target_not_stable,False
validation_tfexample.tfrecord-00005-of-00150#93__t77__205_190,validation_tfexample.tfrecord-00005-of-00150#93__t77__205_190,6e58b499d26275d1,validation_tfexample.tfrecord-00005-of-00150#93,WOMD,validation,validation_tfexample.tfrecord-00005-of-00150,93,validation,A,CORE,MERGE_CONTEXT_ELIGIBLE,HIGH,2,BOTH_SIDES_CONSTRAINED,LOW,MEDIUM,HIGH,accept,,False
validation_tfexample.tfrecord-00005-of-00150#99__t39__306_289,validation_tfexample.tfrecord-00005-of-00150#99__t39__306_289,a8c0454319b4be2f,validation_tfexample.tfrecord-00005-of-00150#99,WOMD,validation,validation_tfexample.tfrecord-00005-of-00150,99,validation,A,CORE,MERGE_CONTEXT_ELIGIBLE,HIGH,2,SAFETY_CRITICAL_UNCERTAIN,LOW,MEDIUM,HIGH,accept,,False
validation_tfexample.tfrecord-00005-of-00150#101__t24__257_212,validation_tfexample.tfrecord-00005-of-00150#101__t24__257_212,a48ce50334493a85,validation_tfexample.tfrecord-00005-of-00150#101,WOMD,validation,validation_tfexample.tfrecord-00005-of-00150,101,validation,B,SUPPORT,MERGE_CONTEXT_ELIGIBLE,MEDIUM,1,SAFETY_CRITICAL_UNCERTAIN,LOW,LOW,HIGH,accept,,False
validation_tfexample.tfrecord-00005-of-00150#106__t64__340_345,validation_tfexample.tfrecord-00005-of-00150#106__t64__340_345,4fbe743aa14c3cdd,validation_tfexample.tfrecord-00005-of-00150#106,WOMD,validation,validation_tfexample.tfrecord-00005-of-00150,106,validation,B,SUPPORT,MERGE_CONTEXT_ELIGIBLE,MEDIUM,1,FRONT_CONSTRAINED,LOW,LOW,MEDIUM,accept,,False
validation_tfexample.tfrecord-00005-of-00150#109__t86__443_445,validation_tfexample.tfrecord-00005-of-00150#109__t86__443_445,40f6ae0109b37027,validation_tfexample.tfrecord-00005-of-00150#109,WOMD,validation,validation_tfexample.tfrecord-00005-of-00150,109,validation,A,CORE,MERGE_CONTEXT_ELIGIBLE,HIGH,2,BOTH_SIDES_CONSTRAINED,LOW,HIGH,HIGH,accept,,False
validation_tfexample.tfrecord-00005-of-00150#110__t18__326_243,validation_tfexample.tfrecord-00005-of-00150#110__t18__326_243,e5d96f86a3525de4,validation_tfexample.tfrecord-00005-of-00150#110,WOMD,validation,validation_tfexample.tfrecord-00005-of-00150,110,validation,B,SUPPORT,MERGE_CONTEXT_ELIGIBLE,MEDIUM,1,SAFETY_CRITICAL_UNCERTAIN,LOW,LOW,HIGH,accept,,False
validation_tfexample.tfrecord-00005-of-00150#110__t32__266_265,validation_tfexample.tfrecord-00005-of-00150#110__t32__266_265,e5d96f86a3525de4,validation_tfexample.tfrecord-00005-of-00150#110,WOMD,validation,validation_tfexample.tfrecord-00005-of-00150,110,validation,B,SUPPORT,MERGE_CONTEXT_ELIGIBLE,MEDIUM,1,REAR_PRESSURE,LOW,LOW,HIGH,accept,,False
validation_tfexample.tfrecord-00005-of-00150#111__t55__114_115,validation_tfexample.tfrecord-00005-of-00150#111__t55__114_115,e15e3b86cb8bbd40,validation_tfexample.tfrecord-00005-of-00150#111,WOMD,validation,validation_tfexample.tfrecord-00005-of-00150,111,validation,B,SUPPORT,MERGE_CONTEXT_ELIGIBLE,MEDIUM,1,FRONT_CONSTRAINED,LOW,LOW,HIGH,accept,,False
validation_tfexample.tfrecord-00005-of-00150#117__t15__387_381,validation_tfexample.tfrecord-00005-of-00150#117__t15__387_381,3f81be09859d86dc,validation_tfexample.tfrecord-00005-of-00150#117,WOMD,validation,validation_tfexample.tfrecord-00005-of-00150,117,validation,B,SUPPORT,MERGE_CONTEXT_ELIGIBLE,MEDIUM,1,SAFETY_CRITICAL_UNCERTAIN,LOW,LOW,HIGH,accept,,False
validation_tfexample.tfrecord-00005-of-00150#118__t19__424_426,validation_tfexample.tfrecord-00005-of-00150#118__t19__424_426,43ff20a0a6bcbab7,validation_tfexample.tfrecord-00005-of-00150#118,WOMD,validation,validation_tfexample.tfrecord-00005-of-00150,118,validation,B,SUPPORT,MERGE_CONTEXT_ELIGIBLE,MEDIUM,1,FRONT_CONSTRAINED,LOW,LOW,HIGH,accept,,False
validation_tfexample.tfrecord-00005-of-00150#120__t56__654_643,validation_tfexample.tfrecord-00005-of-00150#120__t56__654_643,4810a0e927c50fcb,validation_tfexample.tfrecord-00005-of-00150#120,WOMD,validation,validation_tfexample.tfrecord-00005-of-00150,120,validation,B,SUPPORT,MERGE_CONTEXT_ELIGIBLE,MEDIUM,1,SAFETY_CRITICAL_UNCERTAIN,LOW,LOW,HIGH,accept,,False
validation_tfexample.tfrecord-00005-of-00150#131__t76__309_313,validation_tfexample.tfrecord-00005-of-00150#131__t76__309_313,4e18b827e00d9081,validation_tfexample.tfrecord-00005-of-00150#131,WOMD,validation,validation_tfexample.tfrecord-00005-of-00150,131,validation,A,CORE,MERGE_CONTEXT_ELIGIBLE,HIGH,2,SAFETY_CRITICAL_UNCERTAIN,LOW,HIGH,HIGH,accept,,True
validation_tfexample.tfrecord-00005-of-00150#132__t14__352_348,validation_tfexample.tfrecord-00005-of-00150#132__t14__352_348,f7a2d231e95b0230,validation_tfexample.tfrecord-00005-of-00150#132,WOMD,validation,validation_tfexample.tfrecord-00005-of-00150,132,validation,A,CORE,MERGE_CONTEXT_ELIGIBLE,HIGH,2,SAFETY_CRITICAL_UNCERTAIN,LOW,HIGH,HIGH,accept,,False
validation_tfexample.tfrecord-00005-of-00150#133__t66__163_164,validation_tfexample.tfrecord-00005-of-00150#133__t66__163_164,a23e021be569360f,validation_tfexample.tfrecord-00005-of-00150#133,WOMD,validation,validation_tfexample.tfrecord-00005-of-00150,133,validation,A,CORE,MERGE_CONTEXT_ELIGIBLE,HIGH,2,SAFETY_CRITICAL_UNCERTAIN,LOW,HIGH,HIGH,accept,,False
validation_tfexample.tfrecord-00005-of-00150#137__t79__226_303,validation_tfexample.tfrecord-00005-of-00150#137__t79__226_303,a40c64920e1aceba,validation_tfexample.tfrecord-00005-of-00150#137,WOMD,validation,validation_tfexample.tfrecord-00005-of-00150,137,validation,A,CORE,MERGE_CONTEXT_ELIGIBLE,MEDIUM,2,WEAK_INTERACTION,HIGH,LOW,MEDIUM,accept,,False
validation_tfexample.tfrecord-00005-of-00150#142__t88__157_175,validation_tfexample.tfrecord-00005-of-00150#142__t88__157_175,dff0d9982cd956db,validation_tfexample.tfrecord-00005-of-00150#142,WOMD,validation,validation_tfexample.tfrecord-00005-of-00150,142,validation,B,SUPPORT,MERGE_CONTEXT_ELIGIBLE,LOW,1,APPROACH_KEEP_CONTEXT,MEDIUM,LOW,LOW,reject,target_not_stable,False
validation_tfexample.tfrecord-00005-of-00150#147__t25__95_92,validation_tfexample.tfrecord-00005-of-00150#147__t25__95_92,d7df701df788d375,validation_tfexample.tfrecord-00005-of-00150#147,WOMD,validation,validation_tfexample.tfrecord-00005-of-00150,147,validation,A,CORE,MERGE_CONTEXT_ELIGIBLE,MEDIUM,2,SAFETY_CRITICAL_UNCERTAIN,MEDIUM,LOW,MEDIUM,accept,,False
validation_tfexample.tfrecord-00005-of-00150#157__t89__130_143,validation_tfexample.tfrecord-00005-of-00150#157__t89__130_143,1b34a2e5e6e03fca,validation_tfexample.tfrecord-00005-of-00150#157,WOMD,validation,validation_tfexample.tfrecord-00005-of-00150,157,validation,B,SUPPORT,MERGE_CONTEXT_ELIGIBLE,LOW,1,APPROACH_KEEP_CONTEXT,MEDIUM,LOW,LOW,reject,target_not_stable,False
validation_tfexample.tfrecord-00005-of-00150#160__t68__230_273,validation_tfexample.tfrecord-00005-of-00150#160__t68__230_273,555383c3d62cb568,validation_tfexample.tfrecord-00005-of-00150#160,WOMD,validation,validation_tfexample.tfrecord-00005-of-00150,160,validation,A,CORE,MERGE_CONTEXT_ELIGIBLE,MEDIUM,2,FRONT_CONSTRAINED,MEDIUM,LOW,MEDIUM,accept,,False
validation_tfexample.tfrecord-00005-of-00150#170__t76__407_398,validation_tfexample.tfrecord-00005-of-00150#170__t76__407_398,489f42204781b5da,validation_tfexample.tfrecord-00005-of-00150#170,WOMD,validation,validation_tfexample.tfrecord-00005-of-00150,170,validation,B,SUPPORT,MERGE_CONTEXT_ELIGIBLE,MEDIUM,1,SAFETY_CRITICAL_UNCERTAIN,LOW,LOW,HIGH,accept,,False
validation_tfexample.tfrecord-00005-of-00150#174__t16__158_148,validation_tfexample.tfrecord-00005-of-00150#174__t16__158_148,3fb8f5f3bdbd37d4,validation_tfexample.tfrecord-00005-of-00150#174,WOMD,validation,validation_tfexample.tfrecord-00005-of-00150,174,validation,B,SUPPORT,MERGE_CONTEXT_ELIGIBLE,MEDIUM,1,SAFETY_CRITICAL_UNCERTAIN,LOW,LOW,HIGH,accept,,False
validation_tfexample.tfrecord-00005-of-00150#177__t6__363_395,validation_tfexample.tfrecord-00005-of-00150#177__t6__363_395,94e0cb51a8969a8e,validation_tfexample.tfrecord-00005-of-00150#177,WOMD,validation,validation_tfexample.tfrecord-00005-of-00150,177,validation,B,SUPPORT,MERGE_CONTEXT_ELIGIBLE,MEDIUM,1,SAFETY_CRITICAL_UNCERTAIN,LOW,LOW,HIGH,accept,,False
validation_tfexample.tfrecord-00005-of-00150#179__t28__137_236,validation_tfexample.tfrecord-00005-of-00150#179__t28__137_236,3345e1f38e540e98,validation_tfexample.tfrecord-00005-of-00150#179,WOMD,validation,validation_tfexample.tfrecord-00005-of-00150,179,validation,A,CORE,MERGE_CONTEXT_ELIGIBLE,HIGH,2,BOTH_SIDES_CONSTRAINED,LOW,HIGH,HIGH,accept,,False
validation_tfexample.tfrecord-00005-of-00150#192__t80__327_339,validation_tfexample.tfrecord-00005-of-00150#192__t80__327_339,bab7ccd5e769407f,validation_tfexample.tfrecord-00005-of-00150#192,WOMD,validation,validation_tfexample.tfrecord-00005-of-00150,192,validation,A,CORE,MERGE_CONTEXT_ELIGIBLE,HIGH,3,BOTH_SIDES_CONSTRAINED,MEDIUM,HIGH,MEDIUM,accept,,False
validation_tfexample.tfrecord-00005-of-00150#200__t33__798_803,validation_tfexample.tfrecord-00005-of-00150#200__t33__798_803,43c0dee210a1c6af,validation_tfexample.tfrecord-00005-of-00150#200,WOMD,validation,validation_tfexample.tfrecord-00005-of-00150,200,validation,B,SUPPORT,MERGE_CONTEXT_ELIGIBLE,MEDIUM,1,FRONT_CONSTRAINED,LOW,LOW,HIGH,accept,,False
validation_tfexample.tfrecord-00005-of-00150#201__t90__112_129,validation_tfexample.tfrecord-00005-of-00150#201__t90__112_129,c19de5559e48d564,validation_tfexample.tfrecord-00005-of-00150#201,WOMD,validation,validation_tfexample.tfrecord-00005-of-00150,201,validation,B,SUPPORT,MERGE_CONTEXT_ELIGIBLE,LOW,1,APPROACH_KEEP_CONTEXT,MEDIUM,LOW,LOW,reject,target_not_stable,False
validation_tfexample.tfrecord-00005-of-00150#203__t77__271_308,validation_tfexample.tfrecord-00005-of-00150#203__t77__271_308,fd70924652de4499,validation_tfexample.tfrecord-00005-of-00150#203,WOMD,validation,validation_tfexample.tfrecord-00005-of-00150,203,validation,B,SUPPORT,MERGE_CONTEXT_ELIGIBLE,MEDIUM,1,SAFETY_CRITICAL_UNCERTAIN,LOW,LOW,HIGH,accept,,False
validation_tfexample.tfrecord-00005-of-00150#206__t36__152_170,validation_tfexample.tfrecord-00005-of-00150#206__t36__152_170,3a89208b8cc29616,validation_tfexample.tfrecord-00005-of-00150#206,WOMD,validation,validation_tfexample.tfrecord-00005-of-00150,206,validation,A,CORE,MERGE_CONTEXT_ELIGIBLE,HIGH,2,SAFETY_CRITICAL_UNCERTAIN,LOW,HIGH,HIGH,accept,,False
validation_tfexample.tfrecord-00005-of-00150#209__t54__244_241,validation_tfexample.tfrecord-00005-of-00150#209__t54__244_241,d5e7f45ffa4463b8,validation_tfexample.tfrecord-00005-of-00150#209,WOMD,validation,validation_tfexample.tfrecord-00005-of-00150,209,validation,A,CORE,MERGE_CONTEXT_ELIGIBLE,MEDIUM,2,FRONT_CONSTRAINED,HIGH,LOW,MEDIUM,accept,,False
validation_tfexample.tfrecord-00005-of-00150#210__t88__266_279,validation_tfexample.tfrecord-00005-of-00150#210__t88__266_279,b74e4779311cc947,validation_tfexample.tfrecord-00005-of-00150#210,WOMD,validation,validation_tfexample.tfrecord-00005-of-00150,210,validation,B,SUPPORT,MERGE_CONTEXT_ELIGIBLE,LOW,1,APPROACH_KEEP_CONTEXT,MEDIUM,LOW,LOW,reject,target_not_stable,False
validation_tfexample.tfrecord-00005-of-00150#212__t39__392_397,validation_tfexample.tfrecord-00005-of-00150#212__t39__392_397,40b939d3d9b2457,validation_tfexample.tfrecord-00005-of-00150#212,WOMD,validation,validation_tfexample.tfrecord-00005-of-00150,212,validation,B,SUPPORT,MERGE_CONTEXT_ELIGIBLE,MEDIUM,1,SAFETY_CRITICAL_UNCERTAIN,LOW,LOW,HIGH,accept,,False
validation_tfexample.tfrecord-00005-of-00150#213__t77__264_131,validation_tfexample.tfrecord-00005-of-00150#213__t77__264_131,9d1735e8f642e791,validation_tfexample.tfrecord-00005-of-00150#213,WOMD,validation,validation_tfexample.tfrecord-00005-of-00150,213,validation,A,CORE,MERGE_CONTEXT_ELIGIBLE,HIGH,2,BOTH_SIDES_CONSTRAINED,LOW,HIGH,HIGH,accept,,False
validation_tfexample.tfrecord-00005-of-00150#228__t56__170_91,validation_tfexample.tfrecord-00005-of-00150#228__t56__170_91,1fe60864981ef0d,validation_tfexample.tfrecord-00005-of-00150#228,WOMD,validation,validation_tfexample.tfrecord-00005-of-00150,228,validation,A,CORE,MERGE_CONTEXT_ELIGIBLE,HIGH,3,BOTH_SIDES_CONSTRAINED,HIGH,MEDIUM,MEDIUM,accept,,False
validation_tfexample.tfrecord-00005-of-00150#234__t88__115_107,validation_tfexample.tfrecord-00005-of-00150#234__t88__115_107,a1aa69b4d824bc7b,validation_tfexample.tfrecord-00005-of-00150#234,WOMD,validation,validation_tfexample.tfrecord-00005-of-00150,234,validation,B,SUPPORT,MERGE_CONTEXT_ELIGIBLE,LOW,1,APPROACH_KEEP_CONTEXT,MEDIUM,LOW,LOW,reject,target_not_stable,False
validation_tfexample.tfrecord-00005-of-00150#251__t72__292_213,validation_tfexample.tfrecord-00005-of-00150#251__t72__292_213,69f0cbb91378fbfe,validation_tfexample.tfrecord-00005-of-00150#251,WOMD,validation,validation_tfexample.tfrecord-00005-of-00150,251,validation,A,CORE,MERGE_CONTEXT_ELIGIBLE,MEDIUM,2,FRONT_CONSTRAINED,MEDIUM,LOW,MEDIUM,accept,,False
validation_tfexample.tfrecord-00005-of-00150#258__t26__47_49,validation_tfexample.tfrecord-00005-of-00150#258__t26__47_49,caf29afeecc58181,validation_tfexample.tfrecord-00005-of-00150#258,WOMD,validation,validation_tfexample.tfrecord-00005-of-00150,258,validation,B,SUPPORT,MERGE_CONTEXT_ELIGIBLE,MEDIUM,1,FRONT_CONSTRAINED,LOW,LOW,HIGH,accept,,False
validation_tfexample.tfrecord-00005-of-00150#261__t64__115_133,validation_tfexample.tfrecord-00005-of-00150#261__t64__115_133,4d44c1f88f21a234,validation_tfexample.tfrecord-00005-of-00150#261,WOMD,validation,validation_tfexample.tfrecord-00005-of-00150,261,validation,A,CORE,MERGE_CONTEXT_ELIGIBLE,HIGH,3,BOTH_SIDES_CONSTRAINED,MEDIUM,HIGH,MEDIUM,accept,,False
validation_tfexample.tfrecord-00005-of-00150#268__t19__511_504,validation_tfexample.tfrecord-00005-of-00150#268__t19__511_504,ed3dd4695e16d0b,validation_tfexample.tfrecord-00005-of-00150#268,WOMD,validation,validation_tfexample.tfrecord-00005-of-00150,268,validation,B,SUPPORT,MERGE_CONTEXT_ELIGIBLE,LOW,1,WEAK_INTERACTION,LOW,LOW,MEDIUM,accept,,False
validation_tfexample.tfrecord-00005-of-00150#274__t80__99_116,validation_tfexample.tfrecord-00005-of-00150#274__t80__99_116,89db1ba0c83896c3,validation_tfexample.tfrecord-00005-of-00150#274,WOMD,validation,validation_tfexample.tfrecord-00005-of-00150,274,validation,A,CORE,MERGE_CONTEXT_ELIGIBLE,HIGH,2,SAFETY_CRITICAL_UNCERTAIN,LOW,HIGH,HIGH,accept,,False
validation_tfexample.tfrecord-00005-of-00150#276__t54__260_262,validation_tfexample.tfrecord-00005-of-00150#276__t54__260_262,b1915505a2e4d3d8,validation_tfexample.tfrecord-00005-of-00150#276,WOMD,validation,validation_tfexample.tfrecord-00005-of-00150,276,validation,B,SUPPORT,MERGE_CONTEXT_ELIGIBLE,MEDIUM,1,SAFETY_CRITICAL_UNCERTAIN,LOW,LOW,HIGH,accept,,False
